2026-08-31 14:35:56,327 [INFO] social_media_automation: CALISMA MODU: LIVE
usage: trm_worker.py [-h] {run,once,start,stop,status,install-task}
trm_worker.py: error: the following arguments are required: command
2026-08-31 14:36:47,157 [INFO] social_media_automation: CALISMA MODU: LIVE
usage: trm_worker.py [-h] {run,once,start,stop,status,install-task}
trm_worker.py: error: the following arguments are required: command
2026-08-31 14:38:49,613 [INFO] social_media_automation: CALISMA MODU: LIVE
2026-08-31 14:38:50,819 [INFO] TRMWorker: TRM worker baslatildi | loop=60s | factory_interval=6:00:00
2026-08-31 14:38:50,821 [WARNING] social_media_automation: ⚠️ Twitter API anahtarlari eksik → mock mod
2026-08-31 14:38:50,944 [WARNING] social_media_automation: ⚠️ Twitter API anahtarlari eksik → mock mod
[CoreNexus] CamouflageAgent başarıyla sisteme bağlandı ve denetim altına alındı.
[CoreNexus] AccountManagerAgent başarıyla sisteme bağlandı ve denetim altına alındı.
[CoreNexus] MarketIntelAgent_01 başarıyla sisteme bağlandı ve denetim altına alındı.
[CoreNexus] MarketIntelAgent_02 başarıyla sisteme bağlandı ve denetim altına alındı.
[CoreNexus] MarketIntelAgent_03 başarıyla sisteme bağlandı ve denetim altına alındı.
[CoreNexus] MarketIntelAgent_04 başarıyla sisteme bağlandı ve denetim altına alındı.
[CoreNexus] MarketIntelAgent_05 başarıyla sisteme bağlandı ve denetim altına alındı.
[CoreNexus] MarketIntelAgent_06 başarıyla sisteme bağlandı ve denetim altına alındı.
[CoreNexus] MarketIntelAgent_07 başarıyla sisteme bağlandı ve denetim altına alındı.
[CoreNexus] MarketIntelAgent_08 başarıyla sisteme bağlandı ve denetim altına alındı.
[CoreNexus] MarketIntelAgent_09 başarıyla sisteme bağlandı ve denetim altına alındı.
[CoreNexus] MarketIntelAgent_10 başarıyla sisteme bağlandı ve denetim altına alındı.
[CoreNexus] BridgeAgent_01 başarıyla sisteme bağlandı ve denetim altına alındı.
[CoreNexus] BridgeAgent_02 başarıyla sisteme bağlandı ve denetim altına alındı.
[CoreNexus] BridgeAgent_03 başarıyla sisteme bağlandı ve denetim altına alındı.
[CoreNexus] BridgeAgent_04 başarıyla sisteme bağlandı ve denetim altına alındı.
[CoreNexus] BridgeAgent_05 başarıyla sisteme bağlandı ve denetim altına alındı.
[CoreNexus] BridgeAgent_06 başarıyla sisteme bağlandı ve denetim altına alındı.
[CoreNexus] BridgeAgent_07 başarıyla sisteme bağlandı ve denetim altına alındı.
[CoreNexus] BridgeAgent_08 başarıyla sisteme bağlandı ve denetim altına alındı.
[CoreNexus] BridgeAgent_09 başarıyla sisteme bağlandı ve denetim altına alındı.
[CoreNexus] BridgeAgent_10 başarıyla sisteme bağlandı ve denetim altına alındı.
[CoreNexus] BridgeAgent_11 başarıyla sisteme bağlandı ve denetim altına alındı.
[CoreNexus] BridgeAgent_12 başarıyla sisteme bağlandı ve denetim altına alındı.
[CoreNexus] BridgeAgent_13 başarıyla sisteme bağlandı ve denetim altına alındı.
[CoreNexus] BridgeAgent_14 başarıyla sisteme bağlandı ve denetim altına alındı.
[CoreNexus] BridgeAgent_15 başarıyla sisteme bağlandı ve denetim altına alındı.
[CoreNexus] Content_Generator_Agent başarıyla sisteme bağlandı ve denetim altına alındı.
[CoreNexus] QueueAgent başarıyla sisteme bağlandı ve denetim altına alındı.
[CoreNexus] PosterAgent başarıyla sisteme bağlandı ve denetim altına alındı.
[CoreNexus] SentinelAgent_01 başarıyla sisteme bağlandı ve denetim altına alındı.
[CoreNexus] SentinelAgent_02 başarıyla sisteme bağlandı ve denetim altına alındı.
[CoreNexus] SentinelAgent_03 başarıyla sisteme bağlandı ve denetim altına alındı.
[CoreNexus] SentinelAgent_04 başarıyla sisteme bağlandı ve denetim altına alındı.
[CoreNexus] SentinelAgent_05 başarıyla sisteme bağlandı ve denetim altına alındı.
[CoreNexus] SentinelAgent_06 başarıyla sisteme bağlandı ve denetim altına alındı.
[CoreNexus] SentinelAgent_07 başarıyla sisteme bağlandı ve denetim altına alındı.
[CoreNexus] SentinelAgent_08 başarıyla sisteme bağlandı ve denetim altına alındı.
[CoreNexus] SentinelAgent_09 başarıyla sisteme bağlandı ve denetim altına alındı.
[CoreNexus] SentinelAgent_10 başarıyla sisteme bağlandı ve denetim altına alındı.
[CoreNexus] HealthCheckAgent başarıyla sisteme bağlandı ve denetim altına alındı.
[Camouflage] Teknik Maskeleme Aktif: IP ve Cihaz İzleri Temizleniyor...
[AnalystAgent] Trend raporu kaydedildi: C:\Users\Habitat\Desktop\SOSYAL _İMECE\trend_raporlari.json
[CoreNexus] CamouflageAgent senkronize ediliyor...
[CoreNexus] AccountManagerAgent senkronize ediliyor...
[CoreNexus] MarketIntelAgent_01 senkronize ediliyor...
[CoreNexus] MarketIntelAgent_02 senkronize ediliyor...
[CoreNexus] MarketIntelAgent_03 senkronize ediliyor...
[CoreNexus] MarketIntelAgent_04 senkronize ediliyor...
[CoreNexus] MarketIntelAgent_05 senkronize ediliyor...
[CoreNexus] MarketIntelAgent_06 senkronize ediliyor...
[CoreNexus] MarketIntelAgent_07 senkronize ediliyor...
[CoreNexus] MarketIntelAgent_08 senkronize ediliyor...
[CoreNexus] MarketIntelAgent_09 senkronize ediliyor...
[CoreNexus] MarketIntelAgent_10 senkronize ediliyor...
[CoreNexus] BridgeAgent_01 senkronize ediliyor...
[CoreNexus] BridgeAgent_02 senkronize ediliyor...
[CoreNexus] BridgeAgent_03 senkronize ediliyor...
[CoreNexus] BridgeAgent_04 senkronize ediliyor...
[CoreNexus] BridgeAgent_05 senkronize ediliyor...
[CoreNexus] BridgeAgent_06 senkronize ediliyor...
[CoreNexus] BridgeAgent_07 senkronize ediliyor...
[CoreNexus] BridgeAgent_08 senkronize ediliyor...
[CoreNexus] BridgeAgent_09 senkronize ediliyor...
[CoreNexus] BridgeAgent_10 senkronize ediliyor...
[CoreNexus] BridgeAgent_11 senkronize ediliyor...
[CoreNexus] BridgeAgent_12 senkronize ediliyor...
[CoreNexus] BridgeAgent_13 senkronize ediliyor...
[CoreNexus] BridgeAgent_14 senkronize ediliyor...
[CoreNexus] BridgeAgent_15 senkronize ediliyor...
[CoreNexus] Content_Generator_Agent senkronize ediliyor...
[CoreNexus] QueueAgent senkronize ediliyor...
[CoreNexus] PosterAgent senkronize ediliyor...
2026-08-31 14:38:51,231 [INFO] social_media_automation: 🔒 Maskelenmiş parmak izi: {'platform': 'Linux x86_64', 'screen_resolution': '2560x1440', 'accept_language': 'tr-TR,tr;q=0.9,en-US;q=0.8', 'webgl_vendor': 'Google Inc. (NVIDIA)', 'canvas_hash': '0x2472485'}
2026-08-31 14:38:57,709 [INFO] social_media_automation: ⏱️ Chaos jitter bekleme süresi: 6.47s
2026-08-31 14:38:58,413 [WARNING] social_media_automation: ⚠️ Deneme 1/3 basarisiz: 400 Client Error: Bad Request for url: https://graph.instagram.com/v19.0//media?image_url=&caption=Kozmetik+Cilt+Bakim+Seti+i%C3%A7in+alarm+verildi.%0AFiyat%3A+499.50+TL%0AKomisyon%3A+%2535.0+%7C+Tahmini+kazan%C3%A7%3A+174.82+TL%0ABu+%C3%BCr%C3%BCn+%C5%9Fu+an+payla%C5%9F%C4%B1lmazsa+f%C4%B1rsat+ka%C3%A7abilir.+Hemen+linke+y%C3%B6nlendir.%0A%0A%23trendurun+%23yuksekkomisyon+%23satisfirsati+%23hemenincele+%23eticaret%0A%0Ahttps%3A%2F%2Fwww.trendyol.com%2Fkozmetik%2Fcilt-bakim%2Fcilt-bakim-seti&access_token=. 2.2s bekleniyor...
2026-08-31 14:39:01,010 [WARNING] social_media_automation: ⚠️ Deneme 2/3 basarisiz: 400 Client Error: Bad Request for url: https://graph.instagram.com/v19.0//media?image_url=&caption=Kozmetik+Cilt+Bakim+Seti+i%C3%A7in+alarm+verildi.%0AFiyat%3A+499.50+TL%0AKomisyon%3A+%2535.0+%7C+Tahmini+kazan%C3%A7%3A+174.82+TL%0ABu+%C3%BCr%C3%BCn+%C5%9Fu+an+payla%C5%9F%C4%B1lmazsa+f%C4%B1rsat+ka%C3%A7abilir.+Hemen+linke+y%C3%B6nlendir.%0A%0A%23trendurun+%23yuksekkomisyon+%23satisfirsati+%23hemenincele+%23eticaret%0A%0Ahttps%3A%2F%2Fwww.trendyol.com%2Fkozmetik%2Fcilt-bakim%2Fcilt-bakim-seti&access_token=. 4.8s bekleniyor...
2026-08-31 14:39:06,151 [ERROR] social_media_automation: ❌ Instagram hata: 400 Client Error: Bad Request for url: https://graph.instagram.com/v19.0//media?image_url=&caption=Kozmetik+Cilt+Bakim+Seti+i%C3%A7in+alarm+verildi.%0AFiyat%3A+499.50+TL%0AKomisyon%3A+%2535.0+%7C+Tahmini+kazan%C3%A7%3A+174.82+TL%0ABu+%C3%BCr%C3%BCn+%C5%9Fu+an+payla%C5%9F%C4%B1lmazsa+f%C4%B1rsat+ka%C3%A7abilir.+Hemen+linke+y%C3%B6nlendir.%0A%0A%23trendurun+%23yuksekkomisyon+%23satisfirsati+%23hemenincele+%23eticaret%0A%0Ahttps%3A%2F%2Fwww.trendyol.com%2Fkozmetik%2Fcilt-bakim%2Fcilt-bakim-seti&access_token=
2026-08-31 14:39:06,151 [INFO] social_media_automation: 🔒 Maskelenmiş parmak izi: {'platform': 'Linux x86_64', 'screen_resolution': '2560x1440', 'accept_language': 'tr-TR,tr;q=0.9,en-US;q=0.8', 'webgl_vendor': 'Google Inc. (NVIDIA)', 'canvas_hash': '0x2472485'}
2026-08-31 14:39:10,893 [INFO] social_media_automation: ⏱️ Chaos jitter bekleme süresi: 4.74s
2026-08-31 14:39:10,893 [ERROR] social_media_automation: CALISMA MODU: LIVE | Facebook token eksik — guvenli dur
[CoreNexus] SentinelAgent_01 senkronize ediliyor...
[CoreNexus] SentinelAgent_02 senkronize ediliyor...
[CoreNexus] SentinelAgent_03 senkronize ediliyor...
[CoreNexus] SentinelAgent_04 senkronize ediliyor...
[CoreNexus] SentinelAgent_05 senkronize ediliyor...
[CoreNexus] SentinelAgent_06 senkronize ediliyor...
[CoreNexus] SentinelAgent_07 senkronize ediliyor...
[CoreNexus] SentinelAgent_08 senkronize ediliyor...
[CoreNexus] SentinelAgent_09 senkronize ediliyor...
[CoreNexus] SentinelAgent_10 senkronize ediliyor...
[CoreNexus] HealthCheckAgent senkronize ediliyor...
2026-08-31 14:39:13,468 [INFO] TRMWorker: Nabiz atisi kaydedildi: {'worker_state': 'alive', 'cycle_started_at': '2026-08-31 14:38:50', 'last_cycle_at': '2026-08-31 14:39:13', 'last_mode': 'full_cycle', 'queue_summary': {'queued': 3, 'posted': 0, 'pending_retry': 0}, 'active_agents': ['CamouflageAgent', 'AccountManagerAgent', 'MarketIntelAgent_01', 'MarketIntelAgent_02', 'MarketIntelAgent_03', 'MarketIntelAgent_04', 'MarketIntelAgent_05', 'MarketIntelAgent_06', 'MarketIntelAgent_07', 'MarketIntelAgent_08', 'MarketIntelAgent_09', 'MarketIntelAgent_10', 'BridgeAgent_01', 'BridgeAgent_02', 'BridgeAgent_03', 'BridgeAgent_04', 'BridgeAgent_05', 'BridgeAgent_06', 'BridgeAgent_07', 'BridgeAgent_08', 'BridgeAgent_09', 'BridgeAgent_10', 'BridgeAgent_11', 'BridgeAgent_12', 'BridgeAgent_13', 'BridgeAgent_14', 'BridgeAgent_15', 'Content_Generator_Agent', 'QueueAgent', 'PosterAgent', 'SentinelAgent_01', 'SentinelAgent_02', 'SentinelAgent_03', 'SentinelAgent_04', 'SentinelAgent_05', 'SentinelAgent_06', 'SentinelAgent_07', 'SentinelAgent_08', 'SentinelAgent_09', 'SentinelAgent_10', 'HealthCheckAgent'], 'security_status': {'zero_trust_enabled': True, 'stealth_mode_enabled': True, 'registered_agents': ['CamouflageAgent', 'AccountManagerAgent', 'MarketIntelAgent_01', 'MarketIntelAgent_02', 'MarketIntelAgent_03', 'MarketIntelAgent_04', 'MarketIntelAgent_05', 'MarketIntelAgent_06', 'MarketIntelAgent_07', 'MarketIntelAgent_08', 'MarketIntelAgent_09', 'MarketIntelAgent_10', 'BridgeAgent_01', 'BridgeAgent_02', 'BridgeAgent_03', 'BridgeAgent_04', 'BridgeAgent_05', 'BridgeAgent_06', 'BridgeAgent_07', 'BridgeAgent_08', 'BridgeAgent_09', 'BridgeAgent_10', 'BridgeAgent_11', 'BridgeAgent_12', 'BridgeAgent_13', 'BridgeAgent_14', 'BridgeAgent_15', 'Content_Generator_Agent', 'QueueAgent', 'PosterAgent', 'SentinelAgent_01', 'SentinelAgent_02', 'SentinelAgent_03', 'SentinelAgent_04', 'SentinelAgent_05', 'SentinelAgent_06', 'SentinelAgent_07', 'SentinelAgent_08', 'SentinelAgent_09', 'SentinelAgent_10', 'HealthCheckAgent'], 'encrypted_snapshots': 7, 'protection_backend': 'windows-dpapi', 'domain': 'trm-operations.net', 'connected_agents': 41}, 'agent_capacity_snapshot': {'baseline_agents': 165, 'market_intel_agents': 10, 'bridge_agents': 15, 'sentinel_agents': 10, 'expansion_total': 35, 'total_capacity': 200}, 'heartbeat_capacity_total': 200, 'performance_metrics': {'heartbeat_speed_per_sec': 0.68, 'earnings_efficiency': 58.27, 'autonomous_success_rate': 0.0, 'active_agent_count': 41}}
2026-08-31 14:39:13,468 [INFO] TRMWorker: Dongu tamamlandi | mod=full_cycle | kuyruk={'queued': 3, 'posted': 0, 'pending_retry': 0}
2026-08-31 14:39:51,484 [WARNING] social_media_automation: ⚠️ Twitter API anahtarlari eksik → mock mod
2026-08-31 14:39:51,485 [WARNING] social_media_automation: ⚠️ Twitter API anahtarlari eksik → mock mod
[CoreNexus] MarketIntelAgent_01 başarıyla sisteme bağlandı ve denetim altına alındı.
[CoreNexus] MarketIntelAgent_02 başarıyla sisteme bağlandı ve denetim altına alındı.
[CoreNexus] MarketIntelAgent_03 başarıyla sisteme bağlandı ve denetim altına alındı.
[CoreNexus] MarketIntelAgent_04 başarıyla sisteme bağlandı ve denetim altına alındı.
[CoreNexus] MarketIntelAgent_05 başarıyla sisteme bağlandı ve denetim altına alındı.
[CoreNexus] MarketIntelAgent_06 başarıyla sisteme bağlandı ve denetim altına alındı.
[CoreNexus] MarketIntelAgent_07 başarıyla sisteme bağlandı ve denetim altına alındı.
[CoreNexus] MarketIntelAgent_08 başarıyla sisteme bağlandı ve denetim altına alındı.
[CoreNexus] MarketIntelAgent_09 başarıyla sisteme bağlandı ve denetim altına alındı.
[CoreNexus] MarketIntelAgent_10 başarıyla sisteme bağlandı ve denetim altına alındı.
[CoreNexus] BridgeAgent_01 başarıyla sisteme bağlandı ve denetim altına alındı.
[CoreNexus] BridgeAgent_02 başarıyla sisteme bağlandı ve denetim altına alındı.
[CoreNexus] BridgeAgent_03 başarıyla sisteme bağlandı ve denetim altına alındı.
[CoreNexus] BridgeAgent_04 başarıyla sisteme bağlandı ve denetim altına alındı.
[CoreNexus] BridgeAgent_05 başarıyla sisteme bağlandı ve denetim altına alındı.
[CoreNexus] BridgeAgent_06 başarıyla sisteme bağlandı ve denetim altına alındı.
[CoreNexus] BridgeAgent_07 başarıyla sisteme bağlandı ve denetim altına alındı.
[CoreNexus] BridgeAgent_08 başarıyla sisteme bağlandı ve denetim altına alındı.
[CoreNexus] BridgeAgent_09 başarıyla sisteme bağlandı ve denetim altına alındı.
[CoreNexus] BridgeAgent_10 başarıyla sisteme bağlandı ve denetim altına alındı.
[CoreNexus] BridgeAgent_11 başarıyla sisteme bağlandı ve denetim altına alındı.
[CoreNexus] BridgeAgent_12 başarıyla sisteme bağlandı ve denetim altına alındı.
[CoreNexus] BridgeAgent_13 başarıyla sisteme bağlandı ve denetim altına alındı.
[CoreNexus] BridgeAgent_14 başarıyla sisteme bağlandı ve denetim altına alındı.
[CoreNexus] BridgeAgent_15 başarıyla sisteme bağlandı ve denetim altına alındı.
[CoreNexus] SentinelAgent_01 başarıyla sisteme bağlandı ve denetim altına alındı.
[CoreNexus] SentinelAgent_02 başarıyla sisteme bağlandı ve denetim altına alındı.
[CoreNexus] SentinelAgent_03 başarıyla sisteme bağlandı ve denetim altına alındı.
[CoreNexus] SentinelAgent_04 başarıyla sisteme bağlandı ve denetim altına alındı.
[CoreNexus] SentinelAgent_05 başarıyla sisteme bağlandı ve denetim altına alındı.
[CoreNexus] SentinelAgent_06 başarıyla sisteme bağlandı ve denetim altına alındı.
[CoreNexus] SentinelAgent_07 başarıyla sisteme bağlandı ve denetim altına alındı.
[CoreNexus] SentinelAgent_08 başarıyla sisteme bağlandı ve denetim altına alındı.
[CoreNexus] SentinelAgent_09 başarıyla sisteme bağlandı ve denetim altına alındı.
[CoreNexus] SentinelAgent_10 başarıyla sisteme bağlandı ve denetim altına alındı.
[CoreNexus] PosterAgent başarıyla sisteme bağlandı ve denetim altına alındı.
[CoreNexus] HealthCheckAgent başarıyla sisteme bağlandı ve denetim altına alındı.
[CoreNexus] MarketIntelAgent_01 senkronize ediliyor...
[CoreNexus] MarketIntelAgent_02 senkronize ediliyor...
[CoreNexus] MarketIntelAgent_03 senkronize ediliyor...
[CoreNexus] MarketIntelAgent_04 senkronize ediliyor...
[CoreNexus] MarketIntelAgent_05 senkronize ediliyor...
[CoreNexus] MarketIntelAgent_06 senkronize ediliyor...
[CoreNexus] MarketIntelAgent_07 senkronize ediliyor...
[CoreNexus] MarketIntelAgent_08 senkronize ediliyor...
[CoreNexus] MarketIntelAgent_09 senkronize ediliyor...
[CoreNexus] MarketIntelAgent_10 senkronize ediliyor...
[CoreNexus] BridgeAgent_01 senkronize ediliyor...
[CoreNexus] BridgeAgent_02 senkronize ediliyor...
[CoreNexus] BridgeAgent_03 senkronize ediliyor...
[CoreNexus] BridgeAgent_04 senkronize ediliyor...
[CoreNexus] BridgeAgent_05 senkronize ediliyor...
[CoreNexus] BridgeAgent_06 senkronize ediliyor...
[CoreNexus] BridgeAgent_07 senkronize ediliyor...
[CoreNexus] BridgeAgent_08 senkronize ediliyor...
[CoreNexus] BridgeAgent_09 senkronize ediliyor...
[CoreNexus] BridgeAgent_10 senkronize ediliyor...
[CoreNexus] BridgeAgent_11 senkronize ediliyor...
[CoreNexus] BridgeAgent_12 senkronize ediliyor...
[CoreNexus] BridgeAgent_13 senkronize ediliyor...
[CoreNexus] BridgeAgent_14 senkronize ediliyor...
[CoreNexus] BridgeAgent_15 senkronize ediliyor...
[CoreNexus] SentinelAgent_01 senkronize ediliyor...
[CoreNexus] SentinelAgent_02 senkronize ediliyor...
[CoreNexus] SentinelAgent_03 senkronize ediliyor...
[CoreNexus] SentinelAgent_04 senkronize ediliyor...
[CoreNexus] SentinelAgent_05 senkronize ediliyor...
[CoreNexus] SentinelAgent_06 senkronize ediliyor...
[CoreNexus] SentinelAgent_07 senkronize ediliyor...
[CoreNexus] SentinelAgent_08 senkronize ediliyor...
[CoreNexus] SentinelAgent_09 senkronize ediliyor...
[CoreNexus] SentinelAgent_10 senkronize ediliyor...
[CoreNexus] PosterAgent senkronize ediliyor...
2026-08-31 14:39:51,508 [INFO] social_media_automation: 🔒 Maskelenmiş parmak izi: {'platform': 'Linux x86_64', 'screen_resolution': '2560x1440', 'accept_language': 'tr-TR,tr;q=0.9,en-US;q=0.8', 'webgl_vendor': 'Google Inc. (NVIDIA)', 'canvas_hash': '0x2472485'}
2026-08-31 14:39:59,418 [INFO] social_media_automation: ⏱️ Chaos jitter bekleme süresi: 7.91s
2026-08-31 14:39:59,993 [WARNING] social_media_automation: ⚠️ Deneme 1/3 basarisiz: 400 Client Error: Bad Request for url: https://graph.instagram.com/v19.0//media?image_url=&caption=Kozmetik+Cilt+Bakim+Seti+i%C3%A7in+alarm+verildi.%0AFiyat%3A+499.50+TL%0AKomisyon%3A+%2535.0+%7C+Tahmini+kazan%C3%A7%3A+174.82+TL%0ABu+%C3%BCr%C3%BCn+%C5%9Fu+an+payla%C5%9F%C4%B1lmazsa+f%C4%B1rsat+ka%C3%A7abilir.+Hemen+linke+y%C3%B6nlendir.%0A%0A%23trendurun+%23yuksekkomisyon+%23satisfirsati+%23hemenincele+%23eticaret%0A%0Ahttps%3A%2F%2Fwww.trendyol.com%2Fkozmetik%2Fcilt-bakim%2Fcilt-bakim-seti&access_token=. 2.0s bekleniyor...
2026-08-31 14:40:02,489 [WARNING] social_media_automation: ⚠️ Deneme 2/3 basarisiz: 400 Client Error: Bad Request for url: https://graph.instagram.com/v19.0//media?image_url=&caption=Kozmetik+Cilt+Bakim+Seti+i%C3%A7in+alarm+verildi.%0AFiyat%3A+499.50+TL%0AKomisyon%3A+%2535.0+%7C+Tahmini+kazan%C3%A7%3A+174.82+TL%0ABu+%C3%BCr%C3%BCn+%C5%9Fu+an+payla%C5%9F%C4%B1lmazsa+f%C4%B1rsat+ka%C3%A7abilir.+Hemen+linke+y%C3%B6nlendir.%0A%0A%23trendurun+%23yuksekkomisyon+%23satisfirsati+%23hemenincele+%23eticaret%0A%0Ahttps%3A%2F%2Fwww.trendyol.com%2Fkozmetik%2Fcilt-bakim%2Fcilt-bakim-seti&access_token=. 4.8s bekleniyor...
2026-08-31 14:40:07,693 [ERROR] social_media_automation: ❌ Instagram hata: 400 Client Error: Bad Request for url: https://graph.instagram.com/v19.0//media?image_url=&caption=Kozmetik+Cilt+Bakim+Seti+i%C3%A7in+alarm+verildi.%0AFiyat%3A+499.50+TL%0AKomisyon%3A+%2535.0+%7C+Tahmini+kazan%C3%A7%3A+174.82+TL%0ABu+%C3%BCr%C3%BCn+%C5%9Fu+an+payla%C5%9F%C4%B1lmazsa+f%C4%B1rsat+ka%C3%A7abilir.+Hemen+linke+y%C3%B6nlendir.%0A%0A%23trendurun+%23yuksekkomisyon+%23satisfirsati+%23hemenincele+%23eticaret%0A%0Ahttps%3A%2F%2Fwww.trendyol.com%2Fkozmetik%2Fcilt-bakim%2Fcilt-bakim-seti&access_token=
2026-08-31 14:40:07,693 [INFO] social_media_automation: 🔒 Maskelenmiş parmak izi: {'platform': 'Linux x86_64', 'screen_resolution': '2560x1440', 'accept_language': 'tr-TR,tr;q=0.9,en-US;q=0.8', 'webgl_vendor': 'Google Inc. (NVIDIA)', 'canvas_hash': '0x2472485'}
2026-08-31 14:40:12,893 [INFO] social_media_automation: ⏱️ Chaos jitter bekleme süresi: 5.19s
2026-08-31 14:40:12,893 [ERROR] social_media_automation: CALISMA MODU: LIVE | Facebook token eksik — guvenli dur
[CoreNexus] HealthCheckAgent senkronize ediliyor...
2026-08-31 14:40:13,071 [INFO] TRMWorker: Nabiz atisi kaydedildi: {'worker_state': 'alive', 'cycle_started_at': '2026-08-31 14:39:51', 'last_cycle_at': '2026-08-31 14:40:13', 'last_mode': 'heartbeat_cycle', 'queue_summary': {'queued': 2, 'posted': 0, 'pending_retry': 1}, 'active_agents': ['MarketIntelAgent_01', 'MarketIntelAgent_02', 'MarketIntelAgent_03', 'MarketIntelAgent_04', 'MarketIntelAgent_05', 'MarketIntelAgent_06', 'MarketIntelAgent_07', 'MarketIntelAgent_08', 'MarketIntelAgent_09', 'MarketIntelAgent_10', 'BridgeAgent_01', 'BridgeAgent_02', 'BridgeAgent_03', 'BridgeAgent_04', 'BridgeAgent_05', 'BridgeAgent_06', 'BridgeAgent_07', 'BridgeAgent_08', 'BridgeAgent_09', 'BridgeAgent_10', 'BridgeAgent_11', 'BridgeAgent_12', 'BridgeAgent_13', 'BridgeAgent_14', 'BridgeAgent_15', 'SentinelAgent_01', 'SentinelAgent_02', 'SentinelAgent_03', 'SentinelAgent_04', 'SentinelAgent_05', 'SentinelAgent_06', 'SentinelAgent_07', 'SentinelAgent_08', 'SentinelAgent_09', 'SentinelAgent_10', 'PosterAgent', 'HealthCheckAgent'], 'security_status': {'zero_trust_enabled': True, 'stealth_mode_enabled': True, 'registered_agents': ['MarketIntelAgent_01', 'MarketIntelAgent_02', 'MarketIntelAgent_03', 'MarketIntelAgent_04', 'MarketIntelAgent_05', 'MarketIntelAgent_06', 'MarketIntelAgent_07', 'MarketIntelAgent_08', 'MarketIntelAgent_09', 'MarketIntelAgent_10', 'BridgeAgent_01', 'BridgeAgent_02', 'BridgeAgent_03', 'BridgeAgent_04', 'BridgeAgent_05', 'BridgeAgent_06', 'BridgeAgent_07', 'BridgeAgent_08', 'BridgeAgent_09', 'BridgeAgent_10', 'BridgeAgent_11', 'BridgeAgent_12', 'BridgeAgent_13', 'BridgeAgent_14', 'BridgeAgent_15', 'SentinelAgent_01', 'SentinelAgent_02', 'SentinelAgent_03', 'SentinelAgent_04', 'SentinelAgent_05', 'SentinelAgent_06', 'SentinelAgent_07', 'SentinelAgent_08', 'SentinelAgent_09', 'SentinelAgent_10', 'PosterAgent', 'HealthCheckAgent'], 'encrypted_snapshots': 3, 'protection_backend': 'windows-dpapi', 'domain': 'trm-operations.net', 'connected_agents': 37}, 'agent_capacity_snapshot': {'baseline_agents': 165, 'market_intel_agents': 10, 'bridge_agents': 15, 'sentinel_agents': 10, 'expansion_total': 35, 'total_capacity': 200}, 'heartbeat_capacity_total': 200, 'performance_metrics': {'heartbeat_speed_per_sec': 0.62, 'earnings_efficiency': 0.0, 'autonomous_success_rate': 0.0, 'active_agent_count': 37}}
2026-08-31 14:40:13,071 [INFO] TRMWorker: Dongu tamamlandi | mod=heartbeat_cycle | kuyruk={'queued': 2, 'posted': 0, 'pending_retry': 1}
2026-08-31 14:40:52,088 [WARNING] social_media_automation: ⚠️ Twitter API anahtarlari eksik → mock mod
2026-08-31 14:40:52,088 [WARNING] social_media_automation: ⚠️ Twitter API anahtarlari eksik → mock mod
[CoreNexus] MarketIntelAgent_01 başarıyla sisteme bağlandı ve denetim altına alındı.
[CoreNexus] MarketIntelAgent_02 başarıyla sisteme bağlandı ve denetim altına alındı.
[CoreNexus] MarketIntelAgent_03 başarıyla sisteme bağlandı ve denetim altına alındı.
[CoreNexus] MarketIntelAgent_04 başarıyla sisteme bağlandı ve denetim altına alındı.
[CoreNexus] MarketIntelAgent_05 başarıyla sisteme bağlandı ve denetim altına alındı.
[CoreNexus] MarketIntelAgent_06 başarıyla sisteme bağlandı ve denetim altına alındı.
[CoreNexus] MarketIntelAgent_07 başarıyla sisteme bağlandı ve denetim altına alındı.
[CoreNexus] MarketIntelAgent_08 başarıyla sisteme bağlandı ve denetim altına alındı.
[CoreNexus] MarketIntelAgent_09 başarıyla sisteme bağlandı ve denetim altına alındı.
[CoreNexus] MarketIntelAgent_10 başarıyla sisteme bağlandı ve denetim altına alındı.
[CoreNexus] BridgeAgent_01 başarıyla sisteme bağlandı ve denetim altına alındı.
[CoreNexus] BridgeAgent_02 başarıyla sisteme bağlandı ve denetim altına alındı.
[CoreNexus] BridgeAgent_03 başarıyla sisteme bağlandı ve denetim altına alındı.
[CoreNexus] BridgeAgent_04 başarıyla sisteme bağlandı ve denetim altına alındı.
[CoreNexus] BridgeAgent_05 başarıyla sisteme bağlandı ve denetim altına alındı.
[CoreNexus] BridgeAgent_06 başarıyla sisteme bağlandı ve denetim altına alındı.
[CoreNexus] BridgeAgent_07 başarıyla sisteme bağlandı ve denetim altına alındı.
[CoreNexus] BridgeAgent_08 başarıyla sisteme bağlandı ve denetim altına alındı.
[CoreNexus] BridgeAgent_09 başarıyla sisteme bağlandı ve denetim altına alındı.
[CoreNexus] BridgeAgent_10 başarıyla sisteme bağlandı ve denetim altına alındı.
[CoreNexus] BridgeAgent_11 başarıyla sisteme bağlandı ve denetim altına alındı.
[CoreNexus] BridgeAgent_12 başarıyla sisteme bağlandı ve denetim altına alındı.
[CoreNexus] BridgeAgent_13 başarıyla sisteme bağlandı ve denetim altına alındı.
[CoreNexus] BridgeAgent_14 başarıyla sisteme bağlandı ve denetim altına alındı.
[CoreNexus] BridgeAgent_15 başarıyla sisteme bağlandı ve denetim altına alındı.
[CoreNexus] SentinelAgent_01 başarıyla sisteme bağlandı ve denetim altına alındı.
[CoreNexus] SentinelAgent_02 başarıyla sisteme bağlandı ve denetim altına alındı.
[CoreNexus] SentinelAgent_03 başarıyla sisteme bağlandı ve denetim altına alındı.
[CoreNexus] SentinelAgent_04 başarıyla sisteme bağlandı ve denetim altına alındı.
[CoreNexus] SentinelAgent_05 başarıyla sisteme bağlandı ve denetim altına alındı.
[CoreNexus] SentinelAgent_06 başarıyla sisteme bağlandı ve denetim altına alındı.
[CoreNexus] SentinelAgent_07 başarıyla sisteme bağlandı ve denetim altına alındı.
[CoreNexus] SentinelAgent_08 başarıyla sisteme bağlandı ve denetim altına alındı.
[CoreNexus] SentinelAgent_09 başarıyla sisteme bağlandı ve denetim altına alındı.
[CoreNexus] SentinelAgent_10 başarıyla sisteme bağlandı ve denetim altına alındı.
[CoreNexus] PosterAgent başarıyla sisteme bağlandı ve denetim altına alındı.
[CoreNexus] HealthCheckAgent başarıyla sisteme bağlandı ve denetim altına alındı.
[CoreNexus] MarketIntelAgent_01 senkronize ediliyor...
[CoreNexus] MarketIntelAgent_02 senkronize ediliyor...
[CoreNexus] MarketIntelAgent_03 senkronize ediliyor...
[CoreNexus] MarketIntelAgent_04 senkronize ediliyor...
[CoreNexus] MarketIntelAgent_05 senkronize ediliyor...
[CoreNexus] MarketIntelAgent_06 senkronize ediliyor...
[CoreNexus] MarketIntelAgent_07 senkronize ediliyor...
[CoreNexus] MarketIntelAgent_08 senkronize ediliyor...
[CoreNexus] MarketIntelAgent_09 senkronize ediliyor...
[CoreNexus] MarketIntelAgent_10 senkronize ediliyor...
[CoreNexus] BridgeAgent_01 senkronize ediliyor...
[CoreNexus] BridgeAgent_02 senkronize ediliyor...
[CoreNexus] BridgeAgent_03 senkronize ediliyor...
[CoreNexus] BridgeAgent_04 senkronize ediliyor...
[CoreNexus] BridgeAgent_05 senkronize ediliyor...
[CoreNexus] BridgeAgent_06 senkronize ediliyor...
[CoreNexus] BridgeAgent_07 senkronize ediliyor...
[CoreNexus] BridgeAgent_08 senkronize ediliyor...
[CoreNexus] BridgeAgent_09 senkronize ediliyor...
[CoreNexus] BridgeAgent_10 senkronize ediliyor...
[CoreNexus] BridgeAgent_11 senkronize ediliyor...
[CoreNexus] BridgeAgent_12 senkronize ediliyor...
[CoreNexus] BridgeAgent_13 senkronize ediliyor...
[CoreNexus] BridgeAgent_14 senkronize ediliyor...
[CoreNexus] BridgeAgent_15 senkronize ediliyor...
[CoreNexus] SentinelAgent_01 senkronize ediliyor...
[CoreNexus] SentinelAgent_02 senkronize ediliyor...
[CoreNexus] SentinelAgent_03 senkronize ediliyor...
[CoreNexus] SentinelAgent_04 senkronize ediliyor...
[CoreNexus] SentinelAgent_05 senkronize ediliyor...
[CoreNexus] SentinelAgent_06 senkronize ediliyor...
[CoreNexus] SentinelAgent_07 senkronize ediliyor...
[CoreNexus] SentinelAgent_08 senkronize ediliyor...
[CoreNexus] SentinelAgent_09 senkronize ediliyor...
[CoreNexus] SentinelAgent_10 senkronize ediliyor...
[CoreNexus] PosterAgent senkronize ediliyor...
2026-08-31 14:40:52,102 [INFO] social_media_automation: 🔒 Maskelenmiş parmak izi: {'platform': 'Linux x86_64', 'screen_resolution': '2560x1440', 'accept_language': 'tr-TR,tr;q=0.9,en-US;q=0.8', 'webgl_vendor': 'Google Inc. (NVIDIA)', 'canvas_hash': '0x2472485'}
2026-08-31 14:40:59,293 [INFO] social_media_automation: ⏱️ Chaos jitter bekleme süresi: 7.19s
2026-08-31 14:40:59,666 [WARNING] social_media_automation: ⚠️ Deneme 1/3 basarisiz: 400 Client Error: Bad Request for url: https://graph.instagram.com/v19.0//media?image_url=&caption=Kozmetik+Cilt+Bakim+Seti+i%C3%A7in+alarm+verildi.%0AFiyat%3A+499.50+TL%0AKomisyon%3A+%2535.0+%7C+Tahmini+kazan%C3%A7%3A+174.82+TL%0ABu+%C3%BCr%C3%BCn+%C5%9Fu+an+payla%C5%9F%C4%B1lmazsa+f%C4%B1rsat+ka%C3%A7abilir.+Hemen+linke+y%C3%B6nlendir.%0A%0A%23trendurun+%23yuksekkomisyon+%23satisfirsati+%23hemenincele+%23eticaret%0A%0Ahttps%3A%2F%2Fwww.trendyol.com%2Fkozmetik%2Fcilt-bakim%2Fcilt-bakim-seti&access_token=. 2.8s bekleniyor...
2026-08-31 14:41:02,891 [WARNING] social_media_automation: ⚠️ Deneme 2/3 basarisiz: 400 Client Error: Bad Request for url: https://graph.instagram.com/v19.0//media?image_url=&caption=Kozmetik+Cilt+Bakim+Seti+i%C3%A7in+alarm+verildi.%0AFiyat%3A+499.50+TL%0AKomisyon%3A+%2535.0+%7C+Tahmini+kazan%C3%A7%3A+174.82+TL%0ABu+%C3%BCr%C3%BCn+%C5%9Fu+an+payla%C5%9F%C4%B1lmazsa+f%C4%B1rsat+ka%C3%A7abilir.+Hemen+linke+y%C3%B6nlendir.%0A%0A%23trendurun+%23yuksekkomisyon+%23satisfirsati+%23hemenincele+%23eticaret%0A%0Ahttps%3A%2F%2Fwww.trendyol.com%2Fkozmetik%2Fcilt-bakim%2Fcilt-bakim-seti&access_token=. 4.7s bekleniyor...
2026-08-31 14:41:08,021 [ERROR] social_media_automation: ❌ Instagram hata: 400 Client Error: Bad Request for url: https://graph.instagram.com/v19.0//media?image_url=&caption=Kozmetik+Cilt+Bakim+Seti+i%C3%A7in+alarm+verildi.%0AFiyat%3A+499.50+TL%0AKomisyon%3A+%2535.0+%7C+Tahmini+kazan%C3%A7%3A+174.82+TL%0ABu+%C3%BCr%C3%BCn+%C5%9Fu+an+payla%C5%9F%C4%B1lmazsa+f%C4%B1rsat+ka%C3%A7abilir.+Hemen+linke+y%C3%B6nlendir.%0A%0A%23trendurun+%23yuksekkomisyon+%23satisfirsati+%23hemenincele+%23eticaret%0A%0Ahttps%3A%2F%2Fwww.trendyol.com%2Fkozmetik%2Fcilt-bakim%2Fcilt-bakim-seti&access_token=
2026-08-31 14:41:08,021 [INFO] social_media_automation: 🔒 Maskelenmiş parmak izi: {'platform': 'Linux x86_64', 'screen_resolution': '2560x1440', 'accept_language': 'tr-TR,tr;q=0.9,en-US;q=0.8', 'webgl_vendor': 'Google Inc. (NVIDIA)', 'canvas_hash': '0x2472485'}
2026-08-31 14:41:13,560 [INFO] social_media_automation: ⏱️ Chaos jitter bekleme süresi: 5.54s
2026-08-31 14:41:13,560 [ERROR] social_media_automation: CALISMA MODU: LIVE | Facebook token eksik — guvenli dur
[CoreNexus] HealthCheckAgent senkronize ediliyor...
2026-08-31 14:41:13,681 [INFO] TRMWorker: Nabiz atisi kaydedildi: {'worker_state': 'alive', 'cycle_started_at': '2026-08-31 14:40:52', 'last_cycle_at': '2026-08-31 14:41:13', 'last_mode': 'heartbeat_cycle', 'queue_summary': {'queued': 2, 'posted': 0, 'pending_retry': 1}, 'active_agents': ['MarketIntelAgent_01', 'MarketIntelAgent_02', 'MarketIntelAgent_03', 'MarketIntelAgent_04', 'MarketIntelAgent_05', 'MarketIntelAgent_06', 'MarketIntelAgent_07', 'MarketIntelAgent_08', 'MarketIntelAgent_09', 'MarketIntelAgent_10', 'BridgeAgent_01', 'BridgeAgent_02', 'BridgeAgent_03', 'BridgeAgent_04', 'BridgeAgent_05', 'BridgeAgent_06', 'BridgeAgent_07', 'BridgeAgent_08', 'BridgeAgent_09', 'BridgeAgent_10', 'BridgeAgent_11', 'BridgeAgent_12', 'BridgeAgent_13', 'BridgeAgent_14', 'BridgeAgent_15', 'SentinelAgent_01', 'SentinelAgent_02', 'SentinelAgent_03', 'SentinelAgent_04', 'SentinelAgent_05', 'SentinelAgent_06', 'SentinelAgent_07', 'SentinelAgent_08', 'SentinelAgent_09', 'SentinelAgent_10', 'PosterAgent', 'HealthCheckAgent'], 'security_status': {'zero_trust_enabled': True, 'stealth_mode_enabled': True, 'registered_agents': ['MarketIntelAgent_01', 'MarketIntelAgent_02', 'MarketIntelAgent_03', 'MarketIntelAgent_04', 'MarketIntelAgent_05', 'MarketIntelAgent_06', 'MarketIntelAgent_07', 'MarketIntelAgent_08', 'MarketIntelAgent_09', 'MarketIntelAgent_10', 'BridgeAgent_01', 'BridgeAgent_02', 'BridgeAgent_03', 'BridgeAgent_04', 'BridgeAgent_05', 'BridgeAgent_06', 'BridgeAgent_07', 'BridgeAgent_08', 'BridgeAgent_09', 'BridgeAgent_10', 'BridgeAgent_11', 'BridgeAgent_12', 'BridgeAgent_13', 'BridgeAgent_14', 'BridgeAgent_15', 'SentinelAgent_01', 'SentinelAgent_02', 'SentinelAgent_03', 'SentinelAgent_04', 'SentinelAgent_05', 'SentinelAgent_06', 'SentinelAgent_07', 'SentinelAgent_08', 'SentinelAgent_09', 'SentinelAgent_10', 'PosterAgent', 'HealthCheckAgent'], 'encrypted_snapshots': 3, 'protection_backend': 'windows-dpapi', 'domain': 'trm-operations.net', 'connected_agents': 37}, 'agent_capacity_snapshot': {'baseline_agents': 165, 'market_intel_agents': 10, 'bridge_agents': 15, 'sentinel_agents': 10, 'expansion_total': 35, 'total_capacity': 200}, 'heartbeat_capacity_total': 200, 'performance_metrics': {'heartbeat_speed_per_sec': 0.62, 'earnings_efficiency': 0.0, 'autonomous_success_rate': 0.0, 'active_agent_count': 37}}
2026-08-31 14:41:13,681 [INFO] TRMWorker: Dongu tamamlandi | mod=heartbeat_cycle | kuyruk={'queued': 2, 'posted': 0, 'pending_retry': 1}
2026-08-31 14:41:52,702 [WARNING] social_media_automation: ⚠️ Twitter API anahtarlari eksik → mock mod
2026-08-31 14:41:52,702 [WARNING] social_media_automation: ⚠️ Twitter API anahtarlari eksik → mock mod
[CoreNexus] MarketIntelAgent_01 başarıyla sisteme bağlandı ve denetim altına alındı.
[CoreNexus] MarketIntelAgent_02 başarıyla sisteme bağlandı ve denetim altına alındı.
[CoreNexus] MarketIntelAgent_03 başarıyla sisteme bağlandı ve denetim altına alındı.
[CoreNexus] MarketIntelAgent_04 başarıyla sisteme bağlandı ve denetim altına alındı.
[CoreNexus] MarketIntelAgent_05 başarıyla sisteme bağlandı ve denetim altına alındı.
[CoreNexus] MarketIntelAgent_06 başarıyla sisteme bağlandı ve denetim altına alındı.
[CoreNexus] MarketIntelAgent_07 başarıyla sisteme bağlandı ve denetim altına alındı.
[CoreNexus] MarketIntelAgent_08 başarıyla sisteme bağlandı ve denetim altına alındı.
[CoreNexus] MarketIntelAgent_09 başarıyla sisteme bağlandı ve denetim altına alındı.
[CoreNexus] MarketIntelAgent_10 başarıyla sisteme bağlandı ve denetim altına alındı.
[CoreNexus] BridgeAgent_01 başarıyla sisteme bağlandı ve denetim altına alındı.
[CoreNexus] BridgeAgent_02 başarıyla sisteme bağlandı ve denetim altına alındı.
[CoreNexus] BridgeAgent_03 başarıyla sisteme bağlandı ve denetim altına alındı.
[CoreNexus] BridgeAgent_04 başarıyla sisteme bağlandı ve denetim altına alındı.
[CoreNexus] BridgeAgent_05 başarıyla sisteme bağlandı ve denetim altına alındı.
[CoreNexus] BridgeAgent_06 başarıyla sisteme bağlandı ve denetim altına alındı.
[CoreNexus] BridgeAgent_07 başarıyla sisteme bağlandı ve denetim altına alındı.
[CoreNexus] BridgeAgent_08 başarıyla sisteme bağlandı ve denetim altına alındı.
[CoreNexus] BridgeAgent_09 başarıyla sisteme bağlandı ve denetim altına alındı.
[CoreNexus] BridgeAgent_10 başarıyla sisteme bağlandı ve denetim altına alındı.
[CoreNexus] BridgeAgent_11 başarıyla sisteme bağlandı ve denetim altına alındı.
[CoreNexus] BridgeAgent_12 başarıyla sisteme bağlandı ve denetim altına alındı.
[CoreNexus] BridgeAgent_13 başarıyla sisteme bağlandı ve denetim altına alındı.
[CoreNexus] BridgeAgent_14 başarıyla sisteme bağlandı ve denetim altına alındı.
[CoreNexus] BridgeAgent_15 başarıyla sisteme bağlandı ve denetim altına alındı.
[CoreNexus] SentinelAgent_01 başarıyla sisteme bağlandı ve denetim altına alındı.
[CoreNexus] SentinelAgent_02 başarıyla sisteme bağlandı ve denetim altına alındı.
[CoreNexus] SentinelAgent_03 başarıyla sisteme bağlandı ve denetim altına alındı.
[CoreNexus] SentinelAgent_04 başarıyla sisteme bağlandı ve denetim altına alındı.
[CoreNexus] SentinelAgent_05 başarıyla sisteme bağlandı ve denetim altına alındı.
[CoreNexus] SentinelAgent_06 başarıyla sisteme bağlandı ve denetim altına alındı.
[CoreNexus] SentinelAgent_07 başarıyla sisteme bağlandı ve denetim altına alındı.
[CoreNexus] SentinelAgent_08 başarıyla sisteme bağlandı ve denetim altına alındı.
[CoreNexus] SentinelAgent_09 başarıyla sisteme bağlandı ve denetim altına alındı.
[CoreNexus] SentinelAgent_10 başarıyla sisteme bağlandı ve denetim altına alındı.
[CoreNexus] PosterAgent başarıyla sisteme bağlandı ve denetim altına alındı.
[CoreNexus] HealthCheckAgent başarıyla sisteme bağlandı ve denetim altına alındı.
[CoreNexus] MarketIntelAgent_01 senkronize ediliyor...
[CoreNexus] MarketIntelAgent_02 senkronize ediliyor...
[CoreNexus] MarketIntelAgent_03 senkronize ediliyor...
[CoreNexus] MarketIntelAgent_04 senkronize ediliyor...
[CoreNexus] MarketIntelAgent_05 senkronize ediliyor...
[CoreNexus] MarketIntelAgent_06 senkronize ediliyor...
[CoreNexus] MarketIntelAgent_07 senkronize ediliyor...
[CoreNexus] MarketIntelAgent_08 senkronize ediliyor...
[CoreNexus] MarketIntelAgent_09 senkronize ediliyor...
[CoreNexus] MarketIntelAgent_10 senkronize ediliyor...
[CoreNexus] BridgeAgent_01 senkronize ediliyor...
[CoreNexus] BridgeAgent_02 senkronize ediliyor...
[CoreNexus] BridgeAgent_03 senkronize ediliyor...
[CoreNexus] BridgeAgent_04 senkronize ediliyor...
[CoreNexus] BridgeAgent_05 senkronize ediliyor...
[CoreNexus] BridgeAgent_06 senkronize ediliyor...
[CoreNexus] BridgeAgent_07 senkronize ediliyor...
[CoreNexus] BridgeAgent_08 senkronize ediliyor...
[CoreNexus] BridgeAgent_09 senkronize ediliyor...
[CoreNexus] BridgeAgent_10 senkronize ediliyor...
[CoreNexus] BridgeAgent_11 senkronize ediliyor...
[CoreNexus] BridgeAgent_12 senkronize ediliyor...
[CoreNexus] BridgeAgent_13 senkronize ediliyor...
[CoreNexus] BridgeAgent_14 senkronize ediliyor...
[CoreNexus] BridgeAgent_15 senkronize ediliyor...
[CoreNexus] SentinelAgent_01 senkronize ediliyor...
[CoreNexus] SentinelAgent_02 senkronize ediliyor...
[CoreNexus] SentinelAgent_03 senkronize ediliyor...
[CoreNexus] SentinelAgent_04 senkronize ediliyor...
[CoreNexus] SentinelAgent_05 senkronize ediliyor...
[CoreNexus] SentinelAgent_06 senkronize ediliyor...
[CoreNexus] SentinelAgent_07 senkronize ediliyor...
[CoreNexus] SentinelAgent_08 senkronize ediliyor...
[CoreNexus] SentinelAgent_09 senkronize ediliyor...
[CoreNexus] SentinelAgent_10 senkronize ediliyor...
[CoreNexus] PosterAgent senkronize ediliyor...
[CoreNexus] HealthCheckAgent senkronize ediliyor...
2026-08-31 14:41:52,897 [INFO] TRMWorker: Nabiz atisi kaydedildi: {'worker_state': 'alive', 'cycle_started_at': '2026-08-31 14:41:52', 'last_cycle_at': '2026-08-31 14:41:52', 'last_mode': 'heartbeat_cycle', 'queue_summary': {'queued': 2, 'posted': 0, 'pending_retry': 1}, 'active_agents': ['MarketIntelAgent_01', 'MarketIntelAgent_02', 'MarketIntelAgent_03', 'MarketIntelAgent_04', 'MarketIntelAgent_05', 'MarketIntelAgent_06', 'MarketIntelAgent_07', 'MarketIntelAgent_08', 'MarketIntelAgent_09', 'MarketIntelAgent_10', 'BridgeAgent_01', 'BridgeAgent_02', 'BridgeAgent_03', 'BridgeAgent_04', 'BridgeAgent_05', 'BridgeAgent_06', 'BridgeAgent_07', 'BridgeAgent_08', 'BridgeAgent_09', 'BridgeAgent_10', 'BridgeAgent_11', 'BridgeAgent_12', 'BridgeAgent_13', 'BridgeAgent_14', 'BridgeAgent_15', 'SentinelAgent_01', 'SentinelAgent_02', 'SentinelAgent_03', 'SentinelAgent_04', 'SentinelAgent_05', 'SentinelAgent_06', 'SentinelAgent_07', 'SentinelAgent_08', 'SentinelAgent_09', 'SentinelAgent_10', 'PosterAgent', 'HealthCheckAgent'], 'security_status': {'zero_trust_enabled': True, 'stealth_mode_enabled': True, 'registered_agents': ['MarketIntelAgent_01', 'MarketIntelAgent_02', 'MarketIntelAgent_03', 'MarketIntelAgent_04', 'MarketIntelAgent_05', 'MarketIntelAgent_06', 'MarketIntelAgent_07', 'MarketIntelAgent_08', 'MarketIntelAgent_09', 'MarketIntelAgent_10', 'BridgeAgent_01', 'BridgeAgent_02', 'BridgeAgent_03', 'BridgeAgent_04', 'BridgeAgent_05', 'BridgeAgent_06', 'BridgeAgent_07', 'BridgeAgent_08', 'BridgeAgent_09', 'BridgeAgent_10', 'BridgeAgent_11', 'BridgeAgent_12', 'BridgeAgent_13', 'BridgeAgent_14', 'BridgeAgent_15', 'SentinelAgent_01', 'SentinelAgent_02', 'SentinelAgent_03', 'SentinelAgent_04', 'SentinelAgent_05', 'SentinelAgent_06', 'SentinelAgent_07', 'SentinelAgent_08', 'SentinelAgent_09', 'SentinelAgent_10', 'PosterAgent', 'HealthCheckAgent'], 'encrypted_snapshots': 1, 'protection_backend': 'windows-dpapi', 'domain': 'trm-operations.net', 'connected_agents': 37}, 'agent_capacity_snapshot': {'baseline_agents': 165, 'market_intel_agents': 10, 'bridge_agents': 15, 'sentinel_agents': 10, 'expansion_total': 35, 'total_capacity': 200}, 'heartbeat_capacity_total': 200, 'performance_metrics': {'heartbeat_speed_per_sec': 0.62, 'earnings_efficiency': 0.0, 'autonomous_success_rate': 0.0, 'active_agent_count': 37}}
2026-08-31 14:41:52,897 [INFO] TRMWorker: Dongu tamamlandi | mod=heartbeat_cycle | kuyruk={'queued': 2, 'posted': 0, 'pending_retry': 1}
dgeAgent_02', 'BridgeAgent_03', 'BridgeAgent_04', 'BridgeAgent_05', 'BridgeAgent_06', 'BridgeAgent_07', 'BridgeAgent_08', 'BridgeAgent_09', 'BridgeAgent_10', 'BridgeAgent_11', 'BridgeAgent_12', 'BridgeAgent_13', 'BridgeAgent_14', 'BridgeAgent_15', 'SentinelAgent_01', 'SentinelAgent_02', 'SentinelAgent_03', 'SentinelAgent_04', 'SentinelAgent_05', 'SentinelAgent_06', 'SentinelAgent_07', 'SentinelAgent_08', 'SentinelAgent_09', 'SentinelAgent_10', 'PosterAgent', 'HealthCheckAgent'], 'encrypted_snapshots': 1, 'protection_backend': 'windows-dpapi', 'domain': 'trm-operations.net', 'connected_agents': 37}, 'agent_capacity_snapshot': {'baseline_agents': 165, 'market_intel_agents': 10, 'bridge_agents': 15, 'sentinel_agents': 10, 'expansion_total': 35, 'total_capacity': 200}, 'heartbeat_capacity_total': 200, 'performance_metrics': {'heartbeat_speed_per_sec': 0.62, 'earnings_efficiency': 0.0, 'autonomous_success_rate': 0.0, 'active_agent_count': 37}}
2026-08-31 14:41:43,520 [INFO] TRMWorker: Dongu tamamlandi | mod=heartbeat_cycle | kuyruk={'queued': 2, 'posted': 0, 'pending_retry': 1}
eAgent_02', 'BridgeAgent_03', 'BridgeAgent_04', 'BridgeAgent_05', 'BridgeAgent_06', 'BridgeAgent_07', 'BridgeAgent_08', 'BridgeAgent_09', 'BridgeAgent_10', 'BridgeAgent_11', 'BridgeAgent_12', 'BridgeAgent_13', 'BridgeAgent_14', 'BridgeAgent_15', 'SentinelAgent_01', 'SentinelAgent_02', 'SentinelAgent_03', 'SentinelAgent_04', 'SentinelAgent_05', 'SentinelAgent_06', 'SentinelAgent_07', 'SentinelAgent_08', 'SentinelAgent_09', 'SentinelAgent_10', 'PosterAgent', 'HealthCheckAgent'], 'encrypted_snapshots': 1, 'protection_backend': 'windows-dpapi', 'domain': 'trm-operations.net', 'connected_agents': 37}, 'agent_capacity_snapshot': {'baseline_agents': 165, 'market_intel_agents': 10, 'bridge_agents': 15, 'sentinel_agents': 10, 'expansion_total': 35, 'total_capacity': 200}, 'heartbeat_capacity_total': 200, 'performance_metrics': {'heartbeat_speed_per_sec': 0.62, 'earnings_efficiency': 0.0, 'autonomous_success_rate': 0.0, 'active_agent_count': 37}}
2026-08-31 14:41:33,727 [INFO] TRMWorker: Dongu tamamlandi | mod=heartbeat_cycle | kuyruk={'queued': 2, 'posted': 0, 'pending_retry': 1}
2026-08-31 14:44:44,527 [INFO] social_media_automation: CALISMA MODU: LIVE
2026-08-31 14:44:45,623 [INFO] TRMWorker: TRM worker baslatildi | loop=60s | factory_interval=6:00:00
2026-08-31 14:44:45,623 [WARNING] social_media_automation: ⚠️ Twitter API anahtarlari eksik → mock mod
2026-08-31 14:44:45,627 [WARNING] social_media_automation: ⚠️ Twitter API anahtarlari eksik → mock mod
[CoreNexus] CamouflageAgent başarıyla sisteme bağlandı ve denetim altına alındı.
[CoreNexus] AccountManagerAgent başarıyla sisteme bağlandı ve denetim altına alındı.
[CoreNexus] MarketIntelAgent_01 başarıyla sisteme bağlandı ve denetim altına alındı.
[CoreNexus] MarketIntelAgent_02 başarıyla sisteme bağlandı ve denetim altına alındı.
[CoreNexus] MarketIntelAgent_03 başarıyla sisteme bağlandı ve denetim altına alındı.
[CoreNexus] MarketIntelAgent_04 başarıyla sisteme bağlandı ve denetim altına alındı.
[CoreNexus] MarketIntelAgent_05 başarıyla sisteme bağlandı ve denetim altına alındı.
[CoreNexus] MarketIntelAgent_06 başarıyla sisteme bağlandı ve denetim altına alındı.
[CoreNexus] MarketIntelAgent_07 başarıyla sisteme bağlandı ve denetim altına alındı.
[CoreNexus] MarketIntelAgent_08 başarıyla sisteme bağlandı ve denetim altına alındı.
[CoreNexus] MarketIntelAgent_09 başarıyla sisteme bağlandı ve denetim altına alındı.
[CoreNexus] MarketIntelAgent_10 başarıyla sisteme bağlandı ve denetim altına alındı.
[CoreNexus] BridgeAgent_01 başarıyla sisteme bağlandı ve denetim altına alındı.
[CoreNexus] BridgeAgent_02 başarıyla sisteme bağlandı ve denetim altına alındı.
[CoreNexus] BridgeAgent_03 başarıyla sisteme bağlandı ve denetim altına alındı.
[CoreNexus] BridgeAgent_04 başarıyla sisteme bağlandı ve denetim altına alındı.
[CoreNexus] BridgeAgent_05 başarıyla sisteme bağlandı ve denetim altına alındı.
[CoreNexus] BridgeAgent_06 başarıyla sisteme bağlandı ve denetim altına alındı.
[CoreNexus] BridgeAgent_07 başarıyla sisteme bağlandı ve denetim altına alındı.
[CoreNexus] BridgeAgent_08 başarıyla sisteme bağlandı ve denetim altına alındı.
[CoreNexus] BridgeAgent_09 başarıyla sisteme bağlandı ve denetim altına alındı.
[CoreNexus] BridgeAgent_10 başarıyla sisteme bağlandı ve denetim altına alındı.
[CoreNexus] BridgeAgent_11 başarıyla sisteme bağlandı ve denetim altına alındı.
[CoreNexus] BridgeAgent_12 başarıyla sisteme bağlandı ve denetim altına alındı.
[CoreNexus] BridgeAgent_13 başarıyla sisteme bağlandı ve denetim altına alındı.
[CoreNexus] BridgeAgent_14 başarıyla sisteme bağlandı ve denetim altına alındı.
[CoreNexus] BridgeAgent_15 başarıyla sisteme bağlandı ve denetim altına alındı.
[CoreNexus] Content_Generator_Agent başarıyla sisteme bağlandı ve denetim altına alındı.
[CoreNexus] QueueAgent başarıyla sisteme bağlandı ve denetim altına alındı.
[CoreNexus] PosterAgent başarıyla sisteme bağlandı ve denetim altına alındı.
[CoreNexus] SentinelAgent_01 başarıyla sisteme bağlandı ve denetim altına alındı.
[CoreNexus] SentinelAgent_02 başarıyla sisteme bağlandı ve denetim altına alındı.
[CoreNexus] SentinelAgent_03 başarıyla sisteme bağlandı ve denetim altına alındı.
[CoreNexus] SentinelAgent_04 başarıyla sisteme bağlandı ve denetim altına alındı.
[CoreNexus] SentinelAgent_05 başarıyla sisteme bağlandı ve denetim altına alındı.
[CoreNexus] SentinelAgent_06 başarıyla sisteme bağlandı ve denetim altına alındı.
[CoreNexus] SentinelAgent_07 başarıyla sisteme bağlandı ve denetim altına alındı.
[CoreNexus] SentinelAgent_08 başarıyla sisteme bağlandı ve denetim altına alındı.
[CoreNexus] SentinelAgent_09 başarıyla sisteme bağlandı ve denetim altına alındı.
[CoreNexus] SentinelAgent_10 başarıyla sisteme bağlandı ve denetim altına alındı.
[CoreNexus] HealthCheckAgent başarıyla sisteme bağlandı ve denetim altına alındı.
[Camouflage] Teknik Maskeleme Aktif: IP ve Cihaz İzleri Temizleniyor...
[AnalystAgent] Trend raporu kaydedildi: C:\Users\Habitat\Desktop\SOSYAL _İMECE\trend_raporlari.json
[CoreNexus] CamouflageAgent senkronize ediliyor...
[CoreNexus] AccountManagerAgent senkronize ediliyor...
[CoreNexus] MarketIntelAgent_01 senkronize ediliyor...
[CoreNexus] MarketIntelAgent_02 senkronize ediliyor...
[CoreNexus] MarketIntelAgent_03 senkronize ediliyor...
[CoreNexus] MarketIntelAgent_04 senkronize ediliyor...
[CoreNexus] MarketIntelAgent_05 senkronize ediliyor...
[CoreNexus] MarketIntelAgent_06 senkronize ediliyor...
[CoreNexus] MarketIntelAgent_07 senkronize ediliyor...
[CoreNexus] MarketIntelAgent_08 senkronize ediliyor...
[CoreNexus] MarketIntelAgent_09 senkronize ediliyor...
[CoreNexus] MarketIntelAgent_10 senkronize ediliyor...
[CoreNexus] BridgeAgent_01 senkronize ediliyor...
[CoreNexus] BridgeAgent_02 senkronize ediliyor...
[CoreNexus] BridgeAgent_03 senkronize ediliyor...
[CoreNexus] BridgeAgent_04 senkronize ediliyor...
[CoreNexus] BridgeAgent_05 senkronize ediliyor...
[CoreNexus] BridgeAgent_06 senkronize ediliyor...
[CoreNexus] BridgeAgent_07 senkronize ediliyor...
[CoreNexus] BridgeAgent_08 senkronize ediliyor...
[CoreNexus] BridgeAgent_09 senkronize ediliyor...
[CoreNexus] BridgeAgent_10 senkronize ediliyor...
[CoreNexus] BridgeAgent_11 senkronize ediliyor...
[CoreNexus] BridgeAgent_12 senkronize ediliyor...
[CoreNexus] BridgeAgent_13 senkronize ediliyor...
[CoreNexus] BridgeAgent_14 senkronize ediliyor...
[CoreNexus] BridgeAgent_15 senkronize ediliyor...
[CoreNexus] Content_Generator_Agent senkronize ediliyor...
[CoreNexus] QueueAgent senkronize ediliyor...
[CoreNexus] PosterAgent senkronize ediliyor...
2026-08-31 14:44:45,741 [INFO] social_media_automation: 🔒 Maskelenmiş parmak izi: {'platform': 'Linux x86_64', 'screen_resolution': '2560x1440', 'accept_language': 'tr-TR,tr;q=0.9,en-US;q=0.8', 'webgl_vendor': 'Google Inc. (NVIDIA)', 'canvas_hash': '0x2472485'}
2026-08-31 14:44:51,527 [INFO] social_media_automation: ⏱️ Chaos jitter bekleme süresi: 5.79s
2026-08-31 14:44:52,012 [WARNING] social_media_automation: ⚠️ Deneme 1/3 basarisiz: 400 Client Error: Bad Request for url: https://graph.instagram.com/v19.0//media?image_url=&caption=Kozmetik+Cilt+Bakim+Seti+i%C3%A7in+alarm+verildi.%0AFiyat%3A+499.50+TL%0AKomisyon%3A+%2535.0+%7C+Tahmini+kazan%C3%A7%3A+174.82+TL%0ABu+%C3%BCr%C3%BCn+%C5%9Fu+an+payla%C5%9F%C4%B1lmazsa+f%C4%B1rsat+ka%C3%A7abilir.+Hemen+linke+y%C3%B6nlendir.%0A%0A%23trendurun+%23yuksekkomisyon+%23satisfirsati+%23hemenincele+%23eticaret%0A%0Ahttps%3A%2F%2Fwww.trendyol.com%2Fkozmetik%2Fcilt-bakim%2Fcilt-bakim-seti&access_token=. 2.8s bekleniyor...
2026-08-31 14:44:55,102 [WARNING] social_media_automation: ⚠️ Deneme 2/3 basarisiz: 400 Client Error: Bad Request for url: https://graph.instagram.com/v19.0//media?image_url=&caption=Kozmetik+Cilt+Bakim+Seti+i%C3%A7in+alarm+verildi.%0AFiyat%3A+499.50+TL%0AKomisyon%3A+%2535.0+%7C+Tahmini+kazan%C3%A7%3A+174.82+TL%0ABu+%C3%BCr%C3%BCn+%C5%9Fu+an+payla%C5%9F%C4%B1lmazsa+f%C4%B1rsat+ka%C3%A7abilir.+Hemen+linke+y%C3%B6nlendir.%0A%0A%23trendurun+%23yuksekkomisyon+%23satisfirsati+%23hemenincele+%23eticaret%0A%0Ahttps%3A%2F%2Fwww.trendyol.com%2Fkozmetik%2Fcilt-bakim%2Fcilt-bakim-seti&access_token=. 4.3s bekleniyor...
2026-08-31 14:44:59,831 [ERROR] social_media_automation: ❌ Instagram hata: 400 Client Error: Bad Request for url: https://graph.instagram.com/v19.0//media?image_url=&caption=Kozmetik+Cilt+Bakim+Seti+i%C3%A7in+alarm+verildi.%0AFiyat%3A+499.50+TL%0AKomisyon%3A+%2535.0+%7C+Tahmini+kazan%C3%A7%3A+174.82+TL%0ABu+%C3%BCr%C3%BCn+%C5%9Fu+an+payla%C5%9F%C4%B1lmazsa+f%C4%B1rsat+ka%C3%A7abilir.+Hemen+linke+y%C3%B6nlendir.%0A%0A%23trendurun+%23yuksekkomisyon+%23satisfirsati+%23hemenincele+%23eticaret%0A%0Ahttps%3A%2F%2Fwww.trendyol.com%2Fkozmetik%2Fcilt-bakim%2Fcilt-bakim-seti&access_token=
2026-08-31 14:44:59,831 [INFO] social_media_automation: 🔒 Maskelenmiş parmak izi: {'platform': 'Linux x86_64', 'screen_resolution': '2560x1440', 'accept_language': 'tr-TR,tr;q=0.9,en-US;q=0.8', 'webgl_vendor': 'Google Inc. (NVIDIA)', 'canvas_hash': '0x2472485'}
2026-08-31 14:45:06,663 [INFO] social_media_automation: ⏱️ Chaos jitter bekleme süresi: 6.83s
2026-08-31 14:45:06,663 [ERROR] social_media_automation: CALISMA MODU: LIVE | Facebook token eksik — guvenli dur
[CoreNexus] SentinelAgent_01 senkronize ediliyor...
[CoreNexus] SentinelAgent_02 senkronize ediliyor...
[CoreNexus] SentinelAgent_03 senkronize ediliyor...
[CoreNexus] SentinelAgent_04 senkronize ediliyor...
[CoreNexus] SentinelAgent_05 senkronize ediliyor...
[CoreNexus] SentinelAgent_06 senkronize ediliyor...
[CoreNexus] SentinelAgent_07 senkronize ediliyor...
[CoreNexus] SentinelAgent_08 senkronize ediliyor...
[CoreNexus] SentinelAgent_09 senkronize ediliyor...
[CoreNexus] SentinelAgent_10 senkronize ediliyor...
[CoreNexus] HealthCheckAgent senkronize ediliyor...
2026-08-31 14:45:06,798 [INFO] TRMWorker: Nabiz atisi kaydedildi: {'worker_state': 'alive', 'cycle_started_at': '2026-08-31 14:44:45', 'last_cycle_at': '2026-08-31 14:45:06', 'last_mode': 'full_cycle', 'queue_summary': {'queued': 3, 'posted': 0, 'pending_retry': 0}, 'active_agents': ['CamouflageAgent', 'AccountManagerAgent', 'MarketIntelAgent_01', 'MarketIntelAgent_02', 'MarketIntelAgent_03', 'MarketIntelAgent_04', 'MarketIntelAgent_05', 'MarketIntelAgent_06', 'MarketIntelAgent_07', 'MarketIntelAgent_08', 'MarketIntelAgent_09', 'MarketIntelAgent_10', 'BridgeAgent_01', 'BridgeAgent_02', 'BridgeAgent_03', 'BridgeAgent_04', 'BridgeAgent_05', 'BridgeAgent_06', 'BridgeAgent_07', 'BridgeAgent_08', 'BridgeAgent_09', 'BridgeAgent_10', 'BridgeAgent_11', 'BridgeAgent_12', 'BridgeAgent_13', 'BridgeAgent_14', 'BridgeAgent_15', 'Content_Generator_Agent', 'QueueAgent', 'PosterAgent', 'SentinelAgent_01', 'SentinelAgent_02', 'SentinelAgent_03', 'SentinelAgent_04', 'SentinelAgent_05', 'SentinelAgent_06', 'SentinelAgent_07', 'SentinelAgent_08', 'SentinelAgent_09', 'SentinelAgent_10', 'HealthCheckAgent'], 'security_status': {'zero_trust_enabled': True, 'stealth_mode_enabled': True, 'registered_agents': ['CamouflageAgent', 'AccountManagerAgent', 'MarketIntelAgent_01', 'MarketIntelAgent_02', 'MarketIntelAgent_03', 'MarketIntelAgent_04', 'MarketIntelAgent_05', 'MarketIntelAgent_06', 'MarketIntelAgent_07', 'MarketIntelAgent_08', 'MarketIntelAgent_09', 'MarketIntelAgent_10', 'BridgeAgent_01', 'BridgeAgent_02', 'BridgeAgent_03', 'BridgeAgent_04', 'BridgeAgent_05', 'BridgeAgent_06', 'BridgeAgent_07', 'BridgeAgent_08', 'BridgeAgent_09', 'BridgeAgent_10', 'BridgeAgent_11', 'BridgeAgent_12', 'BridgeAgent_13', 'BridgeAgent_14', 'BridgeAgent_15', 'Content_Generator_Agent', 'QueueAgent', 'PosterAgent', 'SentinelAgent_01', 'SentinelAgent_02', 'SentinelAgent_03', 'SentinelAgent_04', 'SentinelAgent_05', 'SentinelAgent_06', 'SentinelAgent_07', 'SentinelAgent_08', 'SentinelAgent_09', 'SentinelAgent_10', 'HealthCheckAgent'], 'encrypted_snapshots': 7, 'protection_backend': 'windows-dpapi', 'domain': 'trm-operations.net', 'connected_agents': 41}, 'agent_capacity_snapshot': {'baseline_agents': 165, 'market_intel_agents': 10, 'bridge_agents': 15, 'sentinel_agents': 10, 'expansion_total': 35, 'total_capacity': 200}, 'heartbeat_capacity_total': 200, 'performance_metrics': {'heartbeat_speed_per_sec': 0.68, 'earnings_efficiency': 58.27, 'autonomous_success_rate': 0.0, 'active_agent_count': 41}}
2026-08-31 14:45:06,798 [INFO] TRMWorker: Dongu tamamlandi | mod=full_cycle | kuyruk={'queued': 3, 'posted': 0, 'pending_retry': 0}
2026-08-31 14:45:45,816 [WARNING] social_media_automation: ⚠️ Twitter API anahtarlari eksik → mock mod
2026-08-31 14:45:45,816 [WARNING] social_media_automation: ⚠️ Twitter API anahtarlari eksik → mock mod
[CoreNexus] MarketIntelAgent_01 başarıyla sisteme bağlandı ve denetim altına alındı.
[CoreNexus] MarketIntelAgent_02 başarıyla sisteme bağlandı ve denetim altına alındı.
[CoreNexus] MarketIntelAgent_03 başarıyla sisteme bağlandı ve denetim altına alındı.
[CoreNexus] MarketIntelAgent_04 başarıyla sisteme bağlandı ve denetim altına alındı.
[CoreNexus] MarketIntelAgent_05 başarıyla sisteme bağlandı ve denetim altına alındı.
[CoreNexus] MarketIntelAgent_06 başarıyla sisteme bağlandı ve denetim altına alındı.
[CoreNexus] MarketIntelAgent_07 başarıyla sisteme bağlandı ve denetim altına alındı.
[CoreNexus] MarketIntelAgent_08 başarıyla sisteme bağlandı ve denetim altına alındı.
[CoreNexus] MarketIntelAgent_09 başarıyla sisteme bağlandı ve denetim altına alındı.
[CoreNexus] MarketIntelAgent_10 başarıyla sisteme bağlandı ve denetim altına alındı.
[CoreNexus] BridgeAgent_01 başarıyla sisteme bağlandı ve denetim altına alındı.
[CoreNexus] BridgeAgent_02 başarıyla sisteme bağlandı ve denetim altına alındı.
[CoreNexus] BridgeAgent_03 başarıyla sisteme bağlandı ve denetim altına alındı.
[CoreNexus] BridgeAgent_04 başarıyla sisteme bağlandı ve denetim altına alındı.
[CoreNexus] BridgeAgent_05 başarıyla sisteme bağlandı ve denetim altına alındı.
[CoreNexus] BridgeAgent_06 başarıyla sisteme bağlandı ve denetim altına alındı.
[CoreNexus] BridgeAgent_07 başarıyla sisteme bağlandı ve denetim altına alındı.
[CoreNexus] BridgeAgent_08 başarıyla sisteme bağlandı ve denetim altına alındı.
[CoreNexus] BridgeAgent_09 başarıyla sisteme bağlandı ve denetim altına alındı.
[CoreNexus] BridgeAgent_10 başarıyla sisteme bağlandı ve denetim altına alındı.
[CoreNexus] BridgeAgent_11 başarıyla sisteme bağlandı ve denetim altına alındı.
[CoreNexus] BridgeAgent_12 başarıyla sisteme bağlandı ve denetim altına alındı.
[CoreNexus] BridgeAgent_13 başarıyla sisteme bağlandı ve denetim altına alındı.
[CoreNexus] BridgeAgent_14 başarıyla sisteme bağlandı ve denetim altına alındı.
[CoreNexus] BridgeAgent_15 başarıyla sisteme bağlandı ve denetim altına alındı.
[CoreNexus] SentinelAgent_01 başarıyla sisteme bağlandı ve denetim altına alındı.
[CoreNexus] SentinelAgent_02 başarıyla sisteme bağlandı ve denetim altına alındı.
[CoreNexus] SentinelAgent_03 başarıyla sisteme bağlandı ve denetim altına alındı.
[CoreNexus] SentinelAgent_04 başarıyla sisteme bağlandı ve denetim altına alındı.
[CoreNexus] SentinelAgent_05 başarıyla sisteme bağlandı ve denetim altına alındı.
[CoreNexus] SentinelAgent_06 başarıyla sisteme bağlandı ve denetim altına alındı.
[CoreNexus] SentinelAgent_07 başarıyla sisteme bağlandı ve denetim altına alındı.
[CoreNexus] SentinelAgent_08 başarıyla sisteme bağlandı ve denetim altına alındı.
[CoreNexus] SentinelAgent_09 başarıyla sisteme bağlandı ve denetim altına alındı.
[CoreNexus] SentinelAgent_10 başarıyla sisteme bağlandı ve denetim altına alındı.
[CoreNexus] PosterAgent başarıyla sisteme bağlandı ve denetim altına alındı.
[CoreNexus] HealthCheckAgent başarıyla sisteme bağlandı ve denetim altına alındı.
[CoreNexus] MarketIntelAgent_01 senkronize ediliyor...
[CoreNexus] MarketIntelAgent_02 senkronize ediliyor...
[CoreNexus] MarketIntelAgent_03 senkronize ediliyor...
[CoreNexus] MarketIntelAgent_04 senkronize ediliyor...
[CoreNexus] MarketIntelAgent_05 senkronize ediliyor...
[CoreNexus] MarketIntelAgent_06 senkronize ediliyor...
[CoreNexus] MarketIntelAgent_07 senkronize ediliyor...
[CoreNexus] MarketIntelAgent_08 senkronize ediliyor...
[CoreNexus] MarketIntelAgent_09 senkronize ediliyor...
[CoreNexus] MarketIntelAgent_10 senkronize ediliyor...
[CoreNexus] BridgeAgent_01 senkronize ediliyor...
[CoreNexus] BridgeAgent_02 senkronize ediliyor...
[CoreNexus] BridgeAgent_03 senkronize ediliyor...
[CoreNexus] BridgeAgent_04 senkronize ediliyor...
[CoreNexus] BridgeAgent_05 senkronize ediliyor...
[CoreNexus] BridgeAgent_06 senkronize ediliyor...
[CoreNexus] BridgeAgent_07 senkronize ediliyor...
[CoreNexus] BridgeAgent_08 senkronize ediliyor...
[CoreNexus] BridgeAgent_09 senkronize ediliyor...
[CoreNexus] BridgeAgent_10 senkronize ediliyor...
[CoreNexus] BridgeAgent_11 senkronize ediliyor...
[CoreNexus] BridgeAgent_12 senkronize ediliyor...
[CoreNexus] BridgeAgent_13 senkronize ediliyor...
[CoreNexus] BridgeAgent_14 senkronize ediliyor...
[CoreNexus] BridgeAgent_15 senkronize ediliyor...
[CoreNexus] SentinelAgent_01 senkronize ediliyor...
[CoreNexus] SentinelAgent_02 senkronize ediliyor...
[CoreNexus] SentinelAgent_03 senkronize ediliyor...
[CoreNexus] SentinelAgent_04 senkronize ediliyor...
[CoreNexus] SentinelAgent_05 senkronize ediliyor...
[CoreNexus] SentinelAgent_06 senkronize ediliyor...
[CoreNexus] SentinelAgent_07 senkronize ediliyor...
[CoreNexus] SentinelAgent_08 senkronize ediliyor...
[CoreNexus] SentinelAgent_09 senkronize ediliyor...
[CoreNexus] SentinelAgent_10 senkronize ediliyor...
[CoreNexus] PosterAgent senkronize ediliyor...
2026-08-31 14:45:45,843 [INFO] social_media_automation: 🔒 Maskelenmiş parmak izi: {'platform': 'Linux x86_64', 'screen_resolution': '2560x1440', 'accept_language': 'tr-TR,tr;q=0.9,en-US;q=0.8', 'webgl_vendor': 'Google Inc. (NVIDIA)', 'canvas_hash': '0x2472485'}
2026-08-31 14:45:54,988 [INFO] social_media_automation: ⏱️ Chaos jitter bekleme süresi: 9.14s
2026-08-31 14:45:55,421 [WARNING] social_media_automation: ⚠️ Deneme 1/3 basarisiz: 400 Client Error: Bad Request for url: https://graph.instagram.com/v19.0//media?image_url=&caption=Kozmetik+Cilt+Bakim+Seti+i%C3%A7in+alarm+verildi.%0AFiyat%3A+499.50+TL%0AKomisyon%3A+%2535.0+%7C+Tahmini+kazan%C3%A7%3A+174.82+TL%0ABu+%C3%BCr%C3%BCn+%C5%9Fu+an+payla%C5%9F%C4%B1lmazsa+f%C4%B1rsat+ka%C3%A7abilir.+Hemen+linke+y%C3%B6nlendir.%0A%0A%23trendurun+%23yuksekkomisyon+%23satisfirsati+%23hemenincele+%23eticaret%0A%0Ahttps%3A%2F%2Fwww.trendyol.com%2Fkozmetik%2Fcilt-bakim%2Fcilt-bakim-seti&access_token=. 2.4s bekleniyor...
2026-08-31 14:45:58,437 [WARNING] social_media_automation: ⚠️ Deneme 2/3 basarisiz: 400 Client Error: Bad Request for url: https://graph.instagram.com/v19.0//media?image_url=&caption=Kozmetik+Cilt+Bakim+Seti+i%C3%A7in+alarm+verildi.%0AFiyat%3A+499.50+TL%0AKomisyon%3A+%2535.0+%7C+Tahmini+kazan%C3%A7%3A+174.82+TL%0ABu+%C3%BCr%C3%BCn+%C5%9Fu+an+payla%C5%9F%C4%B1lmazsa+f%C4%B1rsat+ka%C3%A7abilir.+Hemen+linke+y%C3%B6nlendir.%0A%0A%23trendurun+%23yuksekkomisyon+%23satisfirsati+%23hemenincele+%23eticaret%0A%0Ahttps%3A%2F%2Fwww.trendyol.com%2Fkozmetik%2Fcilt-bakim%2Fcilt-bakim-seti&access_token=. 4.9s bekleniyor...
2026-08-31 14:46:03,857 [ERROR] social_media_automation: ❌ Instagram hata: 400 Client Error: Bad Request for url: https://graph.instagram.com/v19.0//media?image_url=&caption=Kozmetik+Cilt+Bakim+Seti+i%C3%A7in+alarm+verildi.%0AFiyat%3A+499.50+TL%0AKomisyon%3A+%2535.0+%7C+Tahmini+kazan%C3%A7%3A+174.82+TL%0ABu+%C3%BCr%C3%BCn+%C5%9Fu+an+payla%C5%9F%C4%B1lmazsa+f%C4%B1rsat+ka%C3%A7abilir.+Hemen+linke+y%C3%B6nlendir.%0A%0A%23trendurun+%23yuksekkomisyon+%23satisfirsati+%23hemenincele+%23eticaret%0A%0Ahttps%3A%2F%2Fwww.trendyol.com%2Fkozmetik%2Fcilt-bakim%2Fcilt-bakim-seti&access_token=
2026-08-31 14:46:03,857 [INFO] social_media_automation: 🔒 Maskelenmiş parmak izi: {'platform': 'Linux x86_64', 'screen_resolution': '2560x1440', 'accept_language': 'tr-TR,tr;q=0.9,en-US;q=0.8', 'webgl_vendor': 'Google Inc. (NVIDIA)', 'canvas_hash': '0x2472485'}
2026-08-31 14:46:10,582 [INFO] social_media_automation: ⏱️ Chaos jitter bekleme süresi: 6.72s
2026-08-31 14:46:10,582 [ERROR] social_media_automation: CALISMA MODU: LIVE | Facebook token eksik — guvenli dur
[CoreNexus] HealthCheckAgent senkronize ediliyor...
2026-08-31 14:46:10,729 [INFO] TRMWorker: Nabiz atisi kaydedildi: {'worker_state': 'alive', 'cycle_started_at': '2026-08-31 14:45:45', 'last_cycle_at': '2026-08-31 14:46:10', 'last_mode': 'heartbeat_cycle', 'queue_summary': {'queued': 2, 'posted': 0, 'pending_retry': 1}, 'active_agents': ['MarketIntelAgent_01', 'MarketIntelAgent_02', 'MarketIntelAgent_03', 'MarketIntelAgent_04', 'MarketIntelAgent_05', 'MarketIntelAgent_06', 'MarketIntelAgent_07', 'MarketIntelAgent_08', 'MarketIntelAgent_09', 'MarketIntelAgent_10', 'BridgeAgent_01', 'BridgeAgent_02', 'BridgeAgent_03', 'BridgeAgent_04', 'BridgeAgent_05', 'BridgeAgent_06', 'BridgeAgent_07', 'BridgeAgent_08', 'BridgeAgent_09', 'BridgeAgent_10', 'BridgeAgent_11', 'BridgeAgent_12', 'BridgeAgent_13', 'BridgeAgent_14', 'BridgeAgent_15', 'SentinelAgent_01', 'SentinelAgent_02', 'SentinelAgent_03', 'SentinelAgent_04', 'SentinelAgent_05', 'SentinelAgent_06', 'SentinelAgent_07', 'SentinelAgent_08', 'SentinelAgent_09', 'SentinelAgent_10', 'PosterAgent', 'HealthCheckAgent'], 'security_status': {'zero_trust_enabled': True, 'stealth_mode_enabled': True, 'registered_agents': ['MarketIntelAgent_01', 'MarketIntelAgent_02', 'MarketIntelAgent_03', 'MarketIntelAgent_04', 'MarketIntelAgent_05', 'MarketIntelAgent_06', 'MarketIntelAgent_07', 'MarketIntelAgent_08', 'MarketIntelAgent_09', 'MarketIntelAgent_10', 'BridgeAgent_01', 'BridgeAgent_02', 'BridgeAgent_03', 'BridgeAgent_04', 'BridgeAgent_05', 'BridgeAgent_06', 'BridgeAgent_07', 'BridgeAgent_08', 'BridgeAgent_09', 'BridgeAgent_10', 'BridgeAgent_11', 'BridgeAgent_12', 'BridgeAgent_13', 'BridgeAgent_14', 'BridgeAgent_15', 'SentinelAgent_01', 'SentinelAgent_02', 'SentinelAgent_03', 'SentinelAgent_04', 'SentinelAgent_05', 'SentinelAgent_06', 'SentinelAgent_07', 'SentinelAgent_08', 'SentinelAgent_09', 'SentinelAgent_10', 'PosterAgent', 'HealthCheckAgent'], 'encrypted_snapshots': 3, 'protection_backend': 'windows-dpapi', 'domain': 'trm-operations.net', 'connected_agents': 37}, 'agent_capacity_snapshot': {'baseline_agents': 165, 'market_intel_agents': 10, 'bridge_agents': 15, 'sentinel_agents': 10, 'expansion_total': 35, 'total_capacity': 200}, 'heartbeat_capacity_total': 200, 'performance_metrics': {'heartbeat_speed_per_sec': 0.62, 'earnings_efficiency': 0.0, 'autonomous_success_rate': 0.0, 'active_agent_count': 37}}
2026-08-31 14:46:10,730 [INFO] TRMWorker: Dongu tamamlandi | mod=heartbeat_cycle | kuyruk={'queued': 2, 'posted': 0, 'pending_retry': 1}
2026-08-31 14:46:46,743 [WARNING] social_media_automation: ⚠️ Twitter API anahtarlari eksik → mock mod
2026-08-31 14:46:46,744 [WARNING] social_media_automation: ⚠️ Twitter API anahtarlari eksik → mock mod
[CoreNexus] MarketIntelAgent_01 başarıyla sisteme bağlandı ve denetim altına alındı.
[CoreNexus] MarketIntelAgent_02 başarıyla sisteme bağlandı ve denetim altına alındı.
[CoreNexus] MarketIntelAgent_03 başarıyla sisteme bağlandı ve denetim altına alındı.
[CoreNexus] MarketIntelAgent_04 başarıyla sisteme bağlandı ve denetim altına alındı.
[CoreNexus] MarketIntelAgent_05 başarıyla sisteme bağlandı ve denetim altına alındı.
[CoreNexus] MarketIntelAgent_06 başarıyla sisteme bağlandı ve denetim altına alındı.
[CoreNexus] MarketIntelAgent_07 başarıyla sisteme bağlandı ve denetim altına alındı.
[CoreNexus] MarketIntelAgent_08 başarıyla sisteme bağlandı ve denetim altına alındı.
[CoreNexus] MarketIntelAgent_09 başarıyla sisteme bağlandı ve denetim altına alındı.
[CoreNexus] MarketIntelAgent_10 başarıyla sisteme bağlandı ve denetim altına alındı.
[CoreNexus] BridgeAgent_01 başarıyla sisteme bağlandı ve denetim altına alındı.
[CoreNexus] BridgeAgent_02 başarıyla sisteme bağlandı ve denetim altına alındı.
[CoreNexus] BridgeAgent_03 başarıyla sisteme bağlandı ve denetim altına alındı.
[CoreNexus] BridgeAgent_04 başarıyla sisteme bağlandı ve denetim altına alındı.
[CoreNexus] BridgeAgent_05 başarıyla sisteme bağlandı ve denetim altına alındı.
[CoreNexus] BridgeAgent_06 başarıyla sisteme bağlandı ve denetim altına alındı.
[CoreNexus] BridgeAgent_07 başarıyla sisteme bağlandı ve denetim altına alındı.
[CoreNexus] BridgeAgent_08 başarıyla sisteme bağlandı ve denetim altına alındı.
[CoreNexus] BridgeAgent_09 başarıyla sisteme bağlandı ve denetim altına alındı.
[CoreNexus] BridgeAgent_10 başarıyla sisteme bağlandı ve denetim altına alındı.
[CoreNexus] BridgeAgent_11 başarıyla sisteme bağlandı ve denetim altına alındı.
[CoreNexus] BridgeAgent_12 başarıyla sisteme bağlandı ve denetim altına alındı.
[CoreNexus] BridgeAgent_13 başarıyla sisteme bağlandı ve denetim altına alındı.
[CoreNexus] BridgeAgent_14 başarıyla sisteme bağlandı ve denetim altına alındı.
[CoreNexus] BridgeAgent_15 başarıyla sisteme bağlandı ve denetim altına alındı.
[CoreNexus] SentinelAgent_01 başarıyla sisteme bağlandı ve denetim altına alındı.
[CoreNexus] SentinelAgent_02 başarıyla sisteme bağlandı ve denetim altına alındı.
[CoreNexus] SentinelAgent_03 başarıyla sisteme bağlandı ve denetim altına alındı.
[CoreNexus] SentinelAgent_04 başarıyla sisteme bağlandı ve denetim altına alındı.
[CoreNexus] SentinelAgent_05 başarıyla sisteme bağlandı ve denetim altına alındı.
[CoreNexus] SentinelAgent_06 başarıyla sisteme bağlandı ve denetim altına alındı.
[CoreNexus] SentinelAgent_07 başarıyla sisteme bağlandı ve denetim altına alındı.
[CoreNexus] SentinelAgent_08 başarıyla sisteme bağlandı ve denetim altına alındı.
[CoreNexus] SentinelAgent_09 başarıyla sisteme bağlandı ve denetim altına alındı.
[CoreNexus] SentinelAgent_10 başarıyla sisteme bağlandı ve denetim altına alındı.
[CoreNexus] PosterAgent başarıyla sisteme bağlandı ve denetim altına alındı.
[CoreNexus] HealthCheckAgent başarıyla sisteme bağlandı ve denetim altına alındı.
[CoreNexus] MarketIntelAgent_01 senkronize ediliyor...
[CoreNexus] MarketIntelAgent_02 senkronize ediliyor...
[CoreNexus] MarketIntelAgent_03 senkronize ediliyor...
[CoreNexus] MarketIntelAgent_04 senkronize ediliyor...
[CoreNexus] MarketIntelAgent_05 senkronize ediliyor...
[CoreNexus] MarketIntelAgent_06 senkronize ediliyor...
[CoreNexus] MarketIntelAgent_07 senkronize ediliyor...
[CoreNexus] MarketIntelAgent_08 senkronize ediliyor...
[CoreNexus] MarketIntelAgent_09 senkronize ediliyor...
[CoreNexus] MarketIntelAgent_10 senkronize ediliyor...
[CoreNexus] BridgeAgent_01 senkronize ediliyor...
[CoreNexus] BridgeAgent_02 senkronize ediliyor...
[CoreNexus] BridgeAgent_03 senkronize ediliyor...
[CoreNexus] BridgeAgent_04 senkronize ediliyor...
[CoreNexus] BridgeAgent_05 senkronize ediliyor...
[CoreNexus] BridgeAgent_06 senkronize ediliyor...
[CoreNexus] BridgeAgent_07 senkronize ediliyor...
[CoreNexus] BridgeAgent_08 senkronize ediliyor...
[CoreNexus] BridgeAgent_09 senkronize ediliyor...
[CoreNexus] BridgeAgent_10 senkronize ediliyor...
[CoreNexus] BridgeAgent_11 senkronize ediliyor...
[CoreNexus] BridgeAgent_12 senkronize ediliyor...
[CoreNexus] BridgeAgent_13 senkronize ediliyor...
[CoreNexus] BridgeAgent_14 senkronize ediliyor...
[CoreNexus] BridgeAgent_15 senkronize ediliyor...
[CoreNexus] SentinelAgent_01 senkronize ediliyor...
[CoreNexus] SentinelAgent_02 senkronize ediliyor...
[CoreNexus] SentinelAgent_03 senkronize ediliyor...
[CoreNexus] SentinelAgent_04 senkronize ediliyor...
[CoreNexus] SentinelAgent_05 senkronize ediliyor...
[CoreNexus] SentinelAgent_06 senkronize ediliyor...
[CoreNexus] SentinelAgent_07 senkronize ediliyor...
[CoreNexus] SentinelAgent_08 senkronize ediliyor...
[CoreNexus] SentinelAgent_09 senkronize ediliyor...
[CoreNexus] SentinelAgent_10 senkronize ediliyor...
[CoreNexus] PosterAgent senkronize ediliyor...
2026-08-31 14:46:46,754 [INFO] social_media_automation: 🔒 Maskelenmiş parmak izi: {'platform': 'Linux x86_64', 'screen_resolution': '2560x1440', 'accept_language': 'tr-TR,tr;q=0.9,en-US;q=0.8', 'webgl_vendor': 'Google Inc. (NVIDIA)', 'canvas_hash': '0x2472485'}
2026-08-31 14:46:54,172 [INFO] social_media_automation: ⏱️ Chaos jitter bekleme süresi: 7.42s
2026-08-31 14:46:54,522 [WARNING] social_media_automation: ⚠️ Deneme 1/3 basarisiz: 400 Client Error: Bad Request for url: https://graph.instagram.com/v19.0//media?image_url=&caption=Kozmetik+Cilt+Bakim+Seti+i%C3%A7in+alarm+verildi.%0AFiyat%3A+499.50+TL%0AKomisyon%3A+%2535.0+%7C+Tahmini+kazan%C3%A7%3A+174.82+TL%0ABu+%C3%BCr%C3%BCn+%C5%9Fu+an+payla%C5%9F%C4%B1lmazsa+f%C4%B1rsat+ka%C3%A7abilir.+Hemen+linke+y%C3%B6nlendir.%0A%0A%23trendurun+%23yuksekkomisyon+%23satisfirsati+%23hemenincele+%23eticaret%0A%0Ahttps%3A%2F%2Fwww.trendyol.com%2Fkozmetik%2Fcilt-bakim%2Fcilt-bakim-seti&access_token=. 2.8s bekleniyor...
2026-08-31 14:46:57,855 [WARNING] social_media_automation: ⚠️ Deneme 2/3 basarisiz: 400 Client Error: Bad Request for url: https://graph.instagram.com/v19.0//media?image_url=&caption=Kozmetik+Cilt+Bakim+Seti+i%C3%A7in+alarm+verildi.%0AFiyat%3A+499.50+TL%0AKomisyon%3A+%2535.0+%7C+Tahmini+kazan%C3%A7%3A+174.82+TL%0ABu+%C3%BCr%C3%BCn+%C5%9Fu+an+payla%C5%9F%C4%B1lmazsa+f%C4%B1rsat+ka%C3%A7abilir.+Hemen+linke+y%C3%B6nlendir.%0A%0A%23trendurun+%23yuksekkomisyon+%23satisfirsati+%23hemenincele+%23eticaret%0A%0Ahttps%3A%2F%2Fwww.trendyol.com%2Fkozmetik%2Fcilt-bakim%2Fcilt-bakim-seti&access_token=. 4.5s bekleniyor...
2026-08-31 14:47:02,880 [ERROR] social_media_automation: ❌ Instagram hata: 400 Client Error: Bad Request for url: https://graph.instagram.com/v19.0//media?image_url=&caption=Kozmetik+Cilt+Bakim+Seti+i%C3%A7in+alarm+verildi.%0AFiyat%3A+499.50+TL%0AKomisyon%3A+%2535.0+%7C+Tahmini+kazan%C3%A7%3A+174.82+TL%0ABu+%C3%BCr%C3%BCn+%C5%9Fu+an+payla%C5%9F%C4%B1lmazsa+f%C4%B1rsat+ka%C3%A7abilir.+Hemen+linke+y%C3%B6nlendir.%0A%0A%23trendurun+%23yuksekkomisyon+%23satisfirsati+%23hemenincele+%23eticaret%0A%0Ahttps%3A%2F%2Fwww.trendyol.com%2Fkozmetik%2Fcilt-bakim%2Fcilt-bakim-seti&access_token=
2026-08-31 14:47:02,881 [INFO] social_media_automation: 🔒 Maskelenmiş parmak izi: {'platform': 'Linux x86_64', 'screen_resolution': '2560x1440', 'accept_language': 'tr-TR,tr;q=0.9,en-US;q=0.8', 'webgl_vendor': 'Google Inc. (NVIDIA)', 'canvas_hash': '0x2472485'}
+ka%C3%A7abilir.+Hemen+linke+y%C3%B6nlendir.%0A%0A%23trendurun+%23yuksekkomisyon+%23satisfirsati+%23hemenincele+%23eticaret%0A%0Ahttps%3A%2F%2Fwww.trendyol.com%2Fkozmetik%2Fcilt-bakim%2Fcilt-bakim-seti&access_token=. 4.2s bekleniyor...
2026-08-31 14:46:57,816 [ERROR] social_media_automation: ❌ Instagram hata: 400 Client Error: Bad Request for url: https://graph.instagram.com/v19.0//media?image_url=&caption=Kozmetik+Cilt+Bakim+Seti+i%C3%A7in+alarm+verildi.%0AFiyat%3A+499.50+TL%0AKomisyon%3A+%2535.0+%7C+Tahmini+kazan%C3%A7%3A+174.82+TL%0ABu+%C3%BCr%C3%BCn+%C5%9Fu+an+payla%C5%9F%C4%B1lmazsa+f%C4%B1rsat+ka%C3%A7abilir.+Hemen+linke+y%C3%B6nlendir.%0A%0A%23trendurun+%23yuksekkomisyon+%23satisfirsati+%23hemenincele+%23eticaret%0A%0Ahttps%3A%2F%2Fwww.trendyol.com%2Fkozmetik%2Fcilt-bakim%2Fcilt-bakim-seti&access_token=
2026-08-31 14:46:57,816 [INFO] social_media_automation: 🔒 Maskelenmiş parmak izi: {'platform': 'Linux x86_64', 'screen_resolution': '2560x1440', 'accept_language': 'tr-TR,tr;q=0.9,en-US;q=0.8', 'webgl_vendor': 'Google Inc. (NVIDIA)', 'canvas_hash': '0x2472485'}
2026-08-31 14:47:06,102 [INFO] social_media_automation: ⏱️ Chaos jitter bekleme süresi: 8.29s
2026-08-31 14:47:06,102 [ERROR] social_media_automation: CALISMA MODU: LIVE | Facebook token eksik — guvenli dur
[CoreNexus] HealthCheckAgent senkronize ediliyor...
2026-08-31 14:47:06,312 [INFO] TRMWorker: Nabiz atisi kaydedildi: {'worker_state': 'alive', 'cycle_started_at': '2026-08-31 14:46:37', 'last_cycle_at': '2026-08-31 14:47:06', 'last_mode': 'heartbeat_cycle', 'queue_summary': {'queued': 2, 'posted': 0, 'pending_retry': 1}, 'active_agents': ['MarketIntelAgent_01', 'MarketIntelAgent_02', 'MarketIntelAgent_03', 'MarketIntelAgent_04', 'MarketIntelAgent_05', 'MarketIntelAgent_06', 'MarketIntelAgent_07', 'MarketIntelAgent_08', 'MarketIntelAgent_09', 'MarketIntelAgent_10', 'BridgeAgent_01', 'BridgeAgent_02', 'BridgeAgent_03', 'BridgeAgent_04', 'BridgeAgent_05', 'BridgeAgent_06', 'BridgeAgent_07', 'BridgeAgent_08', 'BridgeAgent_09', 'BridgeAgent_10', 'BridgeAgent_11', 'BridgeAgent_12', 'BridgeAgent_13', 'BridgeAgent_14', 'BridgeAgent_15', 'SentinelAgent_01', 'SentinelAgent_02', 'SentinelAgent_03', 'SentinelAgent_04', 'SentinelAgent_05', 'SentinelAgent_06', 'SentinelAgent_07', 'SentinelAgent_08', 'SentinelAgent_09', 'SentinelAgent_10', 'PosterAgent', 'HealthCheckAgent'], 'security_status': {'zero_trust_enabled': True, 'stealth_mode_enabled': True, 'registered_agents': ['MarketIntelAgent_01', 'MarketIntelAgent_02', 'MarketIntelAgent_03', 'MarketIntelAgent_04', 'MarketIntelAgent_05', 'MarketIntelAgent_06', 'MarketIntelAgent_07', 'MarketIntelAgent_08', 'MarketIntelAgent_09', 'MarketIntelAgent_10', 'BridgeAgent_01', 'BridgeAgent_02', 'BridgeAgent_03', 'BridgeAgent_04', 'BridgeAgent_05', 'BridgeAgent_06', 'BridgeAgent_07', 'BridgeAgent_08', 'BridgeAgent_09', 'BridgeAgent_10', 'BridgeAgent_11', 'BridgeAgent_12', 'BridgeAgent_13', 'BridgeAgent_14', 'BridgeAgent_15', 'SentinelAgent_01', 'SentinelAgent_02', 'SentinelAgent_03', 'SentinelAgent_04', 'SentinelAgent_05', 'SentinelAgent_06', 'SentinelAgent_07', 'SentinelAgent_08', 'SentinelAgent_09', 'SentinelAgent_10', 'PosterAgent', 'HealthCheckAgent'], 'encrypted_snapshots': 3, 'protection_backend': 'windows-dpapi', 'domain': 'trm-operations.net', 'connected_agents': 37}, 'agent_capacity_snapshot': {'baseline_agents': 165, 'market_intel_agents': 10, 'bridge_agents': 15, 'sentinel_agents': 10, 'expansion_total': 35, 'total_capacity': 200}, 'heartbeat_capacity_total': 200, 'performance_metrics': {'heartbeat_speed_per_sec': 0.62, 'earnings_efficiency': 0.0, 'autonomous_success_rate': 0.0, 'active_agent_count': 37}}
2026-08-31 14:47:06,312 [INFO] TRMWorker: Dongu tamamlandi | mod=heartbeat_cycle | kuyruk={'queued': 2, 'posted': 0, 'pending_retry': 1}
gent_04', 'BridgeAgent_05', 'BridgeAgent_06', 'BridgeAgent_07', 'BridgeAgent_08', 'BridgeAgent_09', 'BridgeAgent_10', 'BridgeAgent_11', 'BridgeAgent_12', 'BridgeAgent_13', 'BridgeAgent_14', 'BridgeAgent_15', 'Content_Generator_Agent', 'QueueAgent', 'PosterAgent', 'SentinelAgent_01', 'SentinelAgent_02', 'SentinelAgent_03', 'SentinelAgent_04', 'SentinelAgent_05', 'SentinelAgent_06', 'SentinelAgent_07', 'SentinelAgent_08', 'SentinelAgent_09', 'SentinelAgent_10', 'HealthCheckAgent'], 'encrypted_snapshots': 7, 'protection_backend': 'windows-dpapi', 'domain': 'trm-operations.net', 'connected_agents': 41}, 'agent_capacity_snapshot': {'baseline_agents': 165, 'market_intel_agents': 10, 'bridge_agents': 15, 'sentinel_agents': 10, 'expansion_total': 35, 'total_capacity': 200}, 'heartbeat_capacity_total': 200, 'performance_metrics': {'heartbeat_speed_per_sec': 0.68, 'earnings_efficiency': 58.27, 'autonomous_success_rate': 0.0, 'active_agent_count': 41}}
2026-08-31 14:46:50,305 [INFO] TRMWorker: Dongu tamamlandi | mod=full_cycle | kuyruk={'queued': 3, 'posted': 0, 'pending_retry': 0}
2026-08-31 14:49:28,050 [INFO] social_media_automation: CALISMA MODU: LIVE
2026-08-31 14:49:29,731 [INFO] TRMWorker: TRM worker baslatildi | loop=60s | factory_interval=6:00:00
2026-08-31 14:49:29,732 [WARNING] social_media_automation: ⚠️ Twitter API anahtarlari eksik → mock mod
2026-08-31 14:49:29,733 [WARNING] social_media_automation: ⚠️ Twitter API anahtarlari eksik → mock mod
[CoreNexus] CamouflageAgent başarıyla sisteme bağlandı ve denetim altına alındı.
[CoreNexus] AccountManagerAgent başarıyla sisteme bağlandı ve denetim altına alındı.
[CoreNexus] MarketIntelAgent_01 başarıyla sisteme bağlandı ve denetim altına alındı.
[CoreNexus] MarketIntelAgent_02 başarıyla sisteme bağlandı ve denetim altına alındı.
[CoreNexus] MarketIntelAgent_03 başarıyla sisteme bağlandı ve denetim altına alındı.
[CoreNexus] MarketIntelAgent_04 başarıyla sisteme bağlandı ve denetim altına alındı.
[CoreNexus] MarketIntelAgent_05 başarıyla sisteme bağlandı ve denetim altına alındı.
[CoreNexus] MarketIntelAgent_06 başarıyla sisteme bağlandı ve denetim altına alındı.
[CoreNexus] MarketIntelAgent_07 başarıyla sisteme bağlandı ve denetim altına alındı.
[CoreNexus] MarketIntelAgent_08 başarıyla sisteme bağlandı ve denetim altına alındı.
[CoreNexus] MarketIntelAgent_09 başarıyla sisteme bağlandı ve denetim altına alındı.
[CoreNexus] MarketIntelAgent_10 başarıyla sisteme bağlandı ve denetim altına alındı.
[CoreNexus] BridgeAgent_01 başarıyla sisteme bağlandı ve denetim altına alındı.
[CoreNexus] BridgeAgent_02 başarıyla sisteme bağlandı ve denetim altına alındı.
[CoreNexus] BridgeAgent_03 başarıyla sisteme bağlandı ve denetim altına alındı.
[CoreNexus] BridgeAgent_04 başarıyla sisteme bağlandı ve denetim altına alındı.
[CoreNexus] BridgeAgent_05 başarıyla sisteme bağlandı ve denetim altına alındı.
[CoreNexus] BridgeAgent_06 başarıyla sisteme bağlandı ve denetim altına alındı.
[CoreNexus] BridgeAgent_07 başarıyla sisteme bağlandı ve denetim altına alındı.
[CoreNexus] BridgeAgent_08 başarıyla sisteme bağlandı ve denetim altına alındı.
[CoreNexus] BridgeAgent_09 başarıyla sisteme bağlandı ve denetim altına alındı.
[CoreNexus] BridgeAgent_10 başarıyla sisteme bağlandı ve denetim altına alındı.
[CoreNexus] BridgeAgent_11 başarıyla sisteme bağlandı ve denetim altına alındı.
[CoreNexus] BridgeAgent_12 başarıyla sisteme bağlandı ve denetim altına alındı.
[CoreNexus] BridgeAgent_13 başarıyla sisteme bağlandı ve denetim altına alındı.
[CoreNexus] BridgeAgent_14 başarıyla sisteme bağlandı ve denetim altına alındı.
[CoreNexus] BridgeAgent_15 başarıyla sisteme bağlandı ve denetim altına alındı.
[CoreNexus] Content_Generator_Agent başarıyla sisteme bağlandı ve denetim altına alındı.
[CoreNexus] QueueAgent başarıyla sisteme bağlandı ve denetim altına alındı.
[CoreNexus] PosterAgent başarıyla sisteme bağlandı ve denetim altına alındı.
[CoreNexus] SentinelAgent_01 başarıyla sisteme bağlandı ve denetim altına alındı.
[CoreNexus] SentinelAgent_02 başarıyla sisteme bağlandı ve denetim altına alındı.
[CoreNexus] SentinelAgent_03 başarıyla sisteme bağlandı ve denetim altına alındı.
[CoreNexus] SentinelAgent_04 başarıyla sisteme bağlandı ve denetim altına alındı.
[CoreNexus] SentinelAgent_05 başarıyla sisteme bağlandı ve denetim altına alındı.
[CoreNexus] SentinelAgent_06 başarıyla sisteme bağlandı ve denetim altına alındı.
[CoreNexus] SentinelAgent_07 başarıyla sisteme bağlandı ve denetim altına alındı.
[CoreNexus] SentinelAgent_08 başarıyla sisteme bağlandı ve denetim altına alındı.
[CoreNexus] SentinelAgent_09 başarıyla sisteme bağlandı ve denetim altına alındı.
[CoreNexus] SentinelAgent_10 başarıyla sisteme bağlandı ve denetim altına alındı.
[CoreNexus] HealthCheckAgent başarıyla sisteme bağlandı ve denetim altına alındı.
[Camouflage] Teknik Maskeleme Aktif: IP ve Cihaz İzleri Temizleniyor...
[AnalystAgent] Trend raporu kaydedildi: C:\Users\Habitat\Desktop\SOSYAL _İMECE\trend_raporlari.json
[CoreNexus] CamouflageAgent senkronize ediliyor...
[CoreNexus] AccountManagerAgent senkronize ediliyor...
[CoreNexus] MarketIntelAgent_01 senkronize ediliyor...
[CoreNexus] MarketIntelAgent_02 senkronize ediliyor...
[CoreNexus] MarketIntelAgent_03 senkronize ediliyor...
[CoreNexus] MarketIntelAgent_04 senkronize ediliyor...
[CoreNexus] MarketIntelAgent_05 senkronize ediliyor...
[CoreNexus] MarketIntelAgent_06 senkronize ediliyor...
[CoreNexus] MarketIntelAgent_07 senkronize ediliyor...
[CoreNexus] MarketIntelAgent_08 senkronize ediliyor...
[CoreNexus] MarketIntelAgent_09 senkronize ediliyor...
[CoreNexus] MarketIntelAgent_10 senkronize ediliyor...
[CoreNexus] BridgeAgent_01 senkronize ediliyor...
[CoreNexus] BridgeAgent_02 senkronize ediliyor...
[CoreNexus] BridgeAgent_03 senkronize ediliyor...
[CoreNexus] BridgeAgent_04 senkronize ediliyor...
[CoreNexus] BridgeAgent_05 senkronize ediliyor...
[CoreNexus] BridgeAgent_06 senkronize ediliyor...
[CoreNexus] BridgeAgent_07 senkronize ediliyor...
[CoreNexus] BridgeAgent_08 senkronize ediliyor...
[CoreNexus] BridgeAgent_09 senkronize ediliyor...
[CoreNexus] BridgeAgent_10 senkronize ediliyor...
[CoreNexus] BridgeAgent_11 senkronize ediliyor...
[CoreNexus] BridgeAgent_12 senkronize ediliyor...
[CoreNexus] BridgeAgent_13 senkronize ediliyor...
[CoreNexus] BridgeAgent_14 senkronize ediliyor...
[CoreNexus] BridgeAgent_15 senkronize ediliyor...
[CoreNexus] Content_Generator_Agent senkronize ediliyor...
[CoreNexus] QueueAgent senkronize ediliyor...
[CoreNexus] PosterAgent senkronize ediliyor...
2026-08-31 14:49:29,877 [INFO] social_media_automation: 🔒 Maskelenmiş parmak izi: {'platform': 'Linux x86_64', 'screen_resolution': '2560x1440', 'accept_language': 'tr-TR,tr;q=0.9,en-US;q=0.8', 'webgl_vendor': 'Google Inc. (NVIDIA)', 'canvas_hash': '0x2472485'}
2026-08-31 14:49:40,996 [INFO] social_media_automation: ⏱️ Chaos jitter bekleme süresi: 11.12s
2026-08-31 14:49:41,587 [WARNING] social_media_automation: ⚠️ Deneme 1/3 basarisiz: 400 Client Error: Bad Request for url: https://graph.instagram.com/v19.0//media?image_url=&caption=Kozmetik+Cilt+Bakim+Seti+i%C3%A7in+alarm+verildi.%0AFiyat%3A+499.50+TL%0AKomisyon%3A+%2535.0+%7C+Tahmini+kazan%C3%A7%3A+174.82+TL%0ABu+%C3%BCr%C3%BCn+%C5%9Fu+an+payla%C5%9F%C4%B1lmazsa+f%C4%B1rsat+ka%C3%A7abilir.+Hemen+linke+y%C3%B6nlendir.%0A%0A%23trendurun+%23yuksekkomisyon+%23satisfirsati+%23hemenincele+%23eticaret%0A%0Ahttps%3A%2F%2Fwww.trendyol.com%2Fkozmetik%2Fcilt-bakim%2Fcilt-bakim-seti&access_token=. 2.1s bekleniyor...
2026-08-31 14:49:44,037 [WARNING] social_media_automation: ⚠️ Deneme 2/3 basarisiz: 400 Client Error: Bad Request for url: https://graph.instagram.com/v19.0//media?image_url=&caption=Kozmetik+Cilt+Bakim+Seti+i%C3%A7in+alarm+verildi.%0AFiyat%3A+499.50+TL%0AKomisyon%3A+%2535.0+%7C+Tahmini+kazan%C3%A7%3A+174.82+TL%0ABu+%C3%BCr%C3%BCn+%C5%9Fu+an+payla%C5%9F%C4%B1lmazsa+f%C4%B1rsat+ka%C3%A7abilir.+Hemen+linke+y%C3%B6nlendir.%0A%0A%23trendurun+%23yuksekkomisyon+%23satisfirsati+%23hemenincele+%23eticaret%0A%0Ahttps%3A%2F%2Fwww.trendyol.com%2Fkozmetik%2Fcilt-bakim%2Fcilt-bakim-seti&access_token=. 4.5s bekleniyor...
2026-08-31 14:49:49,057 [ERROR] social_media_automation: ❌ Instagram hata: 400 Client Error: Bad Request for url: https://graph.instagram.com/v19.0//media?image_url=&caption=Kozmetik+Cilt+Bakim+Seti+i%C3%A7in+alarm+verildi.%0AFiyat%3A+499.50+TL%0AKomisyon%3A+%2535.0+%7C+Tahmini+kazan%C3%A7%3A+174.82+TL%0ABu+%C3%BCr%C3%BCn+%C5%9Fu+an+payla%C5%9F%C4%B1lmazsa+f%C4%B1rsat+ka%C3%A7abilir.+Hemen+linke+y%C3%B6nlendir.%0A%0A%23trendurun+%23yuksekkomisyon+%23satisfirsati+%23hemenincele+%23eticaret%0A%0Ahttps%3A%2F%2Fwww.trendyol.com%2Fkozmetik%2Fcilt-bakim%2Fcilt-bakim-seti&access_token=
2026-08-31 14:49:49,060 [INFO] social_media_automation: 🔒 Maskelenmiş parmak izi: {'platform': 'Linux x86_64', 'screen_resolution': '2560x1440', 'accept_language': 'tr-TR,tr;q=0.9,en-US;q=0.8', 'webgl_vendor': 'Google Inc. (NVIDIA)', 'canvas_hash': '0x2472485'}
2026-08-31 14:49:58,074 [INFO] social_media_automation: ⏱️ Chaos jitter bekleme süresi: 9.01s
2026-08-31 14:49:58,074 [ERROR] social_media_automation: CALISMA MODU: LIVE | Facebook token eksik — guvenli dur
[CoreNexus] SentinelAgent_01 senkronize ediliyor...
[CoreNexus] SentinelAgent_02 senkronize ediliyor...
[CoreNexus] SentinelAgent_03 senkronize ediliyor...
[CoreNexus] SentinelAgent_04 senkronize ediliyor...
[CoreNexus] SentinelAgent_05 senkronize ediliyor...
[CoreNexus] SentinelAgent_06 senkronize ediliyor...
[CoreNexus] SentinelAgent_07 senkronize ediliyor...
[CoreNexus] SentinelAgent_08 senkronize ediliyor...
[CoreNexus] SentinelAgent_09 senkronize ediliyor...
[CoreNexus] SentinelAgent_10 senkronize ediliyor...
[CoreNexus] HealthCheckAgent senkronize ediliyor...
2026-08-31 14:49:58,214 [INFO] TRMWorker: Nabiz atisi kaydedildi: {'worker_state': 'alive', 'cycle_started_at': '2026-08-31 14:49:29', 'last_cycle_at': '2026-08-31 14:49:58', 'last_mode': 'full_cycle', 'queue_summary': {'queued': 3, 'posted': 0, 'pending_retry': 0}, 'active_agents': ['CamouflageAgent', 'AccountManagerAgent', 'MarketIntelAgent_01', 'MarketIntelAgent_02', 'MarketIntelAgent_03', 'MarketIntelAgent_04', 'MarketIntelAgent_05', 'MarketIntelAgent_06', 'MarketIntelAgent_07', 'MarketIntelAgent_08', 'MarketIntelAgent_09', 'MarketIntelAgent_10', 'BridgeAgent_01', 'BridgeAgent_02', 'BridgeAgent_03', 'BridgeAgent_04', 'BridgeAgent_05', 'BridgeAgent_06', 'BridgeAgent_07', 'BridgeAgent_08', 'BridgeAgent_09', 'BridgeAgent_10', 'BridgeAgent_11', 'BridgeAgent_12', 'BridgeAgent_13', 'BridgeAgent_14', 'BridgeAgent_15', 'Content_Generator_Agent', 'QueueAgent', 'PosterAgent', 'SentinelAgent_01', 'SentinelAgent_02', 'SentinelAgent_03', 'SentinelAgent_04', 'SentinelAgent_05', 'SentinelAgent_06', 'SentinelAgent_07', 'SentinelAgent_08', 'SentinelAgent_09', 'SentinelAgent_10', 'HealthCheckAgent'], 'security_status': {'zero_trust_enabled': True, 'stealth_mode_enabled': True, 'registered_agents': ['CamouflageAgent', 'AccountManagerAgent', 'MarketIntelAgent_01', 'MarketIntelAgent_02', 'MarketIntelAgent_03', 'MarketIntelAgent_04', 'MarketIntelAgent_05', 'MarketIntelAgent_06', 'MarketIntelAgent_07', 'MarketIntelAgent_08', 'MarketIntelAgent_09', 'MarketIntelAgent_10', 'BridgeAgent_01', 'BridgeAgent_02', 'BridgeAgent_03', 'BridgeAgent_04', 'BridgeAgent_05', 'BridgeAgent_06', 'BridgeAgent_07', 'BridgeAgent_08', 'BridgeAgent_09', 'BridgeAgent_10', 'BridgeAgent_11', 'BridgeAgent_12', 'BridgeAgent_13', 'BridgeAgent_14', 'BridgeAgent_15', 'Content_Generator_Agent', 'QueueAgent', 'PosterAgent', 'SentinelAgent_01', 'SentinelAgent_02', 'SentinelAgent_03', 'SentinelAgent_04', 'SentinelAgent_05', 'SentinelAgent_06', 'SentinelAgent_07', 'SentinelAgent_08', 'SentinelAgent_09', 'SentinelAgent_10', 'HealthCheckAgent'], 'encrypted_snapshots': 7, 'protection_backend': 'windows-dpapi', 'domain': 'trm-operations.net', 'connected_agents': 41}, 'agent_capacity_snapshot': {'baseline_agents': 165, 'market_intel_agents': 10, 'bridge_agents': 15, 'sentinel_agents': 10, 'expansion_total': 35, 'total_capacity': 200}, 'heartbeat_capacity_total': 200, 'performance_metrics': {'heartbeat_speed_per_sec': 0.68, 'earnings_efficiency': 58.27, 'autonomous_success_rate': 0.0, 'active_agent_count': 41}}
2026-08-31 14:49:58,214 [INFO] TRMWorker: Dongu tamamlandi | mod=full_cycle | kuyruk={'queued': 3, 'posted': 0, 'pending_retry': 0}
2026-08-31 14:50:30,229 [WARNING] social_media_automation: ⚠️ Twitter API anahtarlari eksik → mock mod
2026-08-31 14:50:30,229 [WARNING] social_media_automation: ⚠️ Twitter API anahtarlari eksik → mock mod
[CoreNexus] MarketIntelAgent_01 başarıyla sisteme bağlandı ve denetim altına alındı.
[CoreNexus] MarketIntelAgent_02 başarıyla sisteme bağlandı ve denetim altına alındı.
[CoreNexus] MarketIntelAgent_03 başarıyla sisteme bağlandı ve denetim altına alındı.
[CoreNexus] MarketIntelAgent_04 başarıyla sisteme bağlandı ve denetim altına alındı.
[CoreNexus] MarketIntelAgent_05 başarıyla sisteme bağlandı ve denetim altına alındı.
[CoreNexus] MarketIntelAgent_06 başarıyla sisteme bağlandı ve denetim altına alındı.
[CoreNexus] MarketIntelAgent_07 başarıyla sisteme bağlandı ve denetim altına alındı.
[CoreNexus] MarketIntelAgent_08 başarıyla sisteme bağlandı ve denetim altına alındı.
[CoreNexus] MarketIntelAgent_09 başarıyla sisteme bağlandı ve denetim altına alındı.
[CoreNexus] MarketIntelAgent_10 başarıyla sisteme bağlandı ve denetim altına alındı.
[CoreNexus] BridgeAgent_01 başarıyla sisteme bağlandı ve denetim altına alındı.
[CoreNexus] BridgeAgent_02 başarıyla sisteme bağlandı ve denetim altına alındı.
[CoreNexus] BridgeAgent_03 başarıyla sisteme bağlandı ve denetim altına alındı.
[CoreNexus] BridgeAgent_04 başarıyla sisteme bağlandı ve denetim altına alındı.
[CoreNexus] BridgeAgent_05 başarıyla sisteme bağlandı ve denetim altına alındı.
[CoreNexus] BridgeAgent_06 başarıyla sisteme bağlandı ve denetim altına alındı.
[CoreNexus] BridgeAgent_07 başarıyla sisteme bağlandı ve denetim altına alındı.
[CoreNexus] BridgeAgent_08 başarıyla sisteme bağlandı ve denetim altına alındı.
[CoreNexus] BridgeAgent_09 başarıyla sisteme bağlandı ve denetim altına alındı.
[CoreNexus] BridgeAgent_10 başarıyla sisteme bağlandı ve denetim altına alındı.
[CoreNexus] BridgeAgent_11 başarıyla sisteme bağlandı ve denetim altına alındı.
[CoreNexus] BridgeAgent_12 başarıyla sisteme bağlandı ve denetim altına alındı.
[CoreNexus] BridgeAgent_13 başarıyla sisteme bağlandı ve denetim altına alındı.
[CoreNexus] BridgeAgent_14 başarıyla sisteme bağlandı ve denetim altına alındı.
[CoreNexus] BridgeAgent_15 başarıyla sisteme bağlandı ve denetim altına alındı.
[CoreNexus] SentinelAgent_01 başarıyla sisteme bağlandı ve denetim altına alındı.
[CoreNexus] SentinelAgent_02 başarıyla sisteme bağlandı ve denetim altına alındı.
[CoreNexus] SentinelAgent_03 başarıyla sisteme bağlandı ve denetim altına alındı.
[CoreNexus] SentinelAgent_04 başarıyla sisteme bağlandı ve denetim altına alındı.
[CoreNexus] SentinelAgent_05 başarıyla sisteme bağlandı ve denetim altına alındı.
[CoreNexus] SentinelAgent_06 başarıyla sisteme bağlandı ve denetim altına alındı.
[CoreNexus] SentinelAgent_07 başarıyla sisteme bağlandı ve denetim altına alındı.
[CoreNexus] SentinelAgent_08 başarıyla sisteme bağlandı ve denetim altına alındı.
[CoreNexus] SentinelAgent_09 başarıyla sisteme bağlandı ve denetim altına alındı.
[CoreNexus] SentinelAgent_10 başarıyla sisteme bağlandı ve denetim altına alındı.
[CoreNexus] PosterAgent başarıyla sisteme bağlandı ve denetim altına alındı.
[CoreNexus] HealthCheckAgent başarıyla sisteme bağlandı ve denetim altına alındı.
[CoreNexus] MarketIntelAgent_01 senkronize ediliyor...
[CoreNexus] MarketIntelAgent_02 senkronize ediliyor...
[CoreNexus] MarketIntelAgent_03 senkronize ediliyor...
[CoreNexus] MarketIntelAgent_04 senkronize ediliyor...
[CoreNexus] MarketIntelAgent_05 senkronize ediliyor...
[CoreNexus] MarketIntelAgent_06 senkronize ediliyor...
[CoreNexus] MarketIntelAgent_07 senkronize ediliyor...
[CoreNexus] MarketIntelAgent_08 senkronize ediliyor...
[CoreNexus] MarketIntelAgent_09 senkronize ediliyor...
[CoreNexus] MarketIntelAgent_10 senkronize ediliyor...
[CoreNexus] BridgeAgent_01 senkronize ediliyor...
[CoreNexus] BridgeAgent_02 senkronize ediliyor...
[CoreNexus] BridgeAgent_03 senkronize ediliyor...
[CoreNexus] BridgeAgent_04 senkronize ediliyor...
[CoreNexus] BridgeAgent_05 senkronize ediliyor...
[CoreNexus] BridgeAgent_06 senkronize ediliyor...
[CoreNexus] BridgeAgent_07 senkronize ediliyor...
[CoreNexus] BridgeAgent_08 senkronize ediliyor...
[CoreNexus] BridgeAgent_09 senkronize ediliyor...
[CoreNexus] BridgeAgent_10 senkronize ediliyor...
[CoreNexus] BridgeAgent_11 senkronize ediliyor...
[CoreNexus] BridgeAgent_12 senkronize ediliyor...
[CoreNexus] BridgeAgent_13 senkronize ediliyor...
[CoreNexus] BridgeAgent_14 senkronize ediliyor...
[CoreNexus] BridgeAgent_15 senkronize ediliyor...
[CoreNexus] SentinelAgent_01 senkronize ediliyor...
[CoreNexus] SentinelAgent_02 senkronize ediliyor...
[CoreNexus] SentinelAgent_03 senkronize ediliyor...
[CoreNexus] SentinelAgent_04 senkronize ediliyor...
[CoreNexus] SentinelAgent_05 senkronize ediliyor...
[CoreNexus] SentinelAgent_06 senkronize ediliyor...
[CoreNexus] SentinelAgent_07 senkronize ediliyor...
[CoreNexus] SentinelAgent_08 senkronize ediliyor...
[CoreNexus] SentinelAgent_09 senkronize ediliyor...
[CoreNexus] SentinelAgent_10 senkronize ediliyor...
[CoreNexus] PosterAgent senkronize ediliyor...
2026-08-31 14:50:30,266 [INFO] social_media_automation: 🔒 Maskelenmiş parmak izi: {'platform': 'Linux x86_64', 'screen_resolution': '2560x1440', 'accept_language': 'tr-TR,tr;q=0.9,en-US;q=0.8', 'webgl_vendor': 'Google Inc. (NVIDIA)', 'canvas_hash': '0x2472485'}
2026-08-31 14:50:37,572 [INFO] social_media_automation: ⏱️ Chaos jitter bekleme süresi: 7.30s
2026-08-31 14:50:37,916 [WARNING] social_media_automation: ⚠️ Deneme 1/3 basarisiz: 400 Client Error: Bad Request for url: https://graph.instagram.com/v19.0//media?image_url=&caption=Kozmetik+Cilt+Bakim+Seti+i%C3%A7in+alarm+verildi.%0AFiyat%3A+499.50+TL%0AKomisyon%3A+%2535.0+%7C+Tahmini+kazan%C3%A7%3A+174.82+TL%0ABu+%C3%BCr%C3%BCn+%C5%9Fu+an+payla%C5%9F%C4%B1lmazsa+f%C4%B1rsat+ka%C3%A7abilir.+Hemen+linke+y%C3%B6nlendir.%0A%0A%23trendurun+%23yuksekkomisyon+%23satisfirsati+%23hemenincele+%23eticaret%0A%0Ahttps%3A%2F%2Fwww.trendyol.com%2Fkozmetik%2Fcilt-bakim%2Fcilt-bakim-seti&access_token=. 2.5s bekleniyor...
2026-08-31 14:50:40,928 [WARNING] social_media_automation: ⚠️ Deneme 2/3 basarisiz: 400 Client Error: Bad Request for url: https://graph.instagram.com/v19.0//media?image_url=&caption=Kozmetik+Cilt+Bakim+Seti+i%C3%A7in+alarm+verildi.%0AFiyat%3A+499.50+TL%0AKomisyon%3A+%2535.0+%7C+Tahmini+kazan%C3%A7%3A+174.82+TL%0ABu+%C3%BCr%C3%BCn+%C5%9Fu+an+payla%C5%9F%C4%B1lmazsa+f%C4%B1rsat+ka%C3%A7abilir.+Hemen+linke+y%C3%B6nlendir.%0A%0A%23trendurun+%23yuksekkomisyon+%23satisfirsati+%23hemenincele+%23eticaret%0A%0Ahttps%3A%2F%2Fwww.trendyol.com%2Fkozmetik%2Fcilt-bakim%2Fcilt-bakim-seti&access_token=. 4.8s bekleniyor...
2026-08-31 14:50:46,351 [ERROR] social_media_automation: ❌ Instagram hata: 400 Client Error: Bad Request for url: https://graph.instagram.com/v19.0//media?image_url=&caption=Kozmetik+Cilt+Bakim+Seti+i%C3%A7in+alarm+verildi.%0AFiyat%3A+499.50+TL%0AKomisyon%3A+%2535.0+%7C+Tahmini+kazan%C3%A7%3A+174.82+TL%0ABu+%C3%BCr%C3%BCn+%C5%9Fu+an+payla%C5%9F%C4%B1lmazsa+f%C4%B1rsat+ka%C3%A7abilir.+Hemen+linke+y%C3%B6nlendir.%0A%0A%23trendurun+%23yuksekkomisyon+%23satisfirsati+%23hemenincele+%23eticaret%0A%0Ahttps%3A%2F%2Fwww.trendyol.com%2Fkozmetik%2Fcilt-bakim%2Fcilt-bakim-seti&access_token=
2026-08-31 14:50:46,353 [INFO] social_media_automation: 🔒 Maskelenmiş parmak izi: {'platform': 'Linux x86_64', 'screen_resolution': '2560x1440', 'accept_language': 'tr-TR,tr;q=0.9,en-US;q=0.8', 'webgl_vendor': 'Google Inc. (NVIDIA)', 'canvas_hash': '0x2472485'}
2026-08-31 14:50:52,514 [INFO] social_media_automation: ⏱️ Chaos jitter bekleme süresi: 6.16s
2026-08-31 14:50:52,514 [ERROR] social_media_automation: CALISMA MODU: LIVE | Facebook token eksik — guvenli dur
[CoreNexus] HealthCheckAgent senkronize ediliyor...
2026-08-31 14:50:52,669 [INFO] TRMWorker: Nabiz atisi kaydedildi: {'worker_state': 'alive', 'cycle_started_at': '2026-08-31 14:50:30', 'last_cycle_at': '2026-08-31 14:50:52', 'last_mode': 'heartbeat_cycle', 'queue_summary': {'queued': 2, 'posted': 0, 'pending_retry': 1}, 'active_agents': ['MarketIntelAgent_01', 'MarketIntelAgent_02', 'MarketIntelAgent_03', 'MarketIntelAgent_04', 'MarketIntelAgent_05', 'MarketIntelAgent_06', 'MarketIntelAgent_07', 'MarketIntelAgent_08', 'MarketIntelAgent_09', 'MarketIntelAgent_10', 'BridgeAgent_01', 'BridgeAgent_02', 'BridgeAgent_03', 'BridgeAgent_04', 'BridgeAgent_05', 'BridgeAgent_06', 'BridgeAgent_07', 'BridgeAgent_08', 'BridgeAgent_09', 'BridgeAgent_10', 'BridgeAgent_11', 'BridgeAgent_12', 'BridgeAgent_13', 'BridgeAgent_14', 'BridgeAgent_15', 'SentinelAgent_01', 'SentinelAgent_02', 'SentinelAgent_03', 'SentinelAgent_04', 'SentinelAgent_05', 'SentinelAgent_06', 'SentinelAgent_07', 'SentinelAgent_08', 'SentinelAgent_09', 'SentinelAgent_10', 'PosterAgent', 'HealthCheckAgent'], 'security_status': {'zero_trust_enabled': True, 'stealth_mode_enabled': True, 'registered_agents': ['MarketIntelAgent_01', 'MarketIntelAgent_02', 'MarketIntelAgent_03', 'MarketIntelAgent_04', 'MarketIntelAgent_05', 'MarketIntelAgent_06', 'MarketIntelAgent_07', 'MarketIntelAgent_08', 'MarketIntelAgent_09', 'MarketIntelAgent_10', 'BridgeAgent_01', 'BridgeAgent_02', 'BridgeAgent_03', 'BridgeAgent_04', 'BridgeAgent_05', 'BridgeAgent_06', 'BridgeAgent_07', 'BridgeAgent_08', 'BridgeAgent_09', 'BridgeAgent_10', 'BridgeAgent_11', 'BridgeAgent_12', 'BridgeAgent_13', 'BridgeAgent_14', 'BridgeAgent_15', 'SentinelAgent_01', 'SentinelAgent_02', 'SentinelAgent_03', 'SentinelAgent_04', 'SentinelAgent_05', 'SentinelAgent_06', 'SentinelAgent_07', 'SentinelAgent_08', 'SentinelAgent_09', 'SentinelAgent_10', 'PosterAgent', 'HealthCheckAgent'], 'encrypted_snapshots': 3, 'protection_backend': 'windows-dpapi', 'domain': 'trm-operations.net', 'connected_agents': 37}, 'agent_capacity_snapshot': {'baseline_agents': 165, 'market_intel_agents': 10, 'bridge_agents': 15, 'sentinel_agents': 10, 'expansion_total': 35, 'total_capacity': 200}, 'heartbeat_capacity_total': 200, 'performance_metrics': {'heartbeat_speed_per_sec': 0.62, 'earnings_efficiency': 0.0, 'autonomous_success_rate': 0.0, 'active_agent_count': 37}}
2026-08-31 14:50:52,669 [INFO] TRMWorker: Dongu tamamlandi | mod=heartbeat_cycle | kuyruk={'queued': 2, 'posted': 0, 'pending_retry': 1}
2026-08-31 14:51:30,685 [WARNING] social_media_automation: ⚠️ Twitter API anahtarlari eksik → mock mod
2026-08-31 14:51:30,685 [WARNING] social_media_automation: ⚠️ Twitter API anahtarlari eksik → mock mod
[CoreNexus] MarketIntelAgent_01 başarıyla sisteme bağlandı ve denetim altına alındı.
[CoreNexus] MarketIntelAgent_02 başarıyla sisteme bağlandı ve denetim altına alındı.
[CoreNexus] MarketIntelAgent_03 başarıyla sisteme bağlandı ve denetim altına alındı.
[CoreNexus] MarketIntelAgent_04 başarıyla sisteme bağlandı ve denetim altına alındı.
[CoreNexus] MarketIntelAgent_05 başarıyla sisteme bağlandı ve denetim altına alındı.
[CoreNexus] MarketIntelAgent_06 başarıyla sisteme bağlandı ve denetim altına alındı.
[CoreNexus] MarketIntelAgent_07 başarıyla sisteme bağlandı ve denetim altına alındı.
[CoreNexus] MarketIntelAgent_08 başarıyla sisteme bağlandı ve denetim altına alındı.
[CoreNexus] MarketIntelAgent_09 başarıyla sisteme bağlandı ve denetim altına alındı.
[CoreNexus] MarketIntelAgent_10 başarıyla sisteme bağlandı ve denetim altına alındı.
[CoreNexus] BridgeAgent_01 başarıyla sisteme bağlandı ve denetim altına alındı.
[CoreNexus] BridgeAgent_02 başarıyla sisteme bağlandı ve denetim altına alındı.
[CoreNexus] BridgeAgent_03 başarıyla sisteme bağlandı ve denetim altına alındı.
[CoreNexus] BridgeAgent_04 başarıyla sisteme bağlandı ve denetim altına alındı.
[CoreNexus] BridgeAgent_05 başarıyla sisteme bağlandı ve denetim altına alındı.
[CoreNexus] BridgeAgent_06 başarıyla sisteme bağlandı ve denetim altına alındı.
[CoreNexus] BridgeAgent_07 başarıyla sisteme bağlandı ve denetim altına alındı.
[CoreNexus] BridgeAgent_08 başarıyla sisteme bağlandı ve denetim altına alındı.
[CoreNexus] BridgeAgent_09 başarıyla sisteme bağlandı ve denetim altına alındı.
[CoreNexus] BridgeAgent_10 başarıyla sisteme bağlandı ve denetim altına alındı.
[CoreNexus] BridgeAgent_11 başarıyla sisteme bağlandı ve denetim altına alındı.
[CoreNexus] BridgeAgent_12 başarıyla sisteme bağlandı ve denetim altına alındı.
[CoreNexus] BridgeAgent_13 başarıyla sisteme bağlandı ve denetim altına alındı.
[CoreNexus] BridgeAgent_14 başarıyla sisteme bağlandı ve denetim altına alındı.
[CoreNexus] BridgeAgent_15 başarıyla sisteme bağlandı ve denetim altına alındı.
[CoreNexus] SentinelAgent_01 başarıyla sisteme bağlandı ve denetim altına alındı.
[CoreNexus] SentinelAgent_02 başarıyla sisteme bağlandı ve denetim altına alındı.
[CoreNexus] SentinelAgent_03 başarıyla sisteme bağlandı ve denetim altına alındı.
[CoreNexus] SentinelAgent_04 başarıyla sisteme bağlandı ve denetim altına alındı.
[CoreNexus] SentinelAgent_05 başarıyla sisteme bağlandı ve denetim altına alındı.
[CoreNexus] SentinelAgent_06 başarıyla sisteme bağlandı ve denetim altına alındı.
[CoreNexus] SentinelAgent_07 başarıyla sisteme bağlandı ve denetim altına alındı.
[CoreNexus] SentinelAgent_08 başarıyla sisteme bağlandı ve denetim altına alındı.
[CoreNexus] SentinelAgent_09 başarıyla sisteme bağlandı ve denetim altına alındı.
[CoreNexus] SentinelAgent_10 başarıyla sisteme bağlandı ve denetim altına alındı.
[CoreNexus] PosterAgent başarıyla sisteme bağlandı ve denetim altına alındı.
[CoreNexus] HealthCheckAgent başarıyla sisteme bağlandı ve denetim altına alındı.
[CoreNexus] MarketIntelAgent_01 senkronize ediliyor...
[CoreNexus] MarketIntelAgent_02 senkronize ediliyor...
[CoreNexus] MarketIntelAgent_03 senkronize ediliyor...
[CoreNexus] MarketIntelAgent_04 senkronize ediliyor...
[CoreNexus] MarketIntelAgent_05 senkronize ediliyor...
[CoreNexus] MarketIntelAgent_06 senkronize ediliyor...
[CoreNexus] MarketIntelAgent_07 senkronize ediliyor...
[CoreNexus] MarketIntelAgent_08 senkronize ediliyor...
[CoreNexus] MarketIntelAgent_09 senkronize ediliyor...
[CoreNexus] MarketIntelAgent_10 senkronize ediliyor...
[CoreNexus] BridgeAgent_01 senkronize ediliyor...
[CoreNexus] BridgeAgent_02 senkronize ediliyor...
[CoreNexus] BridgeAgent_03 senkronize ediliyor...
[CoreNexus] BridgeAgent_04 senkronize ediliyor...
[CoreNexus] BridgeAgent_05 senkronize ediliyor...
[CoreNexus] BridgeAgent_06 senkronize ediliyor...
[CoreNexus] BridgeAgent_07 senkronize ediliyor...
[CoreNexus] BridgeAgent_08 senkronize ediliyor...
[CoreNexus] BridgeAgent_09 senkronize ediliyor...
[CoreNexus] BridgeAgent_10 senkronize ediliyor...
[CoreNexus] BridgeAgent_11 senkronize ediliyor...
[CoreNexus] BridgeAgent_12 senkronize ediliyor...
[CoreNexus] BridgeAgent_13 senkronize ediliyor...
[CoreNexus] BridgeAgent_14 senkronize ediliyor...
[CoreNexus] BridgeAgent_15 senkronize ediliyor...
[CoreNexus] SentinelAgent_01 senkronize ediliyor...
[CoreNexus] SentinelAgent_02 senkronize ediliyor...
[CoreNexus] SentinelAgent_03 senkronize ediliyor...
[CoreNexus] SentinelAgent_04 senkronize ediliyor...
[CoreNexus] SentinelAgent_05 senkronize ediliyor...
[CoreNexus] SentinelAgent_06 senkronize ediliyor...
[CoreNexus] SentinelAgent_07 senkronize ediliyor...
[CoreNexus] SentinelAgent_08 senkronize ediliyor...
[CoreNexus] SentinelAgent_09 senkronize ediliyor...
[CoreNexus] SentinelAgent_10 senkronize ediliyor...
[CoreNexus] PosterAgent senkronize ediliyor...
2026-08-31 14:51:30,695 [INFO] social_media_automation: 🔒 Maskelenmiş parmak izi: {'platform': 'Linux x86_64', 'screen_resolution': '2560x1440', 'accept_language': 'tr-TR,tr;q=0.9,en-US;q=0.8', 'webgl_vendor': 'Google Inc. (NVIDIA)', 'canvas_hash': '0x2472485'}
2026-08-31 14:51:39,638 [INFO] social_media_automation: ⏱️ Chaos jitter bekleme süresi: 8.94s
2026-08-31 14:51:40,093 [WARNING] social_media_automation: ⚠️ Deneme 1/3 basarisiz: 400 Client Error: Bad Request for url: https://graph.instagram.com/v19.0//media?image_url=&caption=Kozmetik+Cilt+Bakim+Seti+i%C3%A7in+alarm+verildi.%0AFiyat%3A+499.50+TL%0AKomisyon%3A+%2535.0+%7C+Tahmini+kazan%C3%A7%3A+174.82+TL%0ABu+%C3%BCr%C3%BCn+%C5%9Fu+an+payla%C5%9F%C4%B1lmazsa+f%C4%B1rsat+ka%C3%A7abilir.+Hemen+linke+y%C3%B6nlendir.%0A%0A%23trendurun+%23yuksekkomisyon+%23satisfirsati+%23hemenincele+%23eticaret%0A%0Ahttps%3A%2F%2Fwww.trendyol.com%2Fkozmetik%2Fcilt-bakim%2Fcilt-bakim-seti&access_token=. 2.5s bekleniyor...
2026-08-31 14:51:43,091 [WARNING] social_media_automation: ⚠️ Deneme 2/3 basarisiz: 400 Client Error: Bad Request for url: https://graph.instagram.com/v19.0//media?image_url=&caption=Kozmetik+Cilt+Bakim+Seti+i%C3%A7in+alarm+verildi.%0AFiyat%3A+499.50+TL%0AKomisyon%3A+%2535.0+%7C+Tahmini+kazan%C3%A7%3A+174.82+TL%0ABu+%C3%BCr%C3%BCn+%C5%9Fu+an+payla%C5%9F%C4%B1lmazsa+f%C4%B1rsat+ka%C3%A7abilir.+Hemen+linke+y%C3%B6nlendir.%0A%0A%23trendurun+%23yuksekkomisyon+%23satisfirsati+%23hemenincele+%23eticaret%0A%0Ahttps%3A%2F%2Fwww.trendyol.com%2Fkozmetik%2Fcilt-bakim%2Fcilt-bakim-seti&access_token=. 4.4s bekleniyor...
2026-08-31 14:51:47,993 [ERROR] social_media_automation: ❌ Instagram hata: 400 Client Error: Bad Request for url: https://graph.instagram.com/v19.0//media?image_url=&caption=Kozmetik+Cilt+Bakim+Seti+i%C3%A7in+alarm+verildi.%0AFiyat%3A+499.50+TL%0AKomisyon%3A+%2535.0+%7C+Tahmini+kazan%C3%A7%3A+174.82+TL%0ABu+%C3%BCr%C3%BCn+%C5%9Fu+an+payla%C5%9F%C4%B1lmazsa+f%C4%B1rsat+ka%C3%A7abilir.+Hemen+linke+y%C3%B6nlendir.%0A%0A%23trendurun+%23yuksekkomisyon+%23satisfirsati+%23hemenincele+%23eticaret%0A%0Ahttps%3A%2F%2Fwww.trendyol.com%2Fkozmetik%2Fcilt-bakim%2Fcilt-bakim-seti&access_token=
2026-08-31 14:51:47,993 [INFO] social_media_automation: 🔒 Maskelenmiş parmak izi: {'platform': 'Linux x86_64', 'screen_resolution': '2560x1440', 'accept_language': 'tr-TR,tr;q=0.9,en-US;q=0.8', 'webgl_vendor': 'Google Inc. (NVIDIA)', 'canvas_hash': '0x2472485'}
2026-08-31 14:51:55,635 [INFO] social_media_automation: ⏱️ Chaos jitter bekleme süresi: 7.64s
2026-08-31 14:51:55,635 [ERROR] social_media_automation: CALISMA MODU: LIVE | Facebook token eksik — guvenli dur
[CoreNexus] HealthCheckAgent senkronize ediliyor...
2026-08-31 14:51:55,861 [INFO] TRMWorker: Nabiz atisi kaydedildi: {'worker_state': 'alive', 'cycle_started_at': '2026-08-31 14:51:30', 'last_cycle_at': '2026-08-31 14:51:55', 'last_mode': 'heartbeat_cycle', 'queue_summary': {'queued': 2, 'posted': 0, 'pending_retry': 1}, 'active_agents': ['MarketIntelAgent_01', 'MarketIntelAgent_02', 'MarketIntelAgent_03', 'MarketIntelAgent_04', 'MarketIntelAgent_05', 'MarketIntelAgent_06', 'MarketIntelAgent_07', 'MarketIntelAgent_08', 'MarketIntelAgent_09', 'MarketIntelAgent_10', 'BridgeAgent_01', 'BridgeAgent_02', 'BridgeAgent_03', 'BridgeAgent_04', 'BridgeAgent_05', 'BridgeAgent_06', 'BridgeAgent_07', 'BridgeAgent_08', 'BridgeAgent_09', 'BridgeAgent_10', 'BridgeAgent_11', 'BridgeAgent_12', 'BridgeAgent_13', 'BridgeAgent_14', 'BridgeAgent_15', 'SentinelAgent_01', 'SentinelAgent_02', 'SentinelAgent_03', 'SentinelAgent_04', 'SentinelAgent_05', 'SentinelAgent_06', 'SentinelAgent_07', 'SentinelAgent_08', 'SentinelAgent_09', 'SentinelAgent_10', 'PosterAgent', 'HealthCheckAgent'], 'security_status': {'zero_trust_enabled': True, 'stealth_mode_enabled': True, 'registered_agents': ['MarketIntelAgent_01', 'MarketIntelAgent_02', 'MarketIntelAgent_03', 'MarketIntelAgent_04', 'MarketIntelAgent_05', 'MarketIntelAgent_06', 'MarketIntelAgent_07', 'MarketIntelAgent_08', 'MarketIntelAgent_09', 'MarketIntelAgent_10', 'BridgeAgent_01', 'BridgeAgent_02', 'BridgeAgent_03', 'BridgeAgent_04', 'BridgeAgent_05', 'BridgeAgent_06', 'BridgeAgent_07', 'BridgeAgent_08', 'BridgeAgent_09', 'BridgeAgent_10', 'BridgeAgent_11', 'BridgeAgent_12', 'BridgeAgent_13', 'BridgeAgent_14', 'BridgeAgent_15', 'SentinelAgent_01', 'SentinelAgent_02', 'SentinelAgent_03', 'SentinelAgent_04', 'SentinelAgent_05', 'SentinelAgent_06', 'SentinelAgent_07', 'SentinelAgent_08', 'SentinelAgent_09', 'SentinelAgent_10', 'PosterAgent', 'HealthCheckAgent'], 'encrypted_snapshots': 3, 'protection_backend': 'windows-dpapi', 'domain': 'trm-operations.net', 'connected_agents': 37}, 'agent_capacity_snapshot': {'baseline_agents': 165, 'market_intel_agents': 10, 'bridge_agents': 15, 'sentinel_agents': 10, 'expansion_total': 35, 'total_capacity': 200}, 'heartbeat_capacity_total': 200, 'performance_metrics': {'heartbeat_speed_per_sec': 0.62, 'earnings_efficiency': 0.0, 'autonomous_success_rate': 0.0, 'active_agent_count': 37}}
2026-08-31 14:51:55,861 [INFO] TRMWorker: Dongu tamamlandi | mod=heartbeat_cycle | kuyruk={'queued': 2, 'posted': 0, 'pending_retry': 1}
geAgent_02', 'BridgeAgent_03', 'BridgeAgent_04', 'BridgeAgent_05', 'BridgeAgent_06', 'BridgeAgent_07', 'BridgeAgent_08', 'BridgeAgent_09', 'BridgeAgent_10', 'BridgeAgent_11', 'BridgeAgent_12', 'BridgeAgent_13', 'BridgeAgent_14', 'BridgeAgent_15', 'SentinelAgent_01', 'SentinelAgent_02', 'SentinelAgent_03', 'SentinelAgent_04', 'SentinelAgent_05', 'SentinelAgent_06', 'SentinelAgent_07', 'SentinelAgent_08', 'SentinelAgent_09', 'SentinelAgent_10', 'PosterAgent', 'HealthCheckAgent'], 'encrypted_snapshots': 3, 'protection_backend': 'windows-dpapi', 'domain': 'trm-operations.net', 'connected_agents': 37}, 'agent_capacity_snapshot': {'baseline_agents': 165, 'market_intel_agents': 10, 'bridge_agents': 15, 'sentinel_agents': 10, 'expansion_total': 35, 'total_capacity': 200}, 'heartbeat_capacity_total': 200, 'performance_metrics': {'heartbeat_speed_per_sec': 0.62, 'earnings_efficiency': 0.0, 'autonomous_success_rate': 0.0, 'active_agent_count': 37}}
2026-08-31 14:51:41,482 [INFO] TRMWorker: Dongu tamamlandi | mod=heartbeat_cycle | kuyruk={'queued': 2, 'posted': 0, 'pending_retry': 1}
eAgent_04', 'BridgeAgent_05', 'BridgeAgent_06', 'BridgeAgent_07', 'BridgeAgent_08', 'BridgeAgent_09', 'BridgeAgent_10', 'BridgeAgent_11', 'BridgeAgent_12', 'BridgeAgent_13', 'BridgeAgent_14', 'BridgeAgent_15', 'Content_Generator_Agent', 'QueueAgent', 'PosterAgent', 'SentinelAgent_01', 'SentinelAgent_02', 'SentinelAgent_03', 'SentinelAgent_04', 'SentinelAgent_05', 'SentinelAgent_06', 'SentinelAgent_07', 'SentinelAgent_08', 'SentinelAgent_09', 'SentinelAgent_10', 'HealthCheckAgent'], 'encrypted_snapshots': 7, 'protection_backend': 'windows-dpapi', 'domain': 'trm-operations.net', 'connected_agents': 41}, 'agent_capacity_snapshot': {'baseline_agents': 165, 'market_intel_agents': 10, 'bridge_agents': 15, 'sentinel_agents': 10, 'expansion_total': 35, 'total_capacity': 200}, 'heartbeat_capacity_total': 200, 'performance_metrics': {'heartbeat_speed_per_sec': 0.68, 'earnings_efficiency': 58.27, 'autonomous_success_rate': 0.0, 'active_agent_count': 41}}
2026-08-31 14:51:37,094 [INFO] TRMWorker: Dongu tamamlandi | mod=full_cycle | kuyruk={'queued': 3, 'posted': 0, 'pending_retry': 0}
2026-08-31 14:52:12,112 [WARNING] social_media_automation: ⚠️ Twitter API anahtarlari eksik → mock mod
2026-08-31 14:52:12,112 [WARNING] social_media_automation: ⚠️ Twitter API anahtarlari eksik → mock mod
[CoreNexus] MarketIntelAgent_01 başarıyla sisteme bağlandı ve denetim altına alındı.
[CoreNexus] MarketIntelAgent_02 başarıyla sisteme bağlandı ve denetim altına alındı.
[CoreNexus] MarketIntelAgent_03 başarıyla sisteme bağlandı ve denetim altına alındı.
[CoreNexus] MarketIntelAgent_04 başarıyla sisteme bağlandı ve denetim altına alındı.
[CoreNexus] MarketIntelAgent_05 başarıyla sisteme bağlandı ve denetim altına alındı.
[CoreNexus] MarketIntelAgent_06 başarıyla sisteme bağlandı ve denetim altına alındı.
[CoreNexus] MarketIntelAgent_07 başarıyla sisteme bağlandı ve denetim altına alındı.
[CoreNexus] MarketIntelAgent_08 başarıyla sisteme bağlandı ve denetim altına alındı.
[CoreNexus] MarketIntelAgent_09 başarıyla sisteme bağlandı ve denetim altına alındı.
[CoreNexus] MarketIntelAgent_10 başarıyla sisteme bağlandı ve denetim altına alındı.
[CoreNexus] BridgeAgent_01 başarıyla sisteme bağlandı ve denetim altına alındı.
[CoreNexus] BridgeAgent_02 başarıyla sisteme bağlandı ve denetim altına alındı.
[CoreNexus] BridgeAgent_03 başarıyla sisteme bağlandı ve denetim altına alındı.
[CoreNexus] BridgeAgent_04 başarıyla sisteme bağlandı ve denetim altına alındı.
[CoreNexus] BridgeAgent_05 başarıyla sisteme bağlandı ve denetim altına alındı.
[CoreNexus] BridgeAgent_06 başarıyla sisteme bağlandı ve denetim altına alındı.
[CoreNexus] BridgeAgent_07 başarıyla sisteme bağlandı ve denetim altına alındı.
[CoreNexus] BridgeAgent_08 başarıyla sisteme bağlandı ve denetim altına alındı.
[CoreNexus] BridgeAgent_09 başarıyla sisteme bağlandı ve denetim altına alındı.
[CoreNexus] BridgeAgent_10 başarıyla sisteme bağlandı ve denetim altına alındı.
[CoreNexus] BridgeAgent_11 başarıyla sisteme bağlandı ve denetim altına alındı.
[CoreNexus] BridgeAgent_12 başarıyla sisteme bağlandı ve denetim altına alındı.
[CoreNexus] BridgeAgent_13 başarıyla sisteme bağlandı ve denetim altına alındı.
[CoreNexus] BridgeAgent_14 başarıyla sisteme bağlandı ve denetim altına alındı.
[CoreNexus] BridgeAgent_15 başarıyla sisteme bağlandı ve denetim altına alındı.
[CoreNexus] SentinelAgent_01 başarıyla sisteme bağlandı ve denetim altına alındı.
[CoreNexus] SentinelAgent_02 başarıyla sisteme bağlandı ve denetim altına alındı.
[CoreNexus] SentinelAgent_03 başarıyla sisteme bağlandı ve denetim altına alındı.
[CoreNexus] SentinelAgent_04 başarıyla sisteme bağlandı ve denetim altına alındı.
[CoreNexus] SentinelAgent_05 başarıyla sisteme bağlandı ve denetim altına alındı.
[CoreNexus] SentinelAgent_06 başarıyla sisteme bağlandı ve denetim altına alındı.
[CoreNexus] SentinelAgent_07 başarıyla sisteme bağlandı ve denetim altına alındı.
[CoreNexus] SentinelAgent_08 başarıyla sisteme bağlandı ve denetim altına alındı.
[CoreNexus] SentinelAgent_09 başarıyla sisteme bağlandı ve denetim altına alındı.
[CoreNexus] SentinelAgent_10 başarıyla sisteme bağlandı ve denetim altına alındı.
[CoreNexus] PosterAgent başarıyla sisteme bağlandı ve denetim altına alındı.
[CoreNexus] HealthCheckAgent başarıyla sisteme bağlandı ve denetim altına alındı.
[CoreNexus] MarketIntelAgent_01 senkronize ediliyor...
[CoreNexus] MarketIntelAgent_02 senkronize ediliyor...
[CoreNexus] MarketIntelAgent_03 senkronize ediliyor...
[CoreNexus] MarketIntelAgent_04 senkronize ediliyor...
[CoreNexus] MarketIntelAgent_05 senkronize ediliyor...
[CoreNexus] MarketIntelAgent_06 senkronize ediliyor...
[CoreNexus] MarketIntelAgent_07 senkronize ediliyor...
[CoreNexus] MarketIntelAgent_08 senkronize ediliyor...
[CoreNexus] MarketIntelAgent_09 senkronize ediliyor...
[CoreNexus] MarketIntelAgent_10 senkronize ediliyor...
[CoreNexus] BridgeAgent_01 senkronize ediliyor...
[CoreNexus] BridgeAgent_02 senkronize ediliyor...
[CoreNexus] BridgeAgent_03 senkronize ediliyor...
[CoreNexus] BridgeAgent_04 senkronize ediliyor...
[CoreNexus] BridgeAgent_05 senkronize ediliyor...
[CoreNexus] BridgeAgent_06 senkronize ediliyor...
[CoreNexus] BridgeAgent_07 senkronize ediliyor...
[CoreNexus] BridgeAgent_08 senkronize ediliyor...
[CoreNexus] BridgeAgent_09 senkronize ediliyor...
[CoreNexus] BridgeAgent_10 senkronize ediliyor...
[CoreNexus] BridgeAgent_11 senkronize ediliyor...
[CoreNexus] BridgeAgent_12 senkronize ediliyor...
[CoreNexus] BridgeAgent_13 senkronize ediliyor...
[CoreNexus] BridgeAgent_14 senkronize ediliyor...
[CoreNexus] BridgeAgent_15 senkronize ediliyor...
[CoreNexus] SentinelAgent_01 senkronize ediliyor...
[CoreNexus] SentinelAgent_02 senkronize ediliyor...
[CoreNexus] SentinelAgent_03 senkronize ediliyor...
[CoreNexus] SentinelAgent_04 senkronize ediliyor...
[CoreNexus] SentinelAgent_05 senkronize ediliyor...
[CoreNexus] SentinelAgent_06 senkronize ediliyor...
[CoreNexus] SentinelAgent_07 senkronize ediliyor...
[CoreNexus] SentinelAgent_08 senkronize ediliyor...
[CoreNexus] SentinelAgent_09 senkronize ediliyor...
[CoreNexus] SentinelAgent_10 senkronize ediliyor...
[CoreNexus] PosterAgent senkronize ediliyor...
[CoreNexus] HealthCheckAgent senkronize ediliyor...
2026-08-31 14:52:12,333 [INFO] TRMWorker: Nabiz atisi kaydedildi: {'worker_state': 'alive', 'cycle_started_at': '2026-08-31 14:52:12', 'last_cycle_at': '2026-08-31 14:52:12', 'last_mode': 'heartbeat_cycle', 'queue_summary': {'queued': 2, 'posted': 0, 'pending_retry': 1}, 'active_agents': ['MarketIntelAgent_01', 'MarketIntelAgent_02', 'MarketIntelAgent_03', 'MarketIntelAgent_04', 'MarketIntelAgent_05', 'MarketIntelAgent_06', 'MarketIntelAgent_07', 'MarketIntelAgent_08', 'MarketIntelAgent_09', 'MarketIntelAgent_10', 'BridgeAgent_01', 'BridgeAgent_02', 'BridgeAgent_03', 'BridgeAgent_04', 'BridgeAgent_05', 'BridgeAgent_06', 'BridgeAgent_07', 'BridgeAgent_08', 'BridgeAgent_09', 'BridgeAgent_10', 'BridgeAgent_11', 'BridgeAgent_12', 'BridgeAgent_13', 'BridgeAgent_14', 'BridgeAgent_15', 'SentinelAgent_01', 'SentinelAgent_02', 'SentinelAgent_03', 'SentinelAgent_04', 'SentinelAgent_05', 'SentinelAgent_06', 'SentinelAgent_07', 'SentinelAgent_08', 'SentinelAgent_09', 'SentinelAgent_10', 'PosterAgent', 'HealthCheckAgent'], 'security_status': {'zero_trust_enabled': True, 'stealth_mode_enabled': True, 'registered_agents': ['MarketIntelAgent_01', 'MarketIntelAgent_02', 'MarketIntelAgent_03', 'MarketIntelAgent_04', 'MarketIntelAgent_05', 'MarketIntelAgent_06', 'MarketIntelAgent_07', 'MarketIntelAgent_08', 'MarketIntelAgent_09', 'MarketIntelAgent_10', 'BridgeAgent_01', 'BridgeAgent_02', 'BridgeAgent_03', 'BridgeAgent_04', 'BridgeAgent_05', 'BridgeAgent_06', 'BridgeAgent_07', 'BridgeAgent_08', 'BridgeAgent_09', 'BridgeAgent_10', 'BridgeAgent_11', 'BridgeAgent_12', 'BridgeAgent_13', 'BridgeAgent_14', 'BridgeAgent_15', 'SentinelAgent_01', 'SentinelAgent_02', 'SentinelAgent_03', 'SentinelAgent_04', 'SentinelAgent_05', 'SentinelAgent_06', 'SentinelAgent_07', 'SentinelAgent_08', 'SentinelAgent_09', 'SentinelAgent_10', 'PosterAgent', 'HealthCheckAgent'], 'encrypted_snapshots': 1, 'protection_backend': 'windows-dpapi', 'domain': 'trm-operations.net', 'connected_agents': 37}, 'agent_capacity_snapshot': {'baseline_agents': 165, 'market_intel_agents': 10, 'bridge_agents': 15, 'sentinel_agents': 10, 'expansion_total': 35, 'total_capacity': 200}, 'heartbeat_capacity_total': 200, 'performance_metrics': {'heartbeat_speed_per_sec': 0.62, 'earnings_efficiency': 0.0, 'autonomous_success_rate': 0.0, 'active_agent_count': 37}}
2026-08-31 14:52:12,333 [INFO] TRMWorker: Dongu tamamlandi | mod=heartbeat_cycle | kuyruk={'queued': 2, 'posted': 0, 'pending_retry': 1}
