2026-08-31 14:23:54,596 - TRMWatchdog - INFO - TRM Watchdog Servisi başlatıldı
2026-08-31 14:23:54,596 - TRMWatchdog - INFO - === Gözcü Kontrol Döngüsü Başladı ===
2026-08-31 14:23:55,598 - TRMWatchdog - INFO - Sistem CPU: 16.6%, RAM: 90.4%, Disk: 93.1%
2026-08-31 14:23:55,598 - TRMWatchdog - WARNING - RAM kullanımı yüksek: 90.4%
2026-08-31 14:23:55,598 - TRMWatchdog - WARNING - Disk kullanımı yüksek: 93.1%
2026-08-31 14:23:55,645 - TRMWatchdog - WARNING - Kritik süreç durdu: python - yeniden başlatılıyor...
2026-08-31 14:23:55,683 - TRMWatchdog - INFO - Process python başarıyla yeniden başlatıldı (deneme 1)
2026-08-31 14:24:05,716 - TRMWatchdog - WARNING - Kritik süreç durdu: python - yeniden başlatılıyor...
2026-08-31 14:24:05,743 - TRMWatchdog - INFO - Process python başarıyla yeniden başlatıldı (deneme 1)
2026-08-31 14:24:15,796 - TRMWatchdog - INFO - python (trm_worker.py): DURDU - PID: None
2026-08-31 14:24:15,796 - TRMWatchdog - INFO - python (orchestrator_api.py): DURDU - PID: None
2026-08-31 14:24:15,796 - TRMWatchdog - INFO - streamlit (run app.py): DURDU - PID: None
2026-08-31 14:24:45,801 - TRMWatchdog - INFO - === Gözcü Kontrol Döngüsü Başladı ===
2026-08-31 14:24:46,803 - TRMWatchdog - INFO - Sistem CPU: 21.8%, RAM: 86.6%, Disk: 93.1%
2026-08-31 14:24:46,803 - TRMWatchdog - WARNING - Disk kullanımı yüksek: 93.1%
2026-08-31 14:24:46,831 - TRMWatchdog - WARNING - Kritik süreç durdu: python - yeniden başlatılıyor...
2026-08-31 14:24:46,861 - TRMWatchdog - INFO - Process python başarıyla yeniden başlatıldı (deneme 2)
2026-08-31 14:24:56,907 - TRMWatchdog - WARNING - Kritik süreç durdu: python - yeniden başlatılıyor...
2026-08-31 14:24:56,930 - TRMWatchdog - INFO - Process python başarıyla yeniden başlatıldı (deneme 2)
2026-08-31 14:25:06,993 - TRMWatchdog - INFO - python (trm_worker.py): DURDU - PID: None
2026-08-31 14:25:06,993 - TRMWatchdog - INFO - python (orchestrator_api.py): DURDU - PID: None
2026-08-31 14:25:06,993 - TRMWatchdog - INFO - streamlit (run app.py): DURDU - PID: None
2026-08-31 14:25:36,995 - TRMWatchdog - INFO - === Gözcü Kontrol Döngüsü Başladı ===
2026-08-31 14:25:37,996 - TRMWatchdog - INFO - Sistem CPU: 22.3%, RAM: 92.1%, Disk: 93.1%
2026-08-31 14:25:37,996 - TRMWatchdog - WARNING - RAM kullanımı yüksek: 92.1%
2026-08-31 14:25:37,996 - TRMWatchdog - WARNING - Disk kullanımı yüksek: 93.1%
2026-08-31 14:25:38,023 - TRMWatchdog - WARNING - Kritik süreç durdu: python - yeniden başlatılıyor...
2026-08-31 14:25:38,050 - TRMWatchdog - INFO - Process python başarıyla yeniden başlatıldı (deneme 3)
2026-08-31 14:25:48,097 - TRMWatchdog - WARNING - Kritik süreç durdu: python - yeniden başlatılıyor...
2026-08-31 14:25:48,127 - TRMWatchdog - INFO - Process python başarıyla yeniden başlatıldı (deneme 3)
2026-08-31 14:25:58,167 - TRMWatchdog - INFO - python (trm_worker.py): DURDU - PID: None
2026-08-31 14:25:58,167 - TRMWatchdog - INFO - python (orchestrator_api.py): DURDU - PID: None
2026-08-31 14:25:58,167 - TRMWatchdog - INFO - streamlit (run app.py): DURDU - PID: None
2026-08-31 14:26:28,169 - TRMWatchdog - INFO - === Gözcü Kontrol Döngüsü Başladı ===
2026-08-31 14:26:29,171 - TRMWatchdog - INFO - Sistem CPU: 42.9%, RAM: 88.9%, Disk: 93.1%
2026-08-31 14:26:29,171 - TRMWatchdog - WARNING - Disk kullanımı yüksek: 93.1%
2026-08-31 14:26:29,203 - TRMWatchdog - WARNING - Kritik süreç durdu: python - yeniden başlatılıyor...
2026-08-31 14:26:29,203 - TRMWatchdog - ERROR - Process python maksimum yeniden başlatma sayısına ulaştı
2026-08-31 14:26:29,266 - TRMWatchdog - WARNING - Kritik süreç durdu: python - yeniden başlatılıyor...
2026-08-31 14:26:29,266 - TRMWatchdog - ERROR - Process python maksimum yeniden başlatma sayısına ulaştı
2026-08-31 14:26:29,330 - TRMWatchdog - INFO - python (trm_worker.py): DURDU - PID: None
2026-08-31 14:26:29,330 - TRMWatchdog - INFO - python (orchestrator_api.py): DURDU - PID: None
2026-08-31 14:26:29,331 - TRMWatchdog - INFO - streamlit (run app.py): DURDU - PID: None
2026-08-31 14:26:56,677 - TRMWatchdog - INFO - TRM Watchdog Servisi başlatıldı
2026-08-31 14:26:56,677 - TRMWatchdog - INFO - === Gözcü Kontrol Döngüsü Başladı ===
2026-08-31 14:26:57,678 - TRMWatchdog - INFO - Sistem CPU: 16.7%, RAM: 89.9%, Disk: 93.1%
2026-08-31 14:26:57,678 - TRMWatchdog - WARNING - Disk kullanımı yüksek: 93.1%
2026-08-31 14:26:57,721 - TRMWatchdog - WARNING - Kritik süreç durdu: python - yeniden başlatılıyor...
2026-08-31 14:26:57,751 - TRMWatchdog - INFO - Process python başarıyla yeniden başlatıldı (PID: 3644, deneme 1)
2026-08-31 14:27:07,806 - TRMWatchdog - WARNING - Kritik süreç durdu: python - yeniden başlatılıyor...
2026-08-31 14:27:07,829 - TRMWatchdog - INFO - Process python başarıyla yeniden başlatıldı (PID: 3968, deneme 1)
2026-08-31 14:27:17,880 - TRMWatchdog - INFO - python (trm_worker.py): DURDU - PID: None
2026-08-31 14:27:17,881 - TRMWatchdog - INFO - python (orchestrator_api.py): DURDU - PID: None
2026-08-31 14:27:17,881 - TRMWatchdog - INFO - streamlit (run app.py): DURDU - PID: None
2026-08-31 14:27:47,883 - TRMWatchdog - INFO - === Gözcü Kontrol Döngüsü Başladı ===
2026-08-31 14:27:48,884 - TRMWatchdog - INFO - Sistem CPU: 12.6%, RAM: 87.7%, Disk: 93.1%
2026-08-31 14:27:48,884 - TRMWatchdog - WARNING - Disk kullanımı yüksek: 93.1%
2026-08-31 14:27:48,903 - TRMWatchdog - WARNING - Kritik süreç durdu: python - yeniden başlatılıyor...
2026-08-31 14:27:48,927 - TRMWatchdog - INFO - Process python başarıyla yeniden başlatıldı (PID: 3252, deneme 2)
2026-08-31 14:27:58,971 - TRMWatchdog - WARNING - Kritik süreç durdu: python - yeniden başlatılıyor...
2026-08-31 14:27:58,982 - TRMWatchdog - INFO - Process python başarıyla yeniden başlatıldı (PID: 12844, deneme 2)
2026-08-31 14:28:09,063 - TRMWatchdog - INFO - python (trm_worker.py): DURDU - PID: None
2026-08-31 14:28:09,063 - TRMWatchdog - INFO - python (orchestrator_api.py): DURDU - PID: None
2026-08-31 14:28:09,063 - TRMWatchdog - INFO - streamlit (run app.py): DURDU - PID: None
2026-08-31 14:28:39,067 - TRMWatchdog - INFO - === Gözcü Kontrol Döngüsü Başladı ===
2026-08-31 14:28:40,069 - TRMWatchdog - INFO - Sistem CPU: 15.8%, RAM: 89.7%, Disk: 93.1%
2026-08-31 14:28:40,069 - TRMWatchdog - WARNING - Disk kullanımı yüksek: 93.1%
2026-08-31 14:28:40,085 - TRMWatchdog - WARNING - Kritik süreç durdu: python - yeniden başlatılıyor...
2026-08-31 14:28:40,112 - TRMWatchdog - INFO - Process python başarıyla yeniden başlatıldı (PID: 10180, deneme 3)
2026-08-31 14:28:50,196 - TRMWatchdog - WARNING - Kritik süreç durdu: python - yeniden başlatılıyor...
2026-08-31 14:28:50,246 - TRMWatchdog - INFO - Process python başarıyla yeniden başlatıldı (PID: 14904, deneme 3)
2026-08-31 14:29:00,304 - TRMWatchdog - INFO - python (trm_worker.py): DURDU - PID: None
2026-08-31 14:29:00,304 - TRMWatchdog - INFO - python (orchestrator_api.py): DURDU - PID: None
2026-08-31 14:29:00,304 - TRMWatchdog - INFO - streamlit (run app.py): DURDU - PID: None
2026-08-31 14:29:30,326 - TRMWatchdog - INFO - === Gözcü Kontrol Döngüsü Başladı ===
2026-08-31 14:29:31,348 - TRMWatchdog - INFO - Sistem CPU: 36.9%, RAM: 88.1%, Disk: 93.1%
2026-08-31 14:29:31,348 - TRMWatchdog - WARNING - Disk kullanımı yüksek: 93.1%
2026-08-31 14:29:31,372 - TRMWatchdog - WARNING - Kritik süreç durdu: python - yeniden başlatılıyor...
2026-08-31 14:29:31,372 - TRMWatchdog - ERROR - Process python maksimum yeniden başlatma sayısına ulaştı
2026-08-31 14:29:31,415 - TRMWatchdog - WARNING - Kritik süreç durdu: python - yeniden başlatılıyor...
2026-08-31 14:29:31,415 - TRMWatchdog - ERROR - Process python maksimum yeniden başlatma sayısına ulaştı
2026-08-31 14:29:31,458 - TRMWatchdog - INFO - python (trm_worker.py): DURDU - PID: None
2026-08-31 14:29:31,458 - TRMWatchdog - INFO - python (orchestrator_api.py): DURDU - PID: None
2026-08-31 14:29:31,458 - TRMWatchdog - INFO - streamlit (run app.py): DURDU - PID: None
2026-08-31 14:30:01,460 - TRMWatchdog - INFO - === Gözcü Kontrol Döngüsü Başladı ===
2026-08-31 14:30:02,461 - TRMWatchdog - INFO - Sistem CPU: 14.8%, RAM: 86.7%, Disk: 93.1%
2026-08-31 14:30:02,462 - TRMWatchdog - WARNING - Disk kullanımı yüksek: 93.1%
2026-08-31 14:30:02,488 - TRMWatchdog - WARNING - Kritik süreç durdu: python - yeniden başlatılıyor...
2026-08-31 14:30:02,488 - TRMWatchdog - ERROR - Process python maksimum yeniden başlatma sayısına ulaştı
2026-08-31 14:30:02,535 - TRMWatchdog - WARNING - Kritik süreç durdu: python - yeniden başlatılıyor...
2026-08-31 14:30:02,535 - TRMWatchdog - ERROR - Process python maksimum yeniden başlatma sayısına ulaştı
2026-08-31 14:30:02,580 - TRMWatchdog - INFO - python (trm_worker.py): DURDU - PID: None
2026-08-31 14:30:02,580 - TRMWatchdog - INFO - python (orchestrator_api.py): DURDU - PID: None
2026-08-31 14:30:02,580 - TRMWatchdog - INFO - streamlit (run app.py): DURDU - PID: None
2026-08-31 14:30:32,582 - TRMWatchdog - INFO - === Gözcü Kontrol Döngüsü Başladı ===
2026-08-31 14:30:33,584 - TRMWatchdog - INFO - Sistem CPU: 24.2%, RAM: 84.2%, Disk: 93.1%
2026-08-31 14:30:33,584 - TRMWatchdog - WARNING - Disk kullanımı yüksek: 93.1%
2026-08-31 14:30:33,612 - TRMWatchdog - WARNING - Kritik süreç durdu: python - yeniden başlatılıyor...
2026-08-31 14:30:33,612 - TRMWatchdog - ERROR - Process python maksimum yeniden başlatma sayısına ulaştı
2026-08-31 14:30:33,650 - TRMWatchdog - WARNING - Kritik süreç durdu: python - yeniden başlatılıyor...
2026-08-31 14:30:33,650 - TRMWatchdog - ERROR - Process python maksimum yeniden başlatma sayısına ulaştı
2026-08-31 14:30:33,694 - TRMWatchdog - INFO - python (trm_worker.py): DURDU - PID: None
2026-08-31 14:30:33,695 - TRMWatchdog - INFO - python (orchestrator_api.py): DURDU - PID: None
2026-08-31 14:30:33,695 - TRMWatchdog - INFO - streamlit (run app.py): DURDU - PID: None
2026-08-31 14:31:11,150 - TRMWatchdog - INFO - TRM Watchdog Servisi başlatıldı
2026-08-31 14:31:11,150 - TRMWatchdog - INFO - === Gözcü Kontrol Döngüsü Başladı ===
2026-08-31 14:31:12,152 - TRMWatchdog - INFO - Sistem CPU: 16.6%, RAM: 86.1%, Disk: 93.1%
2026-08-31 14:31:12,152 - TRMWatchdog - WARNING - Disk kullanımı yüksek: 93.1%
2026-08-31 14:31:12,205 - TRMWatchdog - WARNING - Kritik süreç durdu: python trm_worker.py - yeniden başlatılıyor...
2026-08-31 14:31:12,239 - TRMWatchdog - INFO - Process python başarıyla yeniden başlatıldı (PID: 9596, deneme 1)
2026-08-31 14:31:22,274 - TRMWatchdog - WARNING - Kritik süreç durdu: python orchestrator_api.py - yeniden başlatılıyor...
2026-08-31 14:31:22,296 - TRMWatchdog - INFO - Process python başarıyla yeniden başlatıldı (PID: 5168, deneme 1)
2026-08-31 14:31:32,331 - TRMWatchdog - INFO - python trm_worker.py: DURDU - PID: None - TRM Worker Servisi
2026-08-31 14:31:32,331 - TRMWatchdog - INFO - python orchestrator_api.py: DURDU - PID: None - Orchestrator API Servisi
2026-08-31 14:31:32,331 - TRMWatchdog - INFO - streamlit run app.py: DURDU - PID: None - Streamlit Dashboard
2026-08-31 14:32:02,334 - TRMWatchdog - INFO - === Gözcü Kontrol Döngüsü Başladı ===
2026-08-31 14:32:03,335 - TRMWatchdog - INFO - Sistem CPU: 17.7%, RAM: 87.0%, Disk: 93.1%
2026-08-31 14:32:03,335 - TRMWatchdog - WARNING - Disk kullanımı yüksek: 93.1%
2026-08-31 14:32:03,344 - TRMWatchdog - WARNING - Kritik süreç durdu: python trm_worker.py - yeniden başlatılıyor...
2026-08-31 14:32:03,376 - TRMWatchdog - INFO - Process python başarıyla yeniden başlatıldı (PID: 9680, deneme 2)
2026-08-31 14:32:13,410 - TRMWatchdog - WARNING - Kritik süreç durdu: python orchestrator_api.py - yeniden başlatılıyor...
2026-08-31 14:32:13,428 - TRMWatchdog - INFO - Process python başarıyla yeniden başlatıldı (PID: 5352, deneme 2)
2026-08-31 14:32:23,461 - TRMWatchdog - INFO - python trm_worker.py: DURDU - PID: None - TRM Worker Servisi
2026-08-31 14:32:23,461 - TRMWatchdog - INFO - python orchestrator_api.py: DURDU - PID: None - Orchestrator API Servisi
2026-08-31 14:32:23,461 - TRMWatchdog - INFO - streamlit run app.py: DURDU - PID: None - Streamlit Dashboard
2026-08-31 14:32:53,462 - TRMWatchdog - INFO - === Gözcü Kontrol Döngüsü Başladı ===
2026-08-31 14:32:54,465 - TRMWatchdog - INFO - Sistem CPU: 38.3%, RAM: 87.6%, Disk: 93.1%
2026-08-31 14:32:54,466 - TRMWatchdog - WARNING - Disk kullanımı yüksek: 93.1%
2026-08-31 14:32:54,496 - TRMWatchdog - WARNING - Kritik süreç durdu: python trm_worker.py - yeniden başlatılıyor...
2026-08-31 14:32:54,522 - TRMWatchdog - INFO - Process python başarıyla yeniden başlatıldı (PID: 8392, deneme 3)
2026-08-31 14:33:04,558 - TRMWatchdog - WARNING - Kritik süreç durdu: python orchestrator_api.py - yeniden başlatılıyor...
2026-08-31 14:33:04,577 - TRMWatchdog - INFO - Process python başarıyla yeniden başlatıldı (PID: 11560, deneme 3)
2026-08-31 14:33:14,637 - TRMWatchdog - INFO - python trm_worker.py: DURDU - PID: None - TRM Worker Servisi
2026-08-31 14:33:14,638 - TRMWatchdog - INFO - python orchestrator_api.py: DURDU - PID: None - Orchestrator API Servisi
2026-08-31 14:33:14,638 - TRMWatchdog - INFO - streamlit run app.py: DURDU - PID: None - Streamlit Dashboard
2026-08-31 14:33:44,640 - TRMWatchdog - INFO - === Gözcü Kontrol Döngüsü Başladı ===
2026-08-31 14:33:45,642 - TRMWatchdog - INFO - Sistem CPU: 22.0%, RAM: 89.3%, Disk: 93.1%
2026-08-31 14:33:45,642 - TRMWatchdog - WARNING - Disk kullanımı yüksek: 93.1%
2026-08-31 14:33:45,677 - TRMWatchdog - WARNING - Kritik süreç durdu: python trm_worker.py - yeniden başlatılıyor...
2026-08-31 14:33:45,677 - TRMWatchdog - ERROR - Process python maksimum yeniden başlatma sayısına ulaştı
2026-08-31 14:33:45,738 - TRMWatchdog - WARNING - Kritik süreç durdu: python orchestrator_api.py - yeniden başlatılıyor...
2026-08-31 14:33:45,738 - TRMWatchdog - ERROR - Process python maksimum yeniden başlatma sayısına ulaştı
2026-08-31 14:33:45,797 - TRMWatchdog - INFO - python trm_worker.py: DURDU - PID: None - TRM Worker Servisi
2026-08-31 14:33:45,797 - TRMWatchdog - INFO - python orchestrator_api.py: DURDU - PID: None - Orchestrator API Servisi
2026-08-31 14:33:45,797 - TRMWatchdog - INFO - streamlit run app.py: DURDU - PID: None - Streamlit Dashboard
2026-08-31 14:35:54,509 - TRMWatchdog - INFO - TRM Watchdog Servisi başlatıldı
2026-08-31 14:35:54,510 - TRMWatchdog - INFO - === Gözcü Kontrol Döngüsü Başladı ===
2026-08-31 14:35:55,511 - TRMWatchdog - INFO - Sistem CPU: 13.8%, RAM: 88.7%, Disk: 93.1%
2026-08-31 14:35:55,511 - TRMWatchdog - WARNING - Disk kullanımı yüksek: 93.1%
2026-08-31 14:35:55,546 - TRMWatchdog - WARNING - Kritik süreç durdu: python trm_worker.py - yeniden başlatılıyor...
2026-08-31 14:35:55,562 - TRMWatchdog - INFO - Process python log dosyası: trm_worker.log
2026-08-31 14:35:55,571 - TRMWatchdog - INFO - Process python başlatıldı. Çıktıları trm_worker.log dosyasına ve konsola yazılıyor.
2026-08-31 14:35:55,573 - TRMWatchdog - INFO - Process python başarıyla yeniden başlatıldı (PID: 8836, deneme 1)
2026-08-31 14:35:56,377 - TRMWatchdog - INFO - [trm_worker.py] 2026-08-31 14:35:56,327 [INFO] social_media_automation: CALISMA MODU: LIVE
2026-08-31 14:35:58,186 - TRMWatchdog - INFO - [trm_worker.py] usage: trm_worker.py [-h] {run,once,start,stop,status,install-task}
2026-08-31 14:35:58,186 - TRMWatchdog - INFO - [trm_worker.py] trm_worker.py: error: the following arguments are required: command
2026-08-31 14:36:05,627 - TRMWatchdog - WARNING - Kritik süreç durdu: python orchestrator_api.py - yeniden başlatılıyor...
2026-08-31 14:36:05,653 - TRMWatchdog - INFO - Process python log dosyası: orchestrator_api.log
2026-08-31 14:36:05,669 - TRMWatchdog - INFO - Process python başlatıldı. Çıktıları orchestrator_api.log dosyasına ve konsola yazılıyor.
2026-08-31 14:36:05,669 - TRMWatchdog - INFO - Process python başarıyla yeniden başlatıldı (PID: 9432, deneme 1)
2026-08-31 14:36:15,700 - TRMWatchdog - INFO - python trm_worker.py: DURDU - PID: None - TRM Worker Servisi
2026-08-31 14:36:15,700 - TRMWatchdog - INFO - python orchestrator_api.py: DURDU - PID: None - Orchestrator API Servisi
2026-08-31 14:36:15,700 - TRMWatchdog - INFO - streamlit run app.py: DURDU - PID: None - Streamlit Dashboard
2026-08-31 14:36:45,703 - TRMWatchdog - INFO - === Gözcü Kontrol Döngüsü Başladı ===
2026-08-31 14:36:46,704 - TRMWatchdog - INFO - Sistem CPU: 22.9%, RAM: 87.3%, Disk: 93.1%
2026-08-31 14:36:46,704 - TRMWatchdog - WARNING - Disk kullanımı yüksek: 93.1%
2026-08-31 14:36:46,722 - TRMWatchdog - WARNING - Kritik süreç durdu: python trm_worker.py - yeniden başlatılıyor...
2026-08-31 14:36:46,746 - TRMWatchdog - INFO - Process python log dosyası: trm_worker.log
2026-08-31 14:36:46,750 - TRMWatchdog - INFO - Process python başlatıldı. Çıktıları trm_worker.log dosyasına ve konsola yazılıyor.
2026-08-31 14:36:46,750 - TRMWatchdog - INFO - Process python başarıyla yeniden başlatıldı (PID: 4140, deneme 2)
2026-08-31 14:36:47,190 - TRMWatchdog - INFO - [trm_worker.py] 2026-08-31 14:36:47,157 [INFO] social_media_automation: CALISMA MODU: LIVE
2026-08-31 14:36:48,598 - TRMWatchdog - INFO - [trm_worker.py] usage: trm_worker.py [-h] {run,once,start,stop,status,install-task}
2026-08-31 14:36:48,598 - TRMWatchdog - INFO - [trm_worker.py] trm_worker.py: error: the following arguments are required: command
2026-08-31 14:36:56,796 - TRMWatchdog - WARNING - Kritik süreç durdu: python orchestrator_api.py - yeniden başlatılıyor...
2026-08-31 14:36:56,819 - TRMWatchdog - INFO - Process python log dosyası: orchestrator_api.log
2026-08-31 14:36:56,821 - TRMWatchdog - INFO - Process python başlatıldı. Çıktıları orchestrator_api.log dosyasına ve konsola yazılıyor.
2026-08-31 14:36:56,821 - TRMWatchdog - INFO - Process python başarıyla yeniden başlatıldı (PID: 6172, deneme 2)
2026-08-31 14:37:06,910 - TRMWatchdog - INFO - python trm_worker.py: DURDU - PID: None - TRM Worker Servisi
2026-08-31 14:37:06,911 - TRMWatchdog - INFO - python orchestrator_api.py: DURDU - PID: None - Orchestrator API Servisi
2026-08-31 14:37:06,911 - TRMWatchdog - INFO - streamlit run app.py: DURDU - PID: None - Streamlit Dashboard
2026-08-31 14:38:48,166 - TRMWatchdog - INFO - TRM Watchdog Servisi başlatıldı
2026-08-31 14:38:48,166 - TRMWatchdog - INFO - === Gözcü Kontrol Döngüsü Başladı ===
2026-08-31 14:38:49,169 - TRMWatchdog - INFO - Sistem CPU: 17.1%, RAM: 86.4%, Disk: 93.1%
2026-08-31 14:38:49,169 - TRMWatchdog - WARNING - Disk kullanımı yüksek: 93.1%
2026-08-31 14:38:49,199 - TRMWatchdog - WARNING - Kritik süreç durdu: python trm_worker.py run - yeniden başlatılıyor...
2026-08-31 14:38:49,221 - TRMWatchdog - INFO - Process python log dosyası: trm_worker.log
2026-08-31 14:38:49,232 - TRMWatchdog - INFO - Process python başlatıldı. Çıktıları trm_worker.log dosyasına ve konsola yazılıyor.
2026-08-31 14:38:49,232 - TRMWatchdog - INFO - Process python başarıyla yeniden başlatıldı (PID: 14232, deneme 1)
2026-08-31 14:38:49,650 - TRMWatchdog - INFO - [trm_worker.py] 2026-08-31 14:38:49,613 [INFO] social_media_automation: CALISMA MODU: LIVE
2026-08-31 14:38:50,855 - TRMWatchdog - INFO - [trm_worker.py] 2026-08-31 14:38:50,819 [INFO] TRMWorker: TRM worker baslatildi | loop=60s | factory_interval=6:00:00
2026-08-31 14:38:50,855 - TRMWatchdog - INFO - [trm_worker.py] 2026-08-31 14:38:50,821 [WARNING] social_media_automation: ⚠️ Twitter API anahtarlari eksik → mock mod
2026-08-31 14:38:50,956 - TRMWatchdog - INFO - [trm_worker.py] 2026-08-31 14:38:50,944 [WARNING] social_media_automation: ⚠️ Twitter API anahtarlari eksik → mock mod
2026-08-31 14:38:51,257 - TRMWatchdog - INFO - [trm_worker.py] [CoreNexus] CamouflageAgent başarıyla sisteme bağlandı ve denetim altına alındı.
2026-08-31 14:38:51,257 - TRMWatchdog - INFO - [trm_worker.py] [CoreNexus] AccountManagerAgent başarıyla sisteme bağlandı ve denetim altına alındı.
2026-08-31 14:38:51,257 - TRMWatchdog - INFO - [trm_worker.py] [CoreNexus] MarketIntelAgent_01 başarıyla sisteme bağlandı ve denetim altına alındı.
2026-08-31 14:38:51,257 - TRMWatchdog - INFO - [trm_worker.py] [CoreNexus] MarketIntelAgent_02 başarıyla sisteme bağlandı ve denetim altına alındı.
2026-08-31 14:38:51,257 - TRMWatchdog - INFO - [trm_worker.py] [CoreNexus] MarketIntelAgent_03 başarıyla sisteme bağlandı ve denetim altına alındı.
2026-08-31 14:38:51,257 - TRMWatchdog - INFO - [trm_worker.py] [CoreNexus] MarketIntelAgent_04 başarıyla sisteme bağlandı ve denetim altına alındı.
2026-08-31 14:38:51,257 - TRMWatchdog - INFO - [trm_worker.py] [CoreNexus] MarketIntelAgent_05 başarıyla sisteme bağlandı ve denetim altına alındı.
2026-08-31 14:38:51,257 - TRMWatchdog - INFO - [trm_worker.py] [CoreNexus] MarketIntelAgent_06 başarıyla sisteme bağlandı ve denetim altına alındı.
2026-08-31 14:38:51,257 - TRMWatchdog - INFO - [trm_worker.py] [CoreNexus] MarketIntelAgent_07 başarıyla sisteme bağlandı ve denetim altına alındı.
2026-08-31 14:38:51,257 - TRMWatchdog - INFO - [trm_worker.py] [CoreNexus] MarketIntelAgent_08 başarıyla sisteme bağlandı ve denetim altına alındı.
2026-08-31 14:38:51,260 - TRMWatchdog - INFO - [trm_worker.py] [CoreNexus] MarketIntelAgent_09 başarıyla sisteme bağlandı ve denetim altına alındı.
2026-08-31 14:38:51,260 - TRMWatchdog - INFO - [trm_worker.py] [CoreNexus] MarketIntelAgent_10 başarıyla sisteme bağlandı ve denetim altına alındı.
2026-08-31 14:38:51,260 - TRMWatchdog - INFO - [trm_worker.py] [CoreNexus] BridgeAgent_01 başarıyla sisteme bağlandı ve denetim altına alındı.
2026-08-31 14:38:51,261 - TRMWatchdog - INFO - [trm_worker.py] [CoreNexus] BridgeAgent_02 başarıyla sisteme bağlandı ve denetim altına alındı.
2026-08-31 14:38:51,261 - TRMWatchdog - INFO - [trm_worker.py] [CoreNexus] BridgeAgent_03 başarıyla sisteme bağlandı ve denetim altına alındı.
2026-08-31 14:38:51,261 - TRMWatchdog - INFO - [trm_worker.py] [CoreNexus] BridgeAgent_04 başarıyla sisteme bağlandı ve denetim altına alındı.
2026-08-31 14:38:51,261 - TRMWatchdog - INFO - [trm_worker.py] [CoreNexus] BridgeAgent_05 başarıyla sisteme bağlandı ve denetim altına alındı.
2026-08-31 14:38:51,262 - TRMWatchdog - INFO - [trm_worker.py] [CoreNexus] BridgeAgent_06 başarıyla sisteme bağlandı ve denetim altına alındı.
2026-08-31 14:38:51,262 - TRMWatchdog - INFO - [trm_worker.py] [CoreNexus] BridgeAgent_07 başarıyla sisteme bağlandı ve denetim altına alındı.
2026-08-31 14:38:51,262 - TRMWatchdog - INFO - [trm_worker.py] [CoreNexus] BridgeAgent_08 başarıyla sisteme bağlandı ve denetim altına alındı.
2026-08-31 14:38:51,262 - TRMWatchdog - INFO - [trm_worker.py] [CoreNexus] BridgeAgent_09 başarıyla sisteme bağlandı ve denetim altına alındı.
2026-08-31 14:38:51,262 - TRMWatchdog - INFO - [trm_worker.py] [CoreNexus] BridgeAgent_10 başarıyla sisteme bağlandı ve denetim altına alındı.
2026-08-31 14:38:51,262 - TRMWatchdog - INFO - [trm_worker.py] [CoreNexus] BridgeAgent_11 başarıyla sisteme bağlandı ve denetim altına alındı.
2026-08-31 14:38:51,262 - TRMWatchdog - INFO - [trm_worker.py] [CoreNexus] BridgeAgent_12 başarıyla sisteme bağlandı ve denetim altına alındı.
2026-08-31 14:38:51,262 - TRMWatchdog - INFO - [trm_worker.py] [CoreNexus] BridgeAgent_13 başarıyla sisteme bağlandı ve denetim altına alındı.
2026-08-31 14:38:51,262 - TRMWatchdog - INFO - [trm_worker.py] [CoreNexus] BridgeAgent_14 başarıyla sisteme bağlandı ve denetim altına alındı.
2026-08-31 14:38:51,262 - TRMWatchdog - INFO - [trm_worker.py] [CoreNexus] BridgeAgent_15 başarıyla sisteme bağlandı ve denetim altına alındı.
2026-08-31 14:38:51,262 - TRMWatchdog - INFO - [trm_worker.py] [CoreNexus] Content_Generator_Agent başarıyla sisteme bağlandı ve denetim altına alındı.
2026-08-31 14:38:51,262 - TRMWatchdog - INFO - [trm_worker.py] [CoreNexus] QueueAgent başarıyla sisteme bağlandı ve denetim altına alındı.
2026-08-31 14:38:51,264 - TRMWatchdog - INFO - [trm_worker.py] [CoreNexus] PosterAgent başarıyla sisteme bağlandı ve denetim altına alındı.
2026-08-31 14:38:51,264 - TRMWatchdog - INFO - [trm_worker.py] [CoreNexus] SentinelAgent_01 başarıyla sisteme bağlandı ve denetim altına alındı.
2026-08-31 14:38:51,264 - TRMWatchdog - INFO - [trm_worker.py] [CoreNexus] SentinelAgent_02 başarıyla sisteme bağlandı ve denetim altına alındı.
2026-08-31 14:38:51,264 - TRMWatchdog - INFO - [trm_worker.py] [CoreNexus] SentinelAgent_03 başarıyla sisteme bağlandı ve denetim altına alındı.
2026-08-31 14:38:51,264 - TRMWatchdog - INFO - [trm_worker.py] [CoreNexus] SentinelAgent_04 başarıyla sisteme bağlandı ve denetim altına alındı.
2026-08-31 14:38:51,264 - TRMWatchdog - INFO - [trm_worker.py] [CoreNexus] SentinelAgent_05 başarıyla sisteme bağlandı ve denetim altına alındı.
2026-08-31 14:38:51,264 - TRMWatchdog - INFO - [trm_worker.py] [CoreNexus] SentinelAgent_06 başarıyla sisteme bağlandı ve denetim altına alındı.
2026-08-31 14:38:51,266 - TRMWatchdog - INFO - [trm_worker.py] [CoreNexus] SentinelAgent_07 başarıyla sisteme bağlandı ve denetim altına alındı.
2026-08-31 14:38:51,266 - TRMWatchdog - INFO - [trm_worker.py] [CoreNexus] SentinelAgent_08 başarıyla sisteme bağlandı ve denetim altına alındı.
2026-08-31 14:38:51,266 - TRMWatchdog - INFO - [trm_worker.py] [CoreNexus] SentinelAgent_09 başarıyla sisteme bağlandı ve denetim altına alındı.
2026-08-31 14:38:51,266 - TRMWatchdog - INFO - [trm_worker.py] [CoreNexus] SentinelAgent_10 başarıyla sisteme bağlandı ve denetim altına alındı.
2026-08-31 14:38:51,266 - TRMWatchdog - INFO - [trm_worker.py] [CoreNexus] HealthCheckAgent başarıyla sisteme bağlandı ve denetim altına alındı.
2026-08-31 14:38:51,267 - TRMWatchdog - INFO - [trm_worker.py] [Camouflage] Teknik Maskeleme Aktif: IP ve Cihaz İzleri Temizleniyor...
2026-08-31 14:38:51,267 - TRMWatchdog - INFO - [trm_worker.py] [AnalystAgent] Trend raporu kaydedildi: C:\Users\Habitat\Desktop\SOSYAL _İMECE\trend_raporlari.json
2026-08-31 14:38:51,267 - TRMWatchdog - INFO - [trm_worker.py] [CoreNexus] CamouflageAgent senkronize ediliyor...
2026-08-31 14:38:51,267 - TRMWatchdog - INFO - [trm_worker.py] [CoreNexus] AccountManagerAgent senkronize ediliyor...
2026-08-31 14:38:51,267 - TRMWatchdog - INFO - [trm_worker.py] [CoreNexus] MarketIntelAgent_01 senkronize ediliyor...
2026-08-31 14:38:51,267 - TRMWatchdog - INFO - [trm_worker.py] [CoreNexus] MarketIntelAgent_02 senkronize ediliyor...
2026-08-31 14:38:51,267 - TRMWatchdog - INFO - [trm_worker.py] [CoreNexus] MarketIntelAgent_03 senkronize ediliyor...
2026-08-31 14:38:51,267 - TRMWatchdog - INFO - [trm_worker.py] [CoreNexus] MarketIntelAgent_04 senkronize ediliyor...
2026-08-31 14:38:51,267 - TRMWatchdog - INFO - [trm_worker.py] [CoreNexus] MarketIntelAgent_05 senkronize ediliyor...
2026-08-31 14:38:51,269 - TRMWatchdog - INFO - [trm_worker.py] [CoreNexus] MarketIntelAgent_06 senkronize ediliyor...
2026-08-31 14:38:51,269 - TRMWatchdog - INFO - [trm_worker.py] [CoreNexus] MarketIntelAgent_07 senkronize ediliyor...
2026-08-31 14:38:51,269 - TRMWatchdog - INFO - [trm_worker.py] [CoreNexus] MarketIntelAgent_08 senkronize ediliyor...
2026-08-31 14:38:51,269 - TRMWatchdog - INFO - [trm_worker.py] [CoreNexus] MarketIntelAgent_09 senkronize ediliyor...
2026-08-31 14:38:51,269 - TRMWatchdog - INFO - [trm_worker.py] [CoreNexus] MarketIntelAgent_10 senkronize ediliyor...
2026-08-31 14:38:51,269 - TRMWatchdog - INFO - [trm_worker.py] [CoreNexus] BridgeAgent_01 senkronize ediliyor...
2026-08-31 14:38:51,269 - TRMWatchdog - INFO - [trm_worker.py] [CoreNexus] BridgeAgent_02 senkronize ediliyor...
2026-08-31 14:38:51,269 - TRMWatchdog - INFO - [trm_worker.py] [CoreNexus] BridgeAgent_03 senkronize ediliyor...
2026-08-31 14:38:51,269 - TRMWatchdog - INFO - [trm_worker.py] [CoreNexus] BridgeAgent_04 senkronize ediliyor...
2026-08-31 14:38:51,271 - TRMWatchdog - INFO - [trm_worker.py] [CoreNexus] BridgeAgent_05 senkronize ediliyor...
2026-08-31 14:38:51,271 - TRMWatchdog - INFO - [trm_worker.py] [CoreNexus] BridgeAgent_06 senkronize ediliyor...
2026-08-31 14:38:51,271 - TRMWatchdog - INFO - [trm_worker.py] [CoreNexus] BridgeAgent_07 senkronize ediliyor...
2026-08-31 14:38:51,271 - TRMWatchdog - INFO - [trm_worker.py] [CoreNexus] BridgeAgent_08 senkronize ediliyor...
2026-08-31 14:38:51,271 - TRMWatchdog - INFO - [trm_worker.py] [CoreNexus] BridgeAgent_09 senkronize ediliyor...
2026-08-31 14:38:51,271 - TRMWatchdog - INFO - [trm_worker.py] [CoreNexus] BridgeAgent_10 senkronize ediliyor...
2026-08-31 14:38:51,271 - TRMWatchdog - INFO - [trm_worker.py] [CoreNexus] BridgeAgent_11 senkronize ediliyor...
2026-08-31 14:38:51,271 - TRMWatchdog - INFO - [trm_worker.py] [CoreNexus] BridgeAgent_12 senkronize ediliyor...
2026-08-31 14:38:51,271 - TRMWatchdog - INFO - [trm_worker.py] [CoreNexus] BridgeAgent_13 senkronize ediliyor...
2026-08-31 14:38:51,271 - TRMWatchdog - INFO - [trm_worker.py] [CoreNexus] BridgeAgent_14 senkronize ediliyor...
2026-08-31 14:38:51,273 - TRMWatchdog - INFO - [trm_worker.py] [CoreNexus] BridgeAgent_15 senkronize ediliyor...
2026-08-31 14:38:51,273 - TRMWatchdog - INFO - [trm_worker.py] [CoreNexus] Content_Generator_Agent senkronize ediliyor...
2026-08-31 14:38:51,273 - TRMWatchdog - INFO - [trm_worker.py] [CoreNexus] QueueAgent senkronize ediliyor...
2026-08-31 14:38:51,273 - TRMWatchdog - INFO - [trm_worker.py] [CoreNexus] PosterAgent senkronize ediliyor...
2026-08-31 14:38:51,274 - TRMWatchdog - INFO - [trm_worker.py] 2026-08-31 14:38:51,231 [INFO] social_media_automation: 🔒 Maskelenmiş parmak izi: {'platform': 'Linux x86_64', 'screen_resolution': '2560x1440', 'accept_language': 'tr-TR,tr;q=0.9,en-US;q=0.8', 'webgl_vendor': 'Google Inc. (NVIDIA)', 'canvas_hash': '0x2472485'}
2026-08-31 14:38:57,809 - TRMWatchdog - INFO - [trm_worker.py] 2026-08-31 14:38:57,709 [INFO] social_media_automation: ⏱️ Chaos jitter bekleme süresi: 6.47s
2026-08-31 14:38:58,513 - TRMWatchdog - INFO - [trm_worker.py] 2026-08-31 14:38:58,413 [WARNING] social_media_automation: ⚠️ Deneme 1/3 basarisiz: 400 Client Error: Bad Request for url: https://graph.instagram.com/v19.0//media?image_url=&caption=Kozmetik+Cilt+Bakim+Seti+i%C3%A7in+alarm+verildi.%0AFiyat%3A+499.50+TL%0AKomisyon%3A+%2535.0+%7C+Tahmini+kazan%C3%A7%3A+174.82+TL%0ABu+%C3%BCr%C3%BCn+%C5%9Fu+an+payla%C5%9F%C4%B1lmazsa+f%C4%B1rsat+ka%C3%A7abilir.+Hemen+linke+y%C3%B6nlendir.%0A%0A%23trendurun+%23yuksekkomisyon+%23satisfirsati+%23hemenincele+%23eticaret%0A%0Ahttps%3A%2F%2Fwww.trendyol.com%2Fkozmetik%2Fcilt-bakim%2Fcilt-bakim-seti&access_token=. 2.2s bekleniyor...
2026-08-31 14:38:59,269 - TRMWatchdog - WARNING - Kritik süreç durdu: python orchestrator_api.py - yeniden başlatılıyor...
2026-08-31 14:38:59,281 - TRMWatchdog - INFO - Process python log dosyası: orchestrator_api.log
2026-08-31 14:38:59,285 - TRMWatchdog - INFO - Process python başlatıldı. Çıktıları orchestrator_api.log dosyasına ve konsola yazılıyor.
2026-08-31 14:38:59,285 - TRMWatchdog - INFO - Process python başarıyla yeniden başlatıldı (PID: 10468, deneme 1)
2026-08-31 14:39:01,025 - TRMWatchdog - INFO - [trm_worker.py] 2026-08-31 14:39:01,010 [WARNING] social_media_automation: ⚠️ Deneme 2/3 basarisiz: 400 Client Error: Bad Request for url: https://graph.instagram.com/v19.0//media?image_url=&caption=Kozmetik+Cilt+Bakim+Seti+i%C3%A7in+alarm+verildi.%0AFiyat%3A+499.50+TL%0AKomisyon%3A+%2535.0+%7C+Tahmini+kazan%C3%A7%3A+174.82+TL%0ABu+%C3%BCr%C3%BCn+%C5%9Fu+an+payla%C5%9F%C4%B1lmazsa+f%C4%B1rsat+ka%C3%A7abilir.+Hemen+linke+y%C3%B6nlendir.%0A%0A%23trendurun+%23yuksekkomisyon+%23satisfirsati+%23hemenincele+%23eticaret%0A%0Ahttps%3A%2F%2Fwww.trendyol.com%2Fkozmetik%2Fcilt-bakim%2Fcilt-bakim-seti&access_token=. 4.8s bekleniyor...
2026-08-31 14:39:06,250 - TRMWatchdog - INFO - [trm_worker.py] 2026-08-31 14:39:06,151 [ERROR] social_media_automation: ❌ Instagram hata: 400 Client Error: Bad Request for url: https://graph.instagram.com/v19.0//media?image_url=&caption=Kozmetik+Cilt+Bakim+Seti+i%C3%A7in+alarm+verildi.%0AFiyat%3A+499.50+TL%0AKomisyon%3A+%2535.0+%7C+Tahmini+kazan%C3%A7%3A+174.82+TL%0ABu+%C3%BCr%C3%BCn+%C5%9Fu+an+payla%C5%9F%C4%B1lmazsa+f%C4%B1rsat+ka%C3%A7abilir.+Hemen+linke+y%C3%B6nlendir.%0A%0A%23trendurun+%23yuksekkomisyon+%23satisfirsati+%23hemenincele+%23eticaret%0A%0Ahttps%3A%2F%2Fwww.trendyol.com%2Fkozmetik%2Fcilt-bakim%2Fcilt-bakim-seti&access_token=
2026-08-31 14:39:06,250 - TRMWatchdog - INFO - [trm_worker.py] 2026-08-31 14:39:06,151 [INFO] social_media_automation: 🔒 Maskelenmiş parmak izi: {'platform': 'Linux x86_64', 'screen_resolution': '2560x1440', 'accept_language': 'tr-TR,tr;q=0.9,en-US;q=0.8', 'webgl_vendor': 'Google Inc. (NVIDIA)', 'canvas_hash': '0x2472485'}
2026-08-31 14:39:09,331 - TRMWatchdog - INFO - python trm_worker.py run: DURDU - PID: None - TRM Worker Servisi
2026-08-31 14:39:09,331 - TRMWatchdog - INFO - python orchestrator_api.py: DURDU - PID: None - Orchestrator API Servisi
2026-08-31 14:39:09,331 - TRMWatchdog - INFO - streamlit run app.py: DURDU - PID: None - Streamlit Dashboard
2026-08-31 14:39:10,975 - TRMWatchdog - INFO - [trm_worker.py] 2026-08-31 14:39:10,893 [INFO] social_media_automation: ⏱️ Chaos jitter bekleme süresi: 4.74s
2026-08-31 14:39:10,975 - TRMWatchdog - INFO - [trm_worker.py] 2026-08-31 14:39:10,893 [ERROR] social_media_automation: CALISMA MODU: LIVE | Facebook token eksik — guvenli dur
2026-08-31 14:39:13,489 - TRMWatchdog - INFO - [trm_worker.py] [CoreNexus] SentinelAgent_01 senkronize ediliyor...
2026-08-31 14:39:13,489 - TRMWatchdog - INFO - [trm_worker.py] [CoreNexus] SentinelAgent_02 senkronize ediliyor...
2026-08-31 14:39:13,489 - TRMWatchdog - INFO - [trm_worker.py] [CoreNexus] SentinelAgent_03 senkronize ediliyor...
2026-08-31 14:39:13,489 - TRMWatchdog - INFO - [trm_worker.py] [CoreNexus] SentinelAgent_04 senkronize ediliyor...
2026-08-31 14:39:13,489 - TRMWatchdog - INFO - [trm_worker.py] [CoreNexus] SentinelAgent_05 senkronize ediliyor...
2026-08-31 14:39:13,489 - TRMWatchdog - INFO - [trm_worker.py] [CoreNexus] SentinelAgent_06 senkronize ediliyor...
2026-08-31 14:39:13,489 - TRMWatchdog - INFO - [trm_worker.py] [CoreNexus] SentinelAgent_07 senkronize ediliyor...
2026-08-31 14:39:13,489 - TRMWatchdog - INFO - [trm_worker.py] [CoreNexus] SentinelAgent_08 senkronize ediliyor...
2026-08-31 14:39:13,489 - TRMWatchdog - INFO - [trm_worker.py] [CoreNexus] SentinelAgent_09 senkronize ediliyor...
2026-08-31 14:39:13,489 - TRMWatchdog - INFO - [trm_worker.py] [CoreNexus] SentinelAgent_10 senkronize ediliyor...
2026-08-31 14:39:13,489 - TRMWatchdog - INFO - [trm_worker.py] [CoreNexus] HealthCheckAgent senkronize ediliyor...
2026-08-31 14:39:13,489 - TRMWatchdog - INFO - [trm_worker.py] 2026-08-31 14:39:13,468 [INFO] TRMWorker: Nabiz atisi kaydedildi: {'worker_state': 'alive', 'cycle_started_at': '2026-08-31 14:38:50', 'last_cycle_at': '2026-08-31 14:39:13', 'last_mode': 'full_cycle', 'queue_summary': {'queued': 3, 'posted': 0, 'pending_retry': 0}, 'active_agents': ['CamouflageAgent', 'AccountManagerAgent', 'MarketIntelAgent_01', 'MarketIntelAgent_02', 'MarketIntelAgent_03', 'MarketIntelAgent_04', 'MarketIntelAgent_05', 'MarketIntelAgent_06', 'MarketIntelAgent_07', 'MarketIntelAgent_08', 'MarketIntelAgent_09', 'MarketIntelAgent_10', 'BridgeAgent_01', 'BridgeAgent_02', 'BridgeAgent_03', 'BridgeAgent_04', 'BridgeAgent_05', 'BridgeAgent_06', 'BridgeAgent_07', 'BridgeAgent_08', 'BridgeAgent_09', 'BridgeAgent_10', 'BridgeAgent_11', 'BridgeAgent_12', 'BridgeAgent_13', 'BridgeAgent_14', 'BridgeAgent_15', 'Content_Generator_Agent', 'QueueAgent', 'PosterAgent', 'SentinelAgent_01', 'SentinelAgent_02', 'SentinelAgent_03', 'SentinelAgent_04', 'SentinelAgent_05', 'SentinelAgent_06', 'SentinelAgent_07', 'SentinelAgent_08', 'SentinelAgent_09', 'SentinelAgent_10', 'HealthCheckAgent'], 'security_status': {'zero_trust_enabled': True, 'stealth_mode_enabled': True, 'registered_agents': ['CamouflageAgent', 'AccountManagerAgent', 'MarketIntelAgent_01', 'MarketIntelAgent_02', 'MarketIntelAgent_03', 'MarketIntelAgent_04', 'MarketIntelAgent_05', 'MarketIntelAgent_06', 'MarketIntelAgent_07', 'MarketIntelAgent_08', 'MarketIntelAgent_09', 'MarketIntelAgent_10', 'BridgeAgent_01', 'BridgeAgent_02', 'BridgeAgent_03', 'BridgeAgent_04', 'BridgeAgent_05', 'BridgeAgent_06', 'BridgeAgent_07', 'BridgeAgent_08', 'BridgeAgent_09', 'BridgeAgent_10', 'BridgeAgent_11', 'BridgeAgent_12', 'BridgeAgent_13', 'BridgeAgent_14', 'BridgeAgent_15', 'Content_Generator_Agent', 'QueueAgent', 'PosterAgent', 'SentinelAgent_01', 'SentinelAgent_02', 'SentinelAgent_03', 'SentinelAgent_04', 'SentinelAgent_05', 'SentinelAgent_06', 'SentinelAgent_07', 'SentinelAgent_08', 'SentinelAgent_09', 'SentinelAgent_10', 'HealthCheckAgent'], 'encrypted_snapshots': 7, 'protection_backend': 'windows-dpapi', 'domain': 'trm-operations.net', 'connected_agents': 41}, 'agent_capacity_snapshot': {'baseline_agents': 165, 'market_intel_agents': 10, 'bridge_agents': 15, 'sentinel_agents': 10, 'expansion_total': 35, 'total_capacity': 200}, 'heartbeat_capacity_total': 200, 'performance_metrics': {'heartbeat_speed_per_sec': 0.68, 'earnings_efficiency': 58.27, 'autonomous_success_rate': 0.0, 'active_agent_count': 41}}
2026-08-31 14:39:13,489 - TRMWatchdog - INFO - [trm_worker.py] 2026-08-31 14:39:13,468 [INFO] TRMWorker: Dongu tamamlandi | mod=full_cycle | kuyruk={'queued': 3, 'posted': 0, 'pending_retry': 0}
2026-08-31 14:39:39,335 - TRMWatchdog - INFO - === Gözcü Kontrol Döngüsü Başladı ===
2026-08-31 14:39:40,336 - TRMWatchdog - INFO - Sistem CPU: 13.8%, RAM: 87.3%, Disk: 93.1%
2026-08-31 14:39:40,336 - TRMWatchdog - WARNING - Disk kullanımı yüksek: 93.1%
2026-08-31 14:39:40,345 - TRMWatchdog - WARNING - Kritik süreç durdu: python trm_worker.py run - yeniden başlatılıyor...
2026-08-31 14:39:40,371 - TRMWatchdog - INFO - Process python log dosyası: trm_worker.log
2026-08-31 14:39:40,483 - TRMWatchdog - INFO - Process python başlatıldı. Çıktıları trm_worker.log dosyasına ve konsola yazılıyor.
2026-08-31 14:39:40,483 - TRMWatchdog - INFO - Process python başarıyla yeniden başlatıldı (PID: 5500, deneme 2)
2026-08-31 14:39:40,940 - TRMWatchdog - INFO - [trm_worker.py] 2026-08-31 14:39:40,890 [INFO] social_media_automation: CALISMA MODU: LIVE
2026-08-31 14:39:40,950 - TRMWatchdog - INFO - [trm_worker.py] 2026-08-31 14:39:40,890 [INFO] social_media_automation: CALISMA MODU: LIVE
2026-08-31 14:39:42,145 - TRMWatchdog - INFO - [trm_worker.py] 2026-08-31 14:39:42,142 [INFO] TRMWorker: TRM worker baslatildi | loop=60s | factory_interval=6:00:00
2026-08-31 14:39:42,145 - TRMWatchdog - INFO - [trm_worker.py] 2026-08-31 14:39:42,142 [WARNING] social_media_automation: ⚠️ Twitter API anahtarlari eksik → mock mod
2026-08-31 14:39:42,145 - TRMWatchdog - INFO - [trm_worker.py] 2026-08-31 14:39:42,143 [WARNING] social_media_automation: ⚠️ Twitter API anahtarlari eksik → mock mod
2026-08-31 14:39:42,155 - TRMWatchdog - INFO - [trm_worker.py] 2026-08-31 14:39:42,142 [INFO] TRMWorker: TRM worker baslatildi | loop=60s | factory_interval=6:00:00
2026-08-31 14:39:42,155 - TRMWatchdog - INFO - [trm_worker.py] 2026-08-31 14:39:42,142 [WARNING] social_media_automation: ⚠️ Twitter API anahtarlari eksik → mock mod
2026-08-31 14:39:42,155 - TRMWatchdog - INFO - [trm_worker.py] 2026-08-31 14:39:42,143 [WARNING] social_media_automation: ⚠️ Twitter API anahtarlari eksik → mock mod
2026-08-31 14:39:42,447 - TRMWatchdog - INFO - [trm_worker.py] [CoreNexus] CamouflageAgent başarıyla sisteme bağlandı ve denetim altına alındı.
2026-08-31 14:39:42,447 - TRMWatchdog - INFO - [trm_worker.py] [CoreNexus] AccountManagerAgent başarıyla sisteme bağlandı ve denetim altına alındı.
2026-08-31 14:39:42,447 - TRMWatchdog - INFO - [trm_worker.py] [CoreNexus] MarketIntelAgent_01 başarıyla sisteme bağlandı ve denetim altına alındı.
2026-08-31 14:39:42,447 - TRMWatchdog - INFO - [trm_worker.py] [CoreNexus] MarketIntelAgent_02 başarıyla sisteme bağlandı ve denetim altına alındı.
2026-08-31 14:39:42,447 - TRMWatchdog - INFO - [trm_worker.py] [CoreNexus] MarketIntelAgent_03 başarıyla sisteme bağlandı ve denetim altına alındı.
2026-08-31 14:39:42,447 - TRMWatchdog - INFO - [trm_worker.py] [CoreNexus] MarketIntelAgent_04 başarıyla sisteme bağlandı ve denetim altına alındı.
2026-08-31 14:39:42,447 - TRMWatchdog - INFO - [trm_worker.py] [CoreNexus] MarketIntelAgent_05 başarıyla sisteme bağlandı ve denetim altına alındı.
2026-08-31 14:39:42,447 - TRMWatchdog - INFO - [trm_worker.py] [CoreNexus] MarketIntelAgent_06 başarıyla sisteme bağlandı ve denetim altına alındı.
2026-08-31 14:39:42,447 - TRMWatchdog - INFO - [trm_worker.py] [CoreNexus] MarketIntelAgent_07 başarıyla sisteme bağlandı ve denetim altına alındı.
2026-08-31 14:39:42,447 - TRMWatchdog - INFO - [trm_worker.py] [CoreNexus] MarketIntelAgent_08 başarıyla sisteme bağlandı ve denetim altına alındı.
2026-08-31 14:39:42,447 - TRMWatchdog - INFO - [trm_worker.py] [CoreNexus] MarketIntelAgent_09 başarıyla sisteme bağlandı ve denetim altına alındı.
2026-08-31 14:39:42,447 - TRMWatchdog - INFO - [trm_worker.py] [CoreNexus] MarketIntelAgent_10 başarıyla sisteme bağlandı ve denetim altına alındı.
2026-08-31 14:39:42,447 - TRMWatchdog - INFO - [trm_worker.py] [CoreNexus] BridgeAgent_01 başarıyla sisteme bağlandı ve denetim altına alındı.
2026-08-31 14:39:42,449 - TRMWatchdog - INFO - [trm_worker.py] [CoreNexus] BridgeAgent_02 başarıyla sisteme bağlandı ve denetim altına alındı.
2026-08-31 14:39:42,449 - TRMWatchdog - INFO - [trm_worker.py] [CoreNexus] BridgeAgent_03 başarıyla sisteme bağlandı ve denetim altına alındı.
2026-08-31 14:39:42,449 - TRMWatchdog - INFO - [trm_worker.py] [CoreNexus] BridgeAgent_04 başarıyla sisteme bağlandı ve denetim altına alındı.
2026-08-31 14:39:42,449 - TRMWatchdog - INFO - [trm_worker.py] [CoreNexus] BridgeAgent_05 başarıyla sisteme bağlandı ve denetim altına alındı.
2026-08-31 14:39:42,449 - TRMWatchdog - INFO - [trm_worker.py] [CoreNexus] BridgeAgent_06 başarıyla sisteme bağlandı ve denetim altına alındı.
2026-08-31 14:39:42,449 - TRMWatchdog - INFO - [trm_worker.py] [CoreNexus] BridgeAgent_07 başarıyla sisteme bağlandı ve denetim altına alındı.
2026-08-31 14:39:42,449 - TRMWatchdog - INFO - [trm_worker.py] [CoreNexus] BridgeAgent_08 başarıyla sisteme bağlandı ve denetim altına alındı.
2026-08-31 14:39:42,449 - TRMWatchdog - INFO - [trm_worker.py] [CoreNexus] BridgeAgent_09 başarıyla sisteme bağlandı ve denetim altına alındı.
2026-08-31 14:39:42,449 - TRMWatchdog - INFO - [trm_worker.py] [CoreNexus] BridgeAgent_10 başarıyla sisteme bağlandı ve denetim altına alındı.
2026-08-31 14:39:42,449 - TRMWatchdog - INFO - [trm_worker.py] [CoreNexus] BridgeAgent_11 başarıyla sisteme bağlandı ve denetim altına alındı.
2026-08-31 14:39:42,451 - TRMWatchdog - INFO - [trm_worker.py] [CoreNexus] BridgeAgent_12 başarıyla sisteme bağlandı ve denetim altına alındı.
2026-08-31 14:39:42,451 - TRMWatchdog - INFO - [trm_worker.py] [CoreNexus] BridgeAgent_13 başarıyla sisteme bağlandı ve denetim altına alındı.
2026-08-31 14:39:42,451 - TRMWatchdog - INFO - [trm_worker.py] [CoreNexus] BridgeAgent_14 başarıyla sisteme bağlandı ve denetim altına alındı.
2026-08-31 14:39:42,451 - TRMWatchdog - INFO - [trm_worker.py] [CoreNexus] BridgeAgent_15 başarıyla sisteme bağlandı ve denetim altına alındı.
2026-08-31 14:39:42,451 - TRMWatchdog - INFO - [trm_worker.py] [CoreNexus] Content_Generator_Agent başarıyla sisteme bağlandı ve denetim altına alındı.
2026-08-31 14:39:42,451 - TRMWatchdog - INFO - [trm_worker.py] [CoreNexus] QueueAgent başarıyla sisteme bağlandı ve denetim altına alındı.
2026-08-31 14:39:42,451 - TRMWatchdog - INFO - [trm_worker.py] [CoreNexus] PosterAgent başarıyla sisteme bağlandı ve denetim altına alındı.
2026-08-31 14:39:42,452 - TRMWatchdog - INFO - [trm_worker.py] [CoreNexus] SentinelAgent_01 başarıyla sisteme bağlandı ve denetim altına alındı.
2026-08-31 14:39:42,452 - TRMWatchdog - INFO - [trm_worker.py] [CoreNexus] SentinelAgent_02 başarıyla sisteme bağlandı ve denetim altına alındı.
2026-08-31 14:39:42,452 - TRMWatchdog - INFO - [trm_worker.py] [CoreNexus] SentinelAgent_03 başarıyla sisteme bağlandı ve denetim altına alındı.
2026-08-31 14:39:42,452 - TRMWatchdog - INFO - [trm_worker.py] [CoreNexus] SentinelAgent_04 başarıyla sisteme bağlandı ve denetim altına alındı.
2026-08-31 14:39:42,452 - TRMWatchdog - INFO - [trm_worker.py] [CoreNexus] SentinelAgent_05 başarıyla sisteme bağlandı ve denetim altına alındı.
2026-08-31 14:39:42,452 - TRMWatchdog - INFO - [trm_worker.py] [CoreNexus] SentinelAgent_06 başarıyla sisteme bağlandı ve denetim altına alındı.
2026-08-31 14:39:42,452 - TRMWatchdog - INFO - [trm_worker.py] [CoreNexus] SentinelAgent_07 başarıyla sisteme bağlandı ve denetim altına alındı.
2026-08-31 14:39:42,452 - TRMWatchdog - INFO - [trm_worker.py] [CoreNexus] SentinelAgent_08 başarıyla sisteme bağlandı ve denetim altına alındı.
2026-08-31 14:39:42,452 - TRMWatchdog - INFO - [trm_worker.py] [CoreNexus] SentinelAgent_09 başarıyla sisteme bağlandı ve denetim altına alındı.
2026-08-31 14:39:42,454 - TRMWatchdog - INFO - [trm_worker.py] [CoreNexus] SentinelAgent_10 başarıyla sisteme bağlandı ve denetim altına alındı.
2026-08-31 14:39:42,454 - TRMWatchdog - INFO - [trm_worker.py] [CoreNexus] HealthCheckAgent başarıyla sisteme bağlandı ve denetim altına alındı.
2026-08-31 14:39:42,454 - TRMWatchdog - INFO - [trm_worker.py] [Camouflage] Teknik Maskeleme Aktif: IP ve Cihaz İzleri Temizleniyor...
2026-08-31 14:39:42,454 - TRMWatchdog - INFO - [trm_worker.py] [AnalystAgent] Trend raporu kaydedildi: C:\Users\Habitat\Desktop\SOSYAL _İMECE\trend_raporlari.json
2026-08-31 14:39:42,454 - TRMWatchdog - INFO - [trm_worker.py] [CoreNexus] CamouflageAgent senkronize ediliyor...
2026-08-31 14:39:42,454 - TRMWatchdog - INFO - [trm_worker.py] [CoreNexus] AccountManagerAgent senkronize ediliyor...
2026-08-31 14:39:42,454 - TRMWatchdog - INFO - [trm_worker.py] [CoreNexus] MarketIntelAgent_01 senkronize ediliyor...
2026-08-31 14:39:42,454 - TRMWatchdog - INFO - [trm_worker.py] [CoreNexus] MarketIntelAgent_02 senkronize ediliyor...
2026-08-31 14:39:42,454 - TRMWatchdog - INFO - [trm_worker.py] [CoreNexus] MarketIntelAgent_03 senkronize ediliyor...
2026-08-31 14:39:42,455 - TRMWatchdog - INFO - [trm_worker.py] [CoreNexus] MarketIntelAgent_04 senkronize ediliyor...
2026-08-31 14:39:42,455 - TRMWatchdog - INFO - [trm_worker.py] [CoreNexus] MarketIntelAgent_05 senkronize ediliyor...
2026-08-31 14:39:42,455 - TRMWatchdog - INFO - [trm_worker.py] [CoreNexus] MarketIntelAgent_06 senkronize ediliyor...
2026-08-31 14:39:42,455 - TRMWatchdog - INFO - [trm_worker.py] [CoreNexus] MarketIntelAgent_07 senkronize ediliyor...
2026-08-31 14:39:42,455 - TRMWatchdog - INFO - [trm_worker.py] [CoreNexus] MarketIntelAgent_08 senkronize ediliyor...
2026-08-31 14:39:42,455 - TRMWatchdog - INFO - [trm_worker.py] [CoreNexus] MarketIntelAgent_09 senkronize ediliyor...
2026-08-31 14:39:42,455 - TRMWatchdog - INFO - [trm_worker.py] [CoreNexus] MarketIntelAgent_10 senkronize ediliyor...
2026-08-31 14:39:42,455 - TRMWatchdog - INFO - [trm_worker.py] [CoreNexus] BridgeAgent_01 senkronize ediliyor...
2026-08-31 14:39:42,455 - TRMWatchdog - INFO - [trm_worker.py] [CoreNexus] BridgeAgent_02 senkronize ediliyor...
2026-08-31 14:39:42,455 - TRMWatchdog - INFO - [trm_worker.py] [CoreNexus] BridgeAgent_03 senkronize ediliyor...
2026-08-31 14:39:42,455 - TRMWatchdog - INFO - [trm_worker.py] [CoreNexus] BridgeAgent_04 senkronize ediliyor...
2026-08-31 14:39:42,455 - TRMWatchdog - INFO - [trm_worker.py] [CoreNexus] BridgeAgent_05 senkronize ediliyor...
2026-08-31 14:39:42,457 - TRMWatchdog - INFO - [trm_worker.py] [CoreNexus] BridgeAgent_06 senkronize ediliyor...
2026-08-31 14:39:42,457 - TRMWatchdog - INFO - [trm_worker.py] [CoreNexus] BridgeAgent_07 senkronize ediliyor...
2026-08-31 14:39:42,457 - TRMWatchdog - INFO - [trm_worker.py] [CoreNexus] BridgeAgent_08 senkronize ediliyor...
2026-08-31 14:39:42,457 - TRMWatchdog - INFO - [trm_worker.py] [CoreNexus] BridgeAgent_09 senkronize ediliyor...
2026-08-31 14:39:42,457 - TRMWatchdog - INFO - [trm_worker.py] [CoreNexus] BridgeAgent_10 senkronize ediliyor...
2026-08-31 14:39:42,457 - TRMWatchdog - INFO - [trm_worker.py] [CoreNexus] BridgeAgent_11 senkronize ediliyor...
2026-08-31 14:39:42,458 - TRMWatchdog - INFO - [trm_worker.py] [CoreNexus] BridgeAgent_12 senkronize ediliyor...
2026-08-31 14:39:42,458 - TRMWatchdog - INFO - [trm_worker.py] [CoreNexus] CamouflageAgent başarıyla sisteme bağlandı ve denetim altına alındı.
2026-08-31 14:39:42,458 - TRMWatchdog - INFO - [trm_worker.py] [CoreNexus] BridgeAgent_13 senkronize ediliyor...
2026-08-31 14:39:42,458 - TRMWatchdog - INFO - [trm_worker.py] [CoreNexus] AccountManagerAgent başarıyla sisteme bağlandı ve denetim altına alındı.
2026-08-31 14:39:42,458 - TRMWatchdog - INFO - [trm_worker.py] [CoreNexus] BridgeAgent_14 senkronize ediliyor...
2026-08-31 14:39:42,458 - TRMWatchdog - INFO - [trm_worker.py] [CoreNexus] MarketIntelAgent_01 başarıyla sisteme bağlandı ve denetim altına alındı.
2026-08-31 14:39:42,458 - TRMWatchdog - INFO - [trm_worker.py] [CoreNexus] BridgeAgent_15 senkronize ediliyor...
2026-08-31 14:39:42,458 - TRMWatchdog - INFO - [trm_worker.py] [CoreNexus] MarketIntelAgent_02 başarıyla sisteme bağlandı ve denetim altına alındı.
2026-08-31 14:39:42,459 - TRMWatchdog - INFO - [trm_worker.py] [CoreNexus] Content_Generator_Agent senkronize ediliyor...
2026-08-31 14:39:42,459 - TRMWatchdog - INFO - [trm_worker.py] [CoreNexus] MarketIntelAgent_03 başarıyla sisteme bağlandı ve denetim altına alındı.
2026-08-31 14:39:42,459 - TRMWatchdog - INFO - [trm_worker.py] [CoreNexus] QueueAgent senkronize ediliyor...
2026-08-31 14:39:42,459 - TRMWatchdog - INFO - [trm_worker.py] [CoreNexus] MarketIntelAgent_04 başarıyla sisteme bağlandı ve denetim altına alındı.
2026-08-31 14:39:42,459 - TRMWatchdog - INFO - [trm_worker.py] [CoreNexus] PosterAgent senkronize ediliyor...
2026-08-31 14:39:42,459 - TRMWatchdog - INFO - [trm_worker.py] [CoreNexus] MarketIntelAgent_05 başarıyla sisteme bağlandı ve denetim altına alındı.
2026-08-31 14:39:42,459 - TRMWatchdog - INFO - [trm_worker.py] 2026-08-31 14:39:42,362 [INFO] social_media_automation: 🔒 Maskelenmiş parmak izi: {'platform': 'Linux x86_64', 'screen_resolution': '2560x1440', 'accept_language': 'tr-TR,tr;q=0.9,en-US;q=0.8', 'webgl_vendor': 'Google Inc. (NVIDIA)', 'canvas_hash': '0x2472485'}
2026-08-31 14:39:42,459 - TRMWatchdog - INFO - [trm_worker.py] [CoreNexus] MarketIntelAgent_06 başarıyla sisteme bağlandı ve denetim altına alındı.
2026-08-31 14:39:42,460 - TRMWatchdog - INFO - [trm_worker.py] [CoreNexus] MarketIntelAgent_07 başarıyla sisteme bağlandı ve denetim altına alındı.
2026-08-31 14:39:42,460 - TRMWatchdog - INFO - [trm_worker.py] [CoreNexus] MarketIntelAgent_08 başarıyla sisteme bağlandı ve denetim altına alındı.
2026-08-31 14:39:42,460 - TRMWatchdog - INFO - [trm_worker.py] [CoreNexus] MarketIntelAgent_09 başarıyla sisteme bağlandı ve denetim altına alındı.
2026-08-31 14:39:42,460 - TRMWatchdog - INFO - [trm_worker.py] [CoreNexus] MarketIntelAgent_10 başarıyla sisteme bağlandı ve denetim altına alındı.
2026-08-31 14:39:42,460 - TRMWatchdog - INFO - [trm_worker.py] [CoreNexus] BridgeAgent_01 başarıyla sisteme bağlandı ve denetim altına alındı.
2026-08-31 14:39:42,460 - TRMWatchdog - INFO - [trm_worker.py] [CoreNexus] BridgeAgent_02 başarıyla sisteme bağlandı ve denetim altına alındı.
2026-08-31 14:39:42,460 - TRMWatchdog - INFO - [trm_worker.py] [CoreNexus] BridgeAgent_03 başarıyla sisteme bağlandı ve denetim altına alındı.
2026-08-31 14:39:42,460 - TRMWatchdog - INFO - [trm_worker.py] [CoreNexus] BridgeAgent_04 başarıyla sisteme bağlandı ve denetim altına alındı.
2026-08-31 14:39:42,461 - TRMWatchdog - INFO - [trm_worker.py] [CoreNexus] BridgeAgent_05 başarıyla sisteme bağlandı ve denetim altına alındı.
2026-08-31 14:39:42,461 - TRMWatchdog - INFO - [trm_worker.py] [CoreNexus] BridgeAgent_06 başarıyla sisteme bağlandı ve denetim altına alındı.
2026-08-31 14:39:42,461 - TRMWatchdog - INFO - [trm_worker.py] [CoreNexus] BridgeAgent_07 başarıyla sisteme bağlandı ve denetim altına alındı.
2026-08-31 14:39:42,461 - TRMWatchdog - INFO - [trm_worker.py] [CoreNexus] BridgeAgent_08 başarıyla sisteme bağlandı ve denetim altına alındı.
2026-08-31 14:39:42,461 - TRMWatchdog - INFO - [trm_worker.py] [CoreNexus] BridgeAgent_09 başarıyla sisteme bağlandı ve denetim altına alındı.
2026-08-31 14:39:42,461 - TRMWatchdog - INFO - [trm_worker.py] [CoreNexus] BridgeAgent_10 başarıyla sisteme bağlandı ve denetim altına alındı.
2026-08-31 14:39:42,461 - TRMWatchdog - INFO - [trm_worker.py] [CoreNexus] BridgeAgent_11 başarıyla sisteme bağlandı ve denetim altına alındı.
2026-08-31 14:39:42,461 - TRMWatchdog - INFO - [trm_worker.py] [CoreNexus] BridgeAgent_12 başarıyla sisteme bağlandı ve denetim altına alındı.
2026-08-31 14:39:42,461 - TRMWatchdog - INFO - [trm_worker.py] [CoreNexus] BridgeAgent_13 başarıyla sisteme bağlandı ve denetim altına alındı.
2026-08-31 14:39:42,461 - TRMWatchdog - INFO - [trm_worker.py] [CoreNexus] BridgeAgent_14 başarıyla sisteme bağlandı ve denetim altına alındı.
2026-08-31 14:39:42,462 - TRMWatchdog - INFO - [trm_worker.py] [CoreNexus] BridgeAgent_15 başarıyla sisteme bağlandı ve denetim altına alındı.
2026-08-31 14:39:42,462 - TRMWatchdog - INFO - [trm_worker.py] [CoreNexus] Content_Generator_Agent başarıyla sisteme bağlandı ve denetim altına alındı.
2026-08-31 14:39:42,462 - TRMWatchdog - INFO - [trm_worker.py] [CoreNexus] QueueAgent başarıyla sisteme bağlandı ve denetim altına alındı.
2026-08-31 14:39:42,462 - TRMWatchdog - INFO - [trm_worker.py] [CoreNexus] PosterAgent başarıyla sisteme bağlandı ve denetim altına alındı.
2026-08-31 14:39:42,462 - TRMWatchdog - INFO - [trm_worker.py] [CoreNexus] SentinelAgent_01 başarıyla sisteme bağlandı ve denetim altına alındı.
2026-08-31 14:39:42,462 - TRMWatchdog - INFO - [trm_worker.py] [CoreNexus] SentinelAgent_02 başarıyla sisteme bağlandı ve denetim altına alındı.
2026-08-31 14:39:42,462 - TRMWatchdog - INFO - [trm_worker.py] [CoreNexus] SentinelAgent_03 başarıyla sisteme bağlandı ve denetim altına alındı.
2026-08-31 14:39:42,462 - TRMWatchdog - INFO - [trm_worker.py] [CoreNexus] SentinelAgent_04 başarıyla sisteme bağlandı ve denetim altına alındı.
2026-08-31 14:39:42,462 - TRMWatchdog - INFO - [trm_worker.py] [CoreNexus] SentinelAgent_05 başarıyla sisteme bağlandı ve denetim altına alındı.
2026-08-31 14:39:42,462 - TRMWatchdog - INFO - [trm_worker.py] [CoreNexus] SentinelAgent_06 başarıyla sisteme bağlandı ve denetim altına alındı.
2026-08-31 14:39:42,462 - TRMWatchdog - INFO - [trm_worker.py] [CoreNexus] SentinelAgent_07 başarıyla sisteme bağlandı ve denetim altına alındı.
2026-08-31 14:39:42,462 - TRMWatchdog - INFO - [trm_worker.py] [CoreNexus] SentinelAgent_08 başarıyla sisteme bağlandı ve denetim altına alındı.
2026-08-31 14:39:42,462 - TRMWatchdog - INFO - [trm_worker.py] [CoreNexus] SentinelAgent_09 başarıyla sisteme bağlandı ve denetim altına alındı.
2026-08-31 14:39:42,462 - TRMWatchdog - INFO - [trm_worker.py] [CoreNexus] SentinelAgent_10 başarıyla sisteme bağlandı ve denetim altına alındı.
2026-08-31 14:39:42,462 - TRMWatchdog - INFO - [trm_worker.py] [CoreNexus] HealthCheckAgent başarıyla sisteme bağlandı ve denetim altına alındı.
2026-08-31 14:39:42,462 - TRMWatchdog - INFO - [trm_worker.py] [Camouflage] Teknik Maskeleme Aktif: IP ve Cihaz İzleri Temizleniyor...
2026-08-31 14:39:42,462 - TRMWatchdog - INFO - [trm_worker.py] [AnalystAgent] Trend raporu kaydedildi: C:\Users\Habitat\Desktop\SOSYAL _İMECE\trend_raporlari.json
2026-08-31 14:39:42,462 - TRMWatchdog - INFO - [trm_worker.py] [CoreNexus] CamouflageAgent senkronize ediliyor...
2026-08-31 14:39:42,462 - TRMWatchdog - INFO - [trm_worker.py] [CoreNexus] AccountManagerAgent senkronize ediliyor...
2026-08-31 14:39:42,462 - TRMWatchdog - INFO - [trm_worker.py] [CoreNexus] MarketIntelAgent_01 senkronize ediliyor...
2026-08-31 14:39:42,462 - TRMWatchdog - INFO - [trm_worker.py] [CoreNexus] MarketIntelAgent_02 senkronize ediliyor...
2026-08-31 14:39:42,462 - TRMWatchdog - INFO - [trm_worker.py] [CoreNexus] MarketIntelAgent_03 senkronize ediliyor...
2026-08-31 14:39:42,462 - TRMWatchdog - INFO - [trm_worker.py] [CoreNexus] MarketIntelAgent_04 senkronize ediliyor...
2026-08-31 14:39:42,462 - TRMWatchdog - INFO - [trm_worker.py] [CoreNexus] MarketIntelAgent_05 senkronize ediliyor...
2026-08-31 14:39:42,462 - TRMWatchdog - INFO - [trm_worker.py] [CoreNexus] MarketIntelAgent_06 senkronize ediliyor...
2026-08-31 14:39:42,465 - TRMWatchdog - INFO - [trm_worker.py] [CoreNexus] MarketIntelAgent_07 senkronize ediliyor...
2026-08-31 14:39:42,465 - TRMWatchdog - INFO - [trm_worker.py] [CoreNexus] MarketIntelAgent_08 senkronize ediliyor...
2026-08-31 14:39:42,465 - TRMWatchdog - INFO - [trm_worker.py] [CoreNexus] MarketIntelAgent_09 senkronize ediliyor...
2026-08-31 14:39:42,465 - TRMWatchdog - INFO - [trm_worker.py] [CoreNexus] MarketIntelAgent_10 senkronize ediliyor...
2026-08-31 14:39:42,465 - TRMWatchdog - INFO - [trm_worker.py] [CoreNexus] BridgeAgent_01 senkronize ediliyor...
2026-08-31 14:39:42,465 - TRMWatchdog - INFO - [trm_worker.py] [CoreNexus] BridgeAgent_02 senkronize ediliyor...
2026-08-31 14:39:42,465 - TRMWatchdog - INFO - [trm_worker.py] [CoreNexus] BridgeAgent_03 senkronize ediliyor...
2026-08-31 14:39:42,465 - TRMWatchdog - INFO - [trm_worker.py] [CoreNexus] BridgeAgent_04 senkronize ediliyor...
2026-08-31 14:39:42,465 - TRMWatchdog - INFO - [trm_worker.py] [CoreNexus] BridgeAgent_05 senkronize ediliyor...
2026-08-31 14:39:42,465 - TRMWatchdog - INFO - [trm_worker.py] [CoreNexus] BridgeAgent_06 senkronize ediliyor...
2026-08-31 14:39:42,465 - TRMWatchdog - INFO - [trm_worker.py] [CoreNexus] BridgeAgent_07 senkronize ediliyor...
2026-08-31 14:39:42,465 - TRMWatchdog - INFO - [trm_worker.py] [CoreNexus] BridgeAgent_08 senkronize ediliyor...
2026-08-31 14:39:42,465 - TRMWatchdog - INFO - [trm_worker.py] [CoreNexus] BridgeAgent_09 senkronize ediliyor...
2026-08-31 14:39:42,465 - TRMWatchdog - INFO - [trm_worker.py] [CoreNexus] BridgeAgent_10 senkronize ediliyor...
2026-08-31 14:39:42,465 - TRMWatchdog - INFO - [trm_worker.py] [CoreNexus] BridgeAgent_11 senkronize ediliyor...
2026-08-31 14:39:42,466 - TRMWatchdog - INFO - [trm_worker.py] [CoreNexus] BridgeAgent_12 senkronize ediliyor...
2026-08-31 14:39:42,466 - TRMWatchdog - INFO - [trm_worker.py] [CoreNexus] BridgeAgent_13 senkronize ediliyor...
2026-08-31 14:39:42,466 - TRMWatchdog - INFO - [trm_worker.py] [CoreNexus] BridgeAgent_14 senkronize ediliyor...
2026-08-31 14:39:42,466 - TRMWatchdog - INFO - [trm_worker.py] [CoreNexus] BridgeAgent_15 senkronize ediliyor...
2026-08-31 14:39:42,466 - TRMWatchdog - INFO - [trm_worker.py] [CoreNexus] Content_Generator_Agent senkronize ediliyor...
2026-08-31 14:39:42,466 - TRMWatchdog - INFO - [trm_worker.py] [CoreNexus] QueueAgent senkronize ediliyor...
2026-08-31 14:39:42,466 - TRMWatchdog - INFO - [trm_worker.py] [CoreNexus] PosterAgent senkronize ediliyor...
2026-08-31 14:39:42,466 - TRMWatchdog - INFO - [trm_worker.py] 2026-08-31 14:39:42,362 [INFO] social_media_automation: 🔒 Maskelenmiş parmak izi: {'platform': 'Linux x86_64', 'screen_resolution': '2560x1440', 'accept_language': 'tr-TR,tr;q=0.9,en-US;q=0.8', 'webgl_vendor': 'Google Inc. (NVIDIA)', 'canvas_hash': '0x2472485'}
2026-08-31 14:39:48,802 - TRMWatchdog - INFO - [trm_worker.py] 2026-08-31 14:39:48,797 [INFO] social_media_automation: ⏱️ Chaos jitter bekleme süresi: 6.43s
2026-08-31 14:39:48,802 - TRMWatchdog - INFO - [trm_worker.py] 2026-08-31 14:39:48,797 [INFO] social_media_automation: ⏱️ Chaos jitter bekleme süresi: 6.43s
2026-08-31 14:39:49,204 - TRMWatchdog - INFO - [trm_worker.py] 2026-08-31 14:39:49,161 [WARNING] social_media_automation: ⚠️ Deneme 1/3 basarisiz: 400 Client Error: Bad Request for url: https://graph.instagram.com/v19.0//media?image_url=&caption=Kozmetik+Cilt+Bakim+Seti+i%C3%A7in+alarm+verildi.%0AFiyat%3A+499.50+TL%0AKomisyon%3A+%2535.0+%7C+Tahmini+kazan%C3%A7%3A+174.82+TL%0ABu+%C3%BCr%C3%BCn+%C5%9Fu+an+payla%C5%9F%C4%B1lmazsa+f%C4%B1rsat+ka%C3%A7abilir.+Hemen+linke+y%C3%B6nlendir.%0A%0A%23trendurun+%23yuksekkomisyon+%23satisfirsati+%23hemenincele+%23eticaret%0A%0Ahttps%3A%2F%2Fwww.trendyol.com%2Fkozmetik%2Fcilt-bakim%2Fcilt-bakim-seti&access_token=. 2.5s bekleniyor...
2026-08-31 14:39:49,204 - TRMWatchdog - INFO - [trm_worker.py] 2026-08-31 14:39:49,161 [WARNING] social_media_automation: ⚠️ Deneme 1/3 basarisiz: 400 Client Error: Bad Request for url: https://graph.instagram.com/v19.0//media?image_url=&caption=Kozmetik+Cilt+Bakim+Seti+i%C3%A7in+alarm+verildi.%0AFiyat%3A+499.50+TL%0AKomisyon%3A+%2535.0+%7C+Tahmini+kazan%C3%A7%3A+174.82+TL%0ABu+%C3%BCr%C3%BCn+%C5%9Fu+an+payla%C5%9F%C4%B1lmazsa+f%C4%B1rsat+ka%C3%A7abilir.+Hemen+linke+y%C3%B6nlendir.%0A%0A%23trendurun+%23yuksekkomisyon+%23satisfirsati+%23hemenincele+%23eticaret%0A%0Ahttps%3A%2F%2Fwww.trendyol.com%2Fkozmetik%2Fcilt-bakim%2Fcilt-bakim-seti&access_token=. 2.5s bekleniyor...
2026-08-31 14:39:50,527 - TRMWatchdog - WARNING - Kritik süreç durdu: python orchestrator_api.py - yeniden başlatılıyor...
2026-08-31 14:39:50,543 - TRMWatchdog - INFO - Process python log dosyası: orchestrator_api.log
2026-08-31 14:39:50,549 - TRMWatchdog - INFO - Process python başlatıldı. Çıktıları orchestrator_api.log dosyasına ve konsola yazılıyor.
2026-08-31 14:39:50,549 - TRMWatchdog - INFO - Process python başarıyla yeniden başlatıldı (PID: 9688, deneme 2)
2026-08-31 14:39:52,134 - TRMWatchdog - INFO - [trm_worker.py] 2026-08-31 14:39:52,129 [WARNING] social_media_automation: ⚠️ Deneme 2/3 basarisiz: 400 Client Error: Bad Request for url: https://graph.instagram.com/v19.0//media?image_url=&caption=Kozmetik+Cilt+Bakim+Seti+i%C3%A7in+alarm+verildi.%0AFiyat%3A+499.50+TL%0AKomisyon%3A+%2535.0+%7C+Tahmini+kazan%C3%A7%3A+174.82+TL%0ABu+%C3%BCr%C3%BCn+%C5%9Fu+an+payla%C5%9F%C4%B1lmazsa+f%C4%B1rsat+ka%C3%A7abilir.+Hemen+linke+y%C3%B6nlendir.%0A%0A%23trendurun+%23yuksekkomisyon+%23satisfirsati+%23hemenincele+%23eticaret%0A%0Ahttps%3A%2F%2Fwww.trendyol.com%2Fkozmetik%2Fcilt-bakim%2Fcilt-bakim-seti&access_token=. 4.7s bekleniyor...
2026-08-31 14:39:52,226 - TRMWatchdog - INFO - [trm_worker.py] 2026-08-31 14:39:52,129 [WARNING] social_media_automation: ⚠️ Deneme 2/3 basarisiz: 400 Client Error: Bad Request for url: https://graph.instagram.com/v19.0//media?image_url=&caption=Kozmetik+Cilt+Bakim+Seti+i%C3%A7in+alarm+verildi.%0AFiyat%3A+499.50+TL%0AKomisyon%3A+%2535.0+%7C+Tahmini+kazan%C3%A7%3A+174.82+TL%0ABu+%C3%BCr%C3%BCn+%C5%9Fu+an+payla%C5%9F%C4%B1lmazsa+f%C4%B1rsat+ka%C3%A7abilir.+Hemen+linke+y%C3%B6nlendir.%0A%0A%23trendurun+%23yuksekkomisyon+%23satisfirsati+%23hemenincele+%23eticaret%0A%0Ahttps%3A%2F%2Fwww.trendyol.com%2Fkozmetik%2Fcilt-bakim%2Fcilt-bakim-seti&access_token=. 4.7s bekleniyor...
2026-08-31 14:39:57,253 - TRMWatchdog - INFO - [trm_worker.py] 2026-08-31 14:39:57,181 [ERROR] social_media_automation: ❌ Instagram hata: 400 Client Error: Bad Request for url: https://graph.instagram.com/v19.0//media?image_url=&caption=Kozmetik+Cilt+Bakim+Seti+i%C3%A7in+alarm+verildi.%0AFiyat%3A+499.50+TL%0AKomisyon%3A+%2535.0+%7C+Tahmini+kazan%C3%A7%3A+174.82+TL%0ABu+%C3%BCr%C3%BCn+%C5%9Fu+an+payla%C5%9F%C4%B1lmazsa+f%C4%B1rsat+ka%C3%A7abilir.+Hemen+linke+y%C3%B6nlendir.%0A%0A%23trendurun+%23yuksekkomisyon+%23satisfirsati+%23hemenincele+%23eticaret%0A%0Ahttps%3A%2F%2Fwww.trendyol.com%2Fkozmetik%2Fcilt-bakim%2Fcilt-bakim-seti&access_token=
2026-08-31 14:39:57,253 - TRMWatchdog - INFO - [trm_worker.py] 2026-08-31 14:39:57,181 [INFO] social_media_automation: 🔒 Maskelenmiş parmak izi: {'platform': 'Linux x86_64', 'screen_resolution': '2560x1440', 'accept_language': 'tr-TR,tr;q=0.9,en-US;q=0.8', 'webgl_vendor': 'Google Inc. (NVIDIA)', 'canvas_hash': '0x2472485'}
2026-08-31 14:39:57,256 - TRMWatchdog - INFO - [trm_worker.py] 2026-08-31 14:39:57,181 [ERROR] social_media_automation: ❌ Instagram hata: 400 Client Error: Bad Request for url: https://graph.instagram.com/v19.0//media?image_url=&caption=Kozmetik+Cilt+Bakim+Seti+i%C3%A7in+alarm+verildi.%0AFiyat%3A+499.50+TL%0AKomisyon%3A+%2535.0+%7C+Tahmini+kazan%C3%A7%3A+174.82+TL%0ABu+%C3%BCr%C3%BCn+%C5%9Fu+an+payla%C5%9F%C4%B1lmazsa+f%C4%B1rsat+ka%C3%A7abilir.+Hemen+linke+y%C3%B6nlendir.%0A%0A%23trendurun+%23yuksekkomisyon+%23satisfirsati+%23hemenincele+%23eticaret%0A%0Ahttps%3A%2F%2Fwww.trendyol.com%2Fkozmetik%2Fcilt-bakim%2Fcilt-bakim-seti&access_token=
2026-08-31 14:39:57,256 - TRMWatchdog - INFO - [trm_worker.py] 2026-08-31 14:39:57,181 [INFO] social_media_automation: 🔒 Maskelenmiş parmak izi: {'platform': 'Linux x86_64', 'screen_resolution': '2560x1440', 'accept_language': 'tr-TR,tr;q=0.9,en-US;q=0.8', 'webgl_vendor': 'Google Inc. (NVIDIA)', 'canvas_hash': '0x2472485'}
2026-08-31 14:40:00,581 - TRMWatchdog - INFO - python trm_worker.py run: DURDU - PID: None - TRM Worker Servisi
2026-08-31 14:40:00,581 - TRMWatchdog - INFO - python orchestrator_api.py: DURDU - PID: None - Orchestrator API Servisi
2026-08-31 14:40:00,581 - TRMWatchdog - INFO - streamlit run app.py: DURDU - PID: None - Streamlit Dashboard
2026-08-31 14:40:02,594 - TRMWatchdog - INFO - [trm_worker.py] 2026-08-31 14:40:02,535 [INFO] social_media_automation: ⏱️ Chaos jitter bekleme süresi: 5.35s
2026-08-31 14:40:02,594 - TRMWatchdog - INFO - [trm_worker.py] 2026-08-31 14:40:02,535 [ERROR] social_media_automation: CALISMA MODU: LIVE | Facebook token eksik — guvenli dur
2026-08-31 14:40:02,594 - TRMWatchdog - INFO - [trm_worker.py] 2026-08-31 14:40:02,535 [INFO] social_media_automation: ⏱️ Chaos jitter bekleme süresi: 5.35s
2026-08-31 14:40:02,594 - TRMWatchdog - INFO - [trm_worker.py] 2026-08-31 14:40:02,535 [ERROR] social_media_automation: CALISMA MODU: LIVE | Facebook token eksik — guvenli dur
2026-08-31 14:40:02,695 - TRMWatchdog - INFO - [trm_worker.py] [CoreNexus] SentinelAgent_01 senkronize ediliyor...
2026-08-31 14:40:02,695 - TRMWatchdog - INFO - [trm_worker.py] [CoreNexus] SentinelAgent_01 senkronize ediliyor...
2026-08-31 14:40:02,695 - TRMWatchdog - INFO - [trm_worker.py] [CoreNexus] SentinelAgent_02 senkronize ediliyor...
2026-08-31 14:40:02,695 - TRMWatchdog - INFO - [trm_worker.py] [CoreNexus] SentinelAgent_02 senkronize ediliyor...
2026-08-31 14:40:02,695 - TRMWatchdog - INFO - [trm_worker.py] [CoreNexus] SentinelAgent_03 senkronize ediliyor...
2026-08-31 14:40:02,695 - TRMWatchdog - INFO - [trm_worker.py] [CoreNexus] SentinelAgent_03 senkronize ediliyor...
2026-08-31 14:40:02,695 - TRMWatchdog - INFO - [trm_worker.py] [CoreNexus] SentinelAgent_04 senkronize ediliyor...
2026-08-31 14:40:02,695 - TRMWatchdog - INFO - [trm_worker.py] [CoreNexus] SentinelAgent_04 senkronize ediliyor...
2026-08-31 14:40:02,695 - TRMWatchdog - INFO - [trm_worker.py] [CoreNexus] SentinelAgent_05 senkronize ediliyor...
2026-08-31 14:40:02,695 - TRMWatchdog - INFO - [trm_worker.py] [CoreNexus] SentinelAgent_05 senkronize ediliyor...
2026-08-31 14:40:02,695 - TRMWatchdog - INFO - [trm_worker.py] [CoreNexus] SentinelAgent_06 senkronize ediliyor...
2026-08-31 14:40:02,695 - TRMWatchdog - INFO - [trm_worker.py] [CoreNexus] SentinelAgent_06 senkronize ediliyor...
2026-08-31 14:40:02,695 - TRMWatchdog - INFO - [trm_worker.py] [CoreNexus] SentinelAgent_07 senkronize ediliyor...
2026-08-31 14:40:02,695 - TRMWatchdog - INFO - [trm_worker.py] [CoreNexus] SentinelAgent_07 senkronize ediliyor...
2026-08-31 14:40:02,699 - TRMWatchdog - INFO - [trm_worker.py] [CoreNexus] SentinelAgent_08 senkronize ediliyor...
2026-08-31 14:40:02,699 - TRMWatchdog - INFO - [trm_worker.py] [CoreNexus] SentinelAgent_08 senkronize ediliyor...
2026-08-31 14:40:02,699 - TRMWatchdog - INFO - [trm_worker.py] [CoreNexus] SentinelAgent_09 senkronize ediliyor...
2026-08-31 14:40:02,699 - TRMWatchdog - INFO - [trm_worker.py] [CoreNexus] SentinelAgent_09 senkronize ediliyor...
2026-08-31 14:40:02,699 - TRMWatchdog - INFO - [trm_worker.py] [CoreNexus] SentinelAgent_10 senkronize ediliyor...
2026-08-31 14:40:02,699 - TRMWatchdog - INFO - [trm_worker.py] [CoreNexus] SentinelAgent_10 senkronize ediliyor...
2026-08-31 14:40:02,699 - TRMWatchdog - INFO - [trm_worker.py] [CoreNexus] HealthCheckAgent senkronize ediliyor...
2026-08-31 14:40:02,699 - TRMWatchdog - INFO - [trm_worker.py] [CoreNexus] HealthCheckAgent senkronize ediliyor...
2026-08-31 14:40:02,699 - TRMWatchdog - INFO - [trm_worker.py] 2026-08-31 14:40:02,656 [INFO] TRMWorker: Nabiz atisi kaydedildi: {'worker_state': 'alive', 'cycle_started_at': '2026-08-31 14:39:42', 'last_cycle_at': '2026-08-31 14:40:02', 'last_mode': 'full_cycle', 'queue_summary': {'queued': 3, 'posted': 0, 'pending_retry': 0}, 'active_agents': ['CamouflageAgent', 'AccountManagerAgent', 'MarketIntelAgent_01', 'MarketIntelAgent_02', 'MarketIntelAgent_03', 'MarketIntelAgent_04', 'MarketIntelAgent_05', 'MarketIntelAgent_06', 'MarketIntelAgent_07', 'MarketIntelAgent_08', 'MarketIntelAgent_09', 'MarketIntelAgent_10', 'BridgeAgent_01', 'BridgeAgent_02', 'BridgeAgent_03', 'BridgeAgent_04', 'BridgeAgent_05', 'BridgeAgent_06', 'BridgeAgent_07', 'BridgeAgent_08', 'BridgeAgent_09', 'BridgeAgent_10', 'BridgeAgent_11', 'BridgeAgent_12', 'BridgeAgent_13', 'BridgeAgent_14', 'BridgeAgent_15', 'Content_Generator_Agent', 'QueueAgent', 'PosterAgent', 'SentinelAgent_01', 'SentinelAgent_02', 'SentinelAgent_03', 'SentinelAgent_04', 'SentinelAgent_05', 'SentinelAgent_06', 'SentinelAgent_07', 'SentinelAgent_08', 'SentinelAgent_09', 'SentinelAgent_10', 'HealthCheckAgent'], 'security_status': {'zero_trust_enabled': True, 'stealth_mode_enabled': True, 'registered_agents': ['CamouflageAgent', 'AccountManagerAgent', 'MarketIntelAgent_01', 'MarketIntelAgent_02', 'MarketIntelAgent_03', 'MarketIntelAgent_04', 'MarketIntelAgent_05', 'MarketIntelAgent_06', 'MarketIntelAgent_07', 'MarketIntelAgent_08', 'MarketIntelAgent_09', 'MarketIntelAgent_10', 'BridgeAgent_01', 'BridgeAgent_02', 'BridgeAgent_03', 'BridgeAgent_04', 'BridgeAgent_05', 'BridgeAgent_06', 'BridgeAgent_07', 'BridgeAgent_08', 'BridgeAgent_09', 'BridgeAgent_10', 'BridgeAgent_11', 'BridgeAgent_12', 'BridgeAgent_13', 'BridgeAgent_14', 'BridgeAgent_15', 'Content_Generator_Agent', 'QueueAgent', 'PosterAgent', 'SentinelAgent_01', 'SentinelAgent_02', 'SentinelAgent_03', 'SentinelAgent_04', 'SentinelAgent_05', 'SentinelAgent_06', 'SentinelAgent_07', 'SentinelAgent_08', 'SentinelAgent_09', 'SentinelAgent_10', 'HealthCheckAgent'], 'encrypted_snapshots': 7, 'protection_backend': 'windows-dpapi', 'domain': 'trm-operations.net', 'connected_agents': 41}, 'agent_capacity_snapshot': {'baseline_agents': 165, 'market_intel_agents': 10, 'bridge_agents': 15, 'sentinel_agents': 10, 'expansion_total': 35, 'total_capacity': 200}, 'heartbeat_capacity_total': 200, 'performance_metrics': {'heartbeat_speed_per_sec': 0.68, 'earnings_efficiency': 58.27, 'autonomous_success_rate': 0.0, 'active_agent_count': 41}}
2026-08-31 14:40:02,699 - TRMWatchdog - INFO - [trm_worker.py] 2026-08-31 14:40:02,656 [INFO] TRMWorker: Nabiz atisi kaydedildi: {'worker_state': 'alive', 'cycle_started_at': '2026-08-31 14:39:42', 'last_cycle_at': '2026-08-31 14:40:02', 'last_mode': 'full_cycle', 'queue_summary': {'queued': 3, 'posted': 0, 'pending_retry': 0}, 'active_agents': ['CamouflageAgent', 'AccountManagerAgent', 'MarketIntelAgent_01', 'MarketIntelAgent_02', 'MarketIntelAgent_03', 'MarketIntelAgent_04', 'MarketIntelAgent_05', 'MarketIntelAgent_06', 'MarketIntelAgent_07', 'MarketIntelAgent_08', 'MarketIntelAgent_09', 'MarketIntelAgent_10', 'BridgeAgent_01', 'BridgeAgent_02', 'BridgeAgent_03', 'BridgeAgent_04', 'BridgeAgent_05', 'BridgeAgent_06', 'BridgeAgent_07', 'BridgeAgent_08', 'BridgeAgent_09', 'BridgeAgent_10', 'BridgeAgent_11', 'BridgeAgent_12', 'BridgeAgent_13', 'BridgeAgent_14', 'BridgeAgent_15', 'Content_Generator_Agent', 'QueueAgent', 'PosterAgent', 'SentinelAgent_01', 'SentinelAgent_02', 'SentinelAgent_03', 'SentinelAgent_04', 'SentinelAgent_05', 'SentinelAgent_06', 'SentinelAgent_07', 'SentinelAgent_08', 'SentinelAgent_09', 'SentinelAgent_10', 'HealthCheckAgent'], 'security_status': {'zero_trust_enabled': True, 'stealth_mode_enabled': True, 'registered_agents': ['CamouflageAgent', 'AccountManagerAgent', 'MarketIntelAgent_01', 'MarketIntelAgent_02', 'MarketIntelAgent_03', 'MarketIntelAgent_04', 'MarketIntelAgent_05', 'MarketIntelAgent_06', 'MarketIntelAgent_07', 'MarketIntelAgent_08', 'MarketIntelAgent_09', 'MarketIntelAgent_10', 'BridgeAgent_01', 'BridgeAgent_02', 'BridgeAgent_03', 'BridgeAgent_04', 'BridgeAgent_05', 'BridgeAgent_06', 'BridgeAgent_07', 'BridgeAgent_08', 'BridgeAgent_09', 'BridgeAgent_10', 'BridgeAgent_11', 'BridgeAgent_12', 'BridgeAgent_13', 'BridgeAgent_14', 'BridgeAgent_15', 'Content_Generator_Agent', 'QueueAgent', 'PosterAgent', 'SentinelAgent_01', 'SentinelAgent_02', 'SentinelAgent_03', 'SentinelAgent_04', 'SentinelAgent_05', 'SentinelAgent_06', 'SentinelAgent_07', 'SentinelAgent_08', 'SentinelAgent_09', 'SentinelAgent_10', 'HealthCheckAgent'], 'encrypted_snapshots': 7, 'protection_backend': 'windows-dpapi', 'domain': 'trm-operations.net', 'connected_agents': 41}, 'agent_capacity_snapshot': {'baseline_agents': 165, 'market_intel_agents': 10, 'bridge_agents': 15, 'sentinel_agents': 10, 'expansion_total': 35, 'total_capacity': 200}, 'heartbeat_capacity_total': 200, 'performance_metrics': {'heartbeat_speed_per_sec': 0.68, 'earnings_efficiency': 58.27, 'autonomous_success_rate': 0.0, 'active_agent_count': 41}}
2026-08-31 14:40:02,699 - TRMWatchdog - INFO - [trm_worker.py] 2026-08-31 14:40:02,657 [INFO] TRMWorker: Dongu tamamlandi | mod=full_cycle | kuyruk={'queued': 3, 'posted': 0, 'pending_retry': 0}
2026-08-31 14:40:02,699 - TRMWatchdog - INFO - [trm_worker.py] 2026-08-31 14:40:02,657 [INFO] TRMWorker: Dongu tamamlandi | mod=full_cycle | kuyruk={'queued': 3, 'posted': 0, 'pending_retry': 0}
2026-08-31 14:40:30,586 - TRMWatchdog - INFO - === Gözcü Kontrol Döngüsü Başladı ===
2026-08-31 14:40:31,588 - TRMWatchdog - INFO - Sistem CPU: 16.1%, RAM: 87.1%, Disk: 93.1%
2026-08-31 14:40:31,588 - TRMWatchdog - WARNING - Disk kullanımı yüksek: 93.1%
2026-08-31 14:40:31,607 - TRMWatchdog - WARNING - Kritik süreç durdu: python trm_worker.py run - yeniden başlatılıyor...
2026-08-31 14:40:31,622 - TRMWatchdog - INFO - Process python log dosyası: trm_worker.log
2026-08-31 14:40:31,625 - TRMWatchdog - INFO - Process python başlatıldı. Çıktıları trm_worker.log dosyasına ve konsola yazılıyor.
2026-08-31 14:40:31,627 - TRMWatchdog - INFO - Process python başarıyla yeniden başlatıldı (PID: 13824, deneme 3)
2026-08-31 14:40:32,045 - TRMWatchdog - INFO - [trm_worker.py] 2026-08-31 14:40:32,017 [INFO] social_media_automation: CALISMA MODU: LIVE
2026-08-31 14:40:32,066 - TRMWatchdog - INFO - [trm_worker.py] 2026-08-31 14:40:32,017 [INFO] social_media_automation: CALISMA MODU: LIVE
2026-08-31 14:40:32,068 - TRMWatchdog - INFO - [trm_worker.py] 2026-08-31 14:40:32,017 [INFO] social_media_automation: CALISMA MODU: LIVE
2026-08-31 14:40:33,350 - TRMWatchdog - INFO - [trm_worker.py] 2026-08-31 14:40:33,312 [INFO] TRMWorker: TRM worker baslatildi | loop=60s | factory_interval=6:00:00
2026-08-31 14:40:33,350 - TRMWatchdog - INFO - [trm_worker.py] 2026-08-31 14:40:33,312 [WARNING] social_media_automation: ⚠️ Twitter API anahtarlari eksik → mock mod
2026-08-31 14:40:33,350 - TRMWatchdog - INFO - [trm_worker.py] 2026-08-31 14:40:33,316 [WARNING] social_media_automation: ⚠️ Twitter API anahtarlari eksik → mock mod
2026-08-31 14:40:33,374 - TRMWatchdog - INFO - [trm_worker.py] 2026-08-31 14:40:33,312 [INFO] TRMWorker: TRM worker baslatildi | loop=60s | factory_interval=6:00:00
2026-08-31 14:40:33,374 - TRMWatchdog - INFO - [trm_worker.py] 2026-08-31 14:40:33,312 [WARNING] social_media_automation: ⚠️ Twitter API anahtarlari eksik → mock mod
2026-08-31 14:40:33,374 - TRMWatchdog - INFO - [trm_worker.py] 2026-08-31 14:40:33,312 [INFO] TRMWorker: TRM worker baslatildi | loop=60s | factory_interval=6:00:00
2026-08-31 14:40:33,374 - TRMWatchdog - INFO - [trm_worker.py] 2026-08-31 14:40:33,316 [WARNING] social_media_automation: ⚠️ Twitter API anahtarlari eksik → mock mod
2026-08-31 14:40:33,374 - TRMWatchdog - INFO - [trm_worker.py] 2026-08-31 14:40:33,312 [WARNING] social_media_automation: ⚠️ Twitter API anahtarlari eksik → mock mod
2026-08-31 14:40:33,374 - TRMWatchdog - INFO - [trm_worker.py] 2026-08-31 14:40:33,316 [WARNING] social_media_automation: ⚠️ Twitter API anahtarlari eksik → mock mod
2026-08-31 14:40:33,552 - TRMWatchdog - INFO - [trm_worker.py] [CoreNexus] CamouflageAgent başarıyla sisteme bağlandı ve denetim altına alındı.
2026-08-31 14:40:33,552 - TRMWatchdog - INFO - [trm_worker.py] [CoreNexus] AccountManagerAgent başarıyla sisteme bağlandı ve denetim altına alındı.
2026-08-31 14:40:33,552 - TRMWatchdog - INFO - [trm_worker.py] [CoreNexus] MarketIntelAgent_01 başarıyla sisteme bağlandı ve denetim altına alındı.
2026-08-31 14:40:33,552 - TRMWatchdog - INFO - [trm_worker.py] [CoreNexus] MarketIntelAgent_02 başarıyla sisteme bağlandı ve denetim altına alındı.
2026-08-31 14:40:33,552 - TRMWatchdog - INFO - [trm_worker.py] [CoreNexus] MarketIntelAgent_03 başarıyla sisteme bağlandı ve denetim altına alındı.
2026-08-31 14:40:33,552 - TRMWatchdog - INFO - [trm_worker.py] [CoreNexus] MarketIntelAgent_04 başarıyla sisteme bağlandı ve denetim altına alındı.
2026-08-31 14:40:33,552 - TRMWatchdog - INFO - [trm_worker.py] [CoreNexus] MarketIntelAgent_05 başarıyla sisteme bağlandı ve denetim altına alındı.
2026-08-31 14:40:33,552 - TRMWatchdog - INFO - [trm_worker.py] [CoreNexus] MarketIntelAgent_06 başarıyla sisteme bağlandı ve denetim altına alındı.
2026-08-31 14:40:33,552 - TRMWatchdog - INFO - [trm_worker.py] [CoreNexus] MarketIntelAgent_07 başarıyla sisteme bağlandı ve denetim altına alındı.
2026-08-31 14:40:33,552 - TRMWatchdog - INFO - [trm_worker.py] [CoreNexus] MarketIntelAgent_08 başarıyla sisteme bağlandı ve denetim altına alındı.
2026-08-31 14:40:33,552 - TRMWatchdog - INFO - [trm_worker.py] [CoreNexus] MarketIntelAgent_09 başarıyla sisteme bağlandı ve denetim altına alındı.
2026-08-31 14:40:33,552 - TRMWatchdog - INFO - [trm_worker.py] [CoreNexus] MarketIntelAgent_10 başarıyla sisteme bağlandı ve denetim altına alındı.
2026-08-31 14:40:33,552 - TRMWatchdog - INFO - [trm_worker.py] [CoreNexus] BridgeAgent_01 başarıyla sisteme bağlandı ve denetim altına alındı.
2026-08-31 14:40:33,552 - TRMWatchdog - INFO - [trm_worker.py] [CoreNexus] BridgeAgent_02 başarıyla sisteme bağlandı ve denetim altına alındı.
2026-08-31 14:40:33,552 - TRMWatchdog - INFO - [trm_worker.py] [CoreNexus] BridgeAgent_03 başarıyla sisteme bağlandı ve denetim altına alındı.
2026-08-31 14:40:33,552 - TRMWatchdog - INFO - [trm_worker.py] [CoreNexus] BridgeAgent_04 başarıyla sisteme bağlandı ve denetim altına alındı.
2026-08-31 14:40:33,552 - TRMWatchdog - INFO - [trm_worker.py] [CoreNexus] BridgeAgent_05 başarıyla sisteme bağlandı ve denetim altına alındı.
2026-08-31 14:40:33,552 - TRMWatchdog - INFO - [trm_worker.py] [CoreNexus] BridgeAgent_06 başarıyla sisteme bağlandı ve denetim altına alındı.
2026-08-31 14:40:33,552 - TRMWatchdog - INFO - [trm_worker.py] [CoreNexus] BridgeAgent_07 başarıyla sisteme bağlandı ve denetim altına alındı.
2026-08-31 14:40:33,552 - TRMWatchdog - INFO - [trm_worker.py] [CoreNexus] BridgeAgent_08 başarıyla sisteme bağlandı ve denetim altına alındı.
2026-08-31 14:40:33,552 - TRMWatchdog - INFO - [trm_worker.py] [CoreNexus] BridgeAgent_09 başarıyla sisteme bağlandı ve denetim altına alındı.
2026-08-31 14:40:33,557 - TRMWatchdog - INFO - [trm_worker.py] [CoreNexus] BridgeAgent_10 başarıyla sisteme bağlandı ve denetim altına alındı.
2026-08-31 14:40:33,557 - TRMWatchdog - INFO - [trm_worker.py] [CoreNexus] BridgeAgent_11 başarıyla sisteme bağlandı ve denetim altına alındı.
2026-08-31 14:40:33,557 - TRMWatchdog - INFO - [trm_worker.py] [CoreNexus] BridgeAgent_12 başarıyla sisteme bağlandı ve denetim altına alındı.
2026-08-31 14:40:33,557 - TRMWatchdog - INFO - [trm_worker.py] [CoreNexus] BridgeAgent_13 başarıyla sisteme bağlandı ve denetim altına alındı.
2026-08-31 14:40:33,557 - TRMWatchdog - INFO - [trm_worker.py] [CoreNexus] BridgeAgent_14 başarıyla sisteme bağlandı ve denetim altına alındı.
2026-08-31 14:40:33,557 - TRMWatchdog - INFO - [trm_worker.py] [CoreNexus] BridgeAgent_15 başarıyla sisteme bağlandı ve denetim altına alındı.
2026-08-31 14:40:33,557 - TRMWatchdog - INFO - [trm_worker.py] [CoreNexus] Content_Generator_Agent başarıyla sisteme bağlandı ve denetim altına alındı.
2026-08-31 14:40:33,557 - TRMWatchdog - INFO - [trm_worker.py] [CoreNexus] QueueAgent başarıyla sisteme bağlandı ve denetim altına alındı.
2026-08-31 14:40:33,557 - TRMWatchdog - INFO - [trm_worker.py] [CoreNexus] PosterAgent başarıyla sisteme bağlandı ve denetim altına alındı.
2026-08-31 14:40:33,557 - TRMWatchdog - INFO - [trm_worker.py] [CoreNexus] SentinelAgent_01 başarıyla sisteme bağlandı ve denetim altına alındı.
2026-08-31 14:40:33,557 - TRMWatchdog - INFO - [trm_worker.py] [CoreNexus] SentinelAgent_02 başarıyla sisteme bağlandı ve denetim altına alındı.
2026-08-31 14:40:33,557 - TRMWatchdog - INFO - [trm_worker.py] [CoreNexus] SentinelAgent_03 başarıyla sisteme bağlandı ve denetim altına alındı.
2026-08-31 14:40:33,557 - TRMWatchdog - INFO - [trm_worker.py] [CoreNexus] SentinelAgent_04 başarıyla sisteme bağlandı ve denetim altına alındı.
2026-08-31 14:40:33,557 - TRMWatchdog - INFO - [trm_worker.py] [CoreNexus] SentinelAgent_05 başarıyla sisteme bağlandı ve denetim altına alındı.
2026-08-31 14:40:33,557 - TRMWatchdog - INFO - [trm_worker.py] [CoreNexus] SentinelAgent_06 başarıyla sisteme bağlandı ve denetim altına alındı.
2026-08-31 14:40:33,560 - TRMWatchdog - INFO - [trm_worker.py] [CoreNexus] SentinelAgent_07 başarıyla sisteme bağlandı ve denetim altına alındı.
2026-08-31 14:40:33,560 - TRMWatchdog - INFO - [trm_worker.py] [CoreNexus] SentinelAgent_08 başarıyla sisteme bağlandı ve denetim altına alındı.
2026-08-31 14:40:33,560 - TRMWatchdog - INFO - [trm_worker.py] [CoreNexus] SentinelAgent_09 başarıyla sisteme bağlandı ve denetim altına alındı.
2026-08-31 14:40:33,560 - TRMWatchdog - INFO - [trm_worker.py] [CoreNexus] SentinelAgent_10 başarıyla sisteme bağlandı ve denetim altına alındı.
2026-08-31 14:40:33,560 - TRMWatchdog - INFO - [trm_worker.py] [CoreNexus] HealthCheckAgent başarıyla sisteme bağlandı ve denetim altına alındı.
2026-08-31 14:40:33,561 - TRMWatchdog - INFO - [trm_worker.py] [Camouflage] Teknik Maskeleme Aktif: IP ve Cihaz İzleri Temizleniyor...
2026-08-31 14:40:33,561 - TRMWatchdog - INFO - [trm_worker.py] [AnalystAgent] Trend raporu kaydedildi: C:\Users\Habitat\Desktop\SOSYAL _İMECE\trend_raporlari.json
2026-08-31 14:40:33,561 - TRMWatchdog - INFO - [trm_worker.py] [CoreNexus] CamouflageAgent senkronize ediliyor...
2026-08-31 14:40:33,561 - TRMWatchdog - INFO - [trm_worker.py] [CoreNexus] AccountManagerAgent senkronize ediliyor...
2026-08-31 14:40:33,561 - TRMWatchdog - INFO - [trm_worker.py] [CoreNexus] MarketIntelAgent_01 senkronize ediliyor...
2026-08-31 14:40:33,561 - TRMWatchdog - INFO - [trm_worker.py] [CoreNexus] MarketIntelAgent_02 senkronize ediliyor...
2026-08-31 14:40:33,561 - TRMWatchdog - INFO - [trm_worker.py] [CoreNexus] MarketIntelAgent_03 senkronize ediliyor...
2026-08-31 14:40:33,561 - TRMWatchdog - INFO - [trm_worker.py] [CoreNexus] MarketIntelAgent_04 senkronize ediliyor...
2026-08-31 14:40:33,562 - TRMWatchdog - INFO - [trm_worker.py] [CoreNexus] MarketIntelAgent_05 senkronize ediliyor...
2026-08-31 14:40:33,562 - TRMWatchdog - INFO - [trm_worker.py] [CoreNexus] MarketIntelAgent_06 senkronize ediliyor...
2026-08-31 14:40:33,562 - TRMWatchdog - INFO - [trm_worker.py] [CoreNexus] MarketIntelAgent_07 senkronize ediliyor...
2026-08-31 14:40:33,562 - TRMWatchdog - INFO - [trm_worker.py] [CoreNexus] MarketIntelAgent_08 senkronize ediliyor...
2026-08-31 14:40:33,562 - TRMWatchdog - INFO - [trm_worker.py] [CoreNexus] MarketIntelAgent_09 senkronize ediliyor...
2026-08-31 14:40:33,562 - TRMWatchdog - INFO - [trm_worker.py] [CoreNexus] MarketIntelAgent_10 senkronize ediliyor...
2026-08-31 14:40:33,562 - TRMWatchdog - INFO - [trm_worker.py] [CoreNexus] BridgeAgent_01 senkronize ediliyor...
2026-08-31 14:40:33,562 - TRMWatchdog - INFO - [trm_worker.py] [CoreNexus] BridgeAgent_02 senkronize ediliyor...
2026-08-31 14:40:33,562 - TRMWatchdog - INFO - [trm_worker.py] [CoreNexus] BridgeAgent_03 senkronize ediliyor...
2026-08-31 14:40:33,562 - TRMWatchdog - INFO - [trm_worker.py] [CoreNexus] BridgeAgent_04 senkronize ediliyor...
2026-08-31 14:40:33,562 - TRMWatchdog - INFO - [trm_worker.py] [CoreNexus] BridgeAgent_05 senkronize ediliyor...
2026-08-31 14:40:33,564 - TRMWatchdog - INFO - [trm_worker.py] [CoreNexus] BridgeAgent_06 senkronize ediliyor...
2026-08-31 14:40:33,564 - TRMWatchdog - INFO - [trm_worker.py] [CoreNexus] BridgeAgent_07 senkronize ediliyor...
2026-08-31 14:40:33,564 - TRMWatchdog - INFO - [trm_worker.py] [CoreNexus] BridgeAgent_08 senkronize ediliyor...
2026-08-31 14:40:33,564 - TRMWatchdog - INFO - [trm_worker.py] [CoreNexus] BridgeAgent_09 senkronize ediliyor...
2026-08-31 14:40:33,564 - TRMWatchdog - INFO - [trm_worker.py] [CoreNexus] BridgeAgent_10 senkronize ediliyor...
2026-08-31 14:40:33,564 - TRMWatchdog - INFO - [trm_worker.py] [CoreNexus] BridgeAgent_11 senkronize ediliyor...
2026-08-31 14:40:33,564 - TRMWatchdog - INFO - [trm_worker.py] [CoreNexus] BridgeAgent_12 senkronize ediliyor...
2026-08-31 14:40:33,564 - TRMWatchdog - INFO - [trm_worker.py] [CoreNexus] BridgeAgent_13 senkronize ediliyor...
2026-08-31 14:40:33,564 - TRMWatchdog - INFO - [trm_worker.py] [CoreNexus] BridgeAgent_14 senkronize ediliyor...
2026-08-31 14:40:33,564 - TRMWatchdog - INFO - [trm_worker.py] [CoreNexus] BridgeAgent_15 senkronize ediliyor...
2026-08-31 14:40:33,564 - TRMWatchdog - INFO - [trm_worker.py] [CoreNexus] Content_Generator_Agent senkronize ediliyor...
2026-08-31 14:40:33,564 - TRMWatchdog - INFO - [trm_worker.py] [CoreNexus] QueueAgent senkronize ediliyor...
2026-08-31 14:40:33,564 - TRMWatchdog - INFO - [trm_worker.py] [CoreNexus] PosterAgent senkronize ediliyor...
2026-08-31 14:40:33,564 - TRMWatchdog - INFO - [trm_worker.py] 2026-08-31 14:40:33,533 [INFO] social_media_automation: 🔒 Maskelenmiş parmak izi: {'platform': 'Linux x86_64', 'screen_resolution': '2560x1440', 'accept_language': 'tr-TR,tr;q=0.9,en-US;q=0.8', 'webgl_vendor': 'Google Inc. (NVIDIA)', 'canvas_hash': '0x2472485'}
2026-08-31 14:40:33,577 - TRMWatchdog - INFO - [trm_worker.py] [CoreNexus] CamouflageAgent başarıyla sisteme bağlandı ve denetim altına alındı.
2026-08-31 14:40:33,577 - TRMWatchdog - INFO - [trm_worker.py] [CoreNexus] AccountManagerAgent başarıyla sisteme bağlandı ve denetim altına alındı.
2026-08-31 14:40:33,577 - TRMWatchdog - INFO - [trm_worker.py] [CoreNexus] CamouflageAgent başarıyla sisteme bağlandı ve denetim altına alındı.
2026-08-31 14:40:33,577 - TRMWatchdog - INFO - [trm_worker.py] [CoreNexus] MarketIntelAgent_01 başarıyla sisteme bağlandı ve denetim altına alındı.
2026-08-31 14:40:33,577 - TRMWatchdog - INFO - [trm_worker.py] [CoreNexus] AccountManagerAgent başarıyla sisteme bağlandı ve denetim altına alındı.
2026-08-31 14:40:33,577 - TRMWatchdog - INFO - [trm_worker.py] [CoreNexus] MarketIntelAgent_02 başarıyla sisteme bağlandı ve denetim altına alındı.
2026-08-31 14:40:33,577 - TRMWatchdog - INFO - [trm_worker.py] [CoreNexus] MarketIntelAgent_01 başarıyla sisteme bağlandı ve denetim altına alındı.
2026-08-31 14:40:33,577 - TRMWatchdog - INFO - [trm_worker.py] [CoreNexus] MarketIntelAgent_03 başarıyla sisteme bağlandı ve denetim altına alındı.
2026-08-31 14:40:33,577 - TRMWatchdog - INFO - [trm_worker.py] [CoreNexus] MarketIntelAgent_02 başarıyla sisteme bağlandı ve denetim altına alındı.
2026-08-31 14:40:33,577 - TRMWatchdog - INFO - [trm_worker.py] [CoreNexus] MarketIntelAgent_04 başarıyla sisteme bağlandı ve denetim altına alındı.
2026-08-31 14:40:33,577 - TRMWatchdog - INFO - [trm_worker.py] [CoreNexus] MarketIntelAgent_03 başarıyla sisteme bağlandı ve denetim altına alındı.
2026-08-31 14:40:33,577 - TRMWatchdog - INFO - [trm_worker.py] [CoreNexus] MarketIntelAgent_05 başarıyla sisteme bağlandı ve denetim altına alındı.
2026-08-31 14:40:33,577 - TRMWatchdog - INFO - [trm_worker.py] [CoreNexus] MarketIntelAgent_04 başarıyla sisteme bağlandı ve denetim altına alındı.
2026-08-31 14:40:33,577 - TRMWatchdog - INFO - [trm_worker.py] [CoreNexus] MarketIntelAgent_06 başarıyla sisteme bağlandı ve denetim altına alındı.
2026-08-31 14:40:33,577 - TRMWatchdog - INFO - [trm_worker.py] [CoreNexus] MarketIntelAgent_05 başarıyla sisteme bağlandı ve denetim altına alındı.
2026-08-31 14:40:33,580 - TRMWatchdog - INFO - [trm_worker.py] [CoreNexus] MarketIntelAgent_07 başarıyla sisteme bağlandı ve denetim altına alındı.
2026-08-31 14:40:33,580 - TRMWatchdog - INFO - [trm_worker.py] [CoreNexus] MarketIntelAgent_06 başarıyla sisteme bağlandı ve denetim altına alındı.
2026-08-31 14:40:33,580 - TRMWatchdog - INFO - [trm_worker.py] [CoreNexus] MarketIntelAgent_08 başarıyla sisteme bağlandı ve denetim altına alındı.
2026-08-31 14:40:33,580 - TRMWatchdog - INFO - [trm_worker.py] [CoreNexus] MarketIntelAgent_07 başarıyla sisteme bağlandı ve denetim altına alındı.
2026-08-31 14:40:33,580 - TRMWatchdog - INFO - [trm_worker.py] [CoreNexus] MarketIntelAgent_09 başarıyla sisteme bağlandı ve denetim altına alındı.
2026-08-31 14:40:33,580 - TRMWatchdog - INFO - [trm_worker.py] [CoreNexus] MarketIntelAgent_08 başarıyla sisteme bağlandı ve denetim altına alındı.
2026-08-31 14:40:33,580 - TRMWatchdog - INFO - [trm_worker.py] [CoreNexus] MarketIntelAgent_10 başarıyla sisteme bağlandı ve denetim altına alındı.
2026-08-31 14:40:33,581 - TRMWatchdog - INFO - [trm_worker.py] [CoreNexus] MarketIntelAgent_09 başarıyla sisteme bağlandı ve denetim altına alındı.
2026-08-31 14:40:33,581 - TRMWatchdog - INFO - [trm_worker.py] [CoreNexus] BridgeAgent_01 başarıyla sisteme bağlandı ve denetim altına alındı.
2026-08-31 14:40:33,581 - TRMWatchdog - INFO - [trm_worker.py] [CoreNexus] MarketIntelAgent_10 başarıyla sisteme bağlandı ve denetim altına alındı.
2026-08-31 14:40:33,581 - TRMWatchdog - INFO - [trm_worker.py] [CoreNexus] BridgeAgent_02 başarıyla sisteme bağlandı ve denetim altına alındı.
2026-08-31 14:40:33,581 - TRMWatchdog - INFO - [trm_worker.py] [CoreNexus] BridgeAgent_01 başarıyla sisteme bağlandı ve denetim altına alındı.
2026-08-31 14:40:33,581 - TRMWatchdog - INFO - [trm_worker.py] [CoreNexus] BridgeAgent_03 başarıyla sisteme bağlandı ve denetim altına alındı.
2026-08-31 14:40:33,581 - TRMWatchdog - INFO - [trm_worker.py] [CoreNexus] BridgeAgent_02 başarıyla sisteme bağlandı ve denetim altına alındı.
2026-08-31 14:40:33,581 - TRMWatchdog - INFO - [trm_worker.py] [CoreNexus] BridgeAgent_04 başarıyla sisteme bağlandı ve denetim altına alındı.
2026-08-31 14:40:33,581 - TRMWatchdog - INFO - [trm_worker.py] [CoreNexus] BridgeAgent_03 başarıyla sisteme bağlandı ve denetim altına alındı.
2026-08-31 14:40:33,581 - TRMWatchdog - INFO - [trm_worker.py] [CoreNexus] BridgeAgent_05 başarıyla sisteme bağlandı ve denetim altına alındı.
2026-08-31 14:40:33,581 - TRMWatchdog - INFO - [trm_worker.py] [CoreNexus] BridgeAgent_04 başarıyla sisteme bağlandı ve denetim altına alındı.
2026-08-31 14:40:33,581 - TRMWatchdog - INFO - [trm_worker.py] [CoreNexus] BridgeAgent_06 başarıyla sisteme bağlandı ve denetim altına alındı.
2026-08-31 14:40:33,581 - TRMWatchdog - INFO - [trm_worker.py] [CoreNexus] BridgeAgent_05 başarıyla sisteme bağlandı ve denetim altına alındı.
2026-08-31 14:40:33,581 - TRMWatchdog - INFO - [trm_worker.py] [CoreNexus] BridgeAgent_07 başarıyla sisteme bağlandı ve denetim altına alındı.
2026-08-31 14:40:33,581 - TRMWatchdog - INFO - [trm_worker.py] [CoreNexus] BridgeAgent_06 başarıyla sisteme bağlandı ve denetim altına alındı.
2026-08-31 14:40:33,581 - TRMWatchdog - INFO - [trm_worker.py] [CoreNexus] BridgeAgent_08 başarıyla sisteme bağlandı ve denetim altına alındı.
2026-08-31 14:40:33,581 - TRMWatchdog - INFO - [trm_worker.py] [CoreNexus] BridgeAgent_07 başarıyla sisteme bağlandı ve denetim altına alındı.
2026-08-31 14:40:33,581 - TRMWatchdog - INFO - [trm_worker.py] [CoreNexus] BridgeAgent_09 başarıyla sisteme bağlandı ve denetim altına alındı.
2026-08-31 14:40:33,581 - TRMWatchdog - INFO - [trm_worker.py] [CoreNexus] BridgeAgent_08 başarıyla sisteme bağlandı ve denetim altına alındı.
2026-08-31 14:40:33,581 - TRMWatchdog - INFO - [trm_worker.py] [CoreNexus] BridgeAgent_10 başarıyla sisteme bağlandı ve denetim altına alındı.
2026-08-31 14:40:33,581 - TRMWatchdog - INFO - [trm_worker.py] [CoreNexus] BridgeAgent_09 başarıyla sisteme bağlandı ve denetim altına alındı.
2026-08-31 14:40:33,581 - TRMWatchdog - INFO - [trm_worker.py] [CoreNexus] BridgeAgent_11 başarıyla sisteme bağlandı ve denetim altına alındı.
2026-08-31 14:40:33,581 - TRMWatchdog - INFO - [trm_worker.py] [CoreNexus] BridgeAgent_10 başarıyla sisteme bağlandı ve denetim altına alındı.
2026-08-31 14:40:33,581 - TRMWatchdog - INFO - [trm_worker.py] [CoreNexus] BridgeAgent_12 başarıyla sisteme bağlandı ve denetim altına alındı.
2026-08-31 14:40:33,581 - TRMWatchdog - INFO - [trm_worker.py] [CoreNexus] BridgeAgent_11 başarıyla sisteme bağlandı ve denetim altına alındı.
2026-08-31 14:40:33,581 - TRMWatchdog - INFO - [trm_worker.py] [CoreNexus] BridgeAgent_13 başarıyla sisteme bağlandı ve denetim altına alındı.
2026-08-31 14:40:33,581 - TRMWatchdog - INFO - [trm_worker.py] [CoreNexus] BridgeAgent_12 başarıyla sisteme bağlandı ve denetim altına alındı.
2026-08-31 14:40:33,581 - TRMWatchdog - INFO - [trm_worker.py] [CoreNexus] BridgeAgent_14 başarıyla sisteme bağlandı ve denetim altına alındı.
2026-08-31 14:40:33,581 - TRMWatchdog - INFO - [trm_worker.py] [CoreNexus] BridgeAgent_13 başarıyla sisteme bağlandı ve denetim altına alındı.
2026-08-31 14:40:33,581 - TRMWatchdog - INFO - [trm_worker.py] [CoreNexus] BridgeAgent_15 başarıyla sisteme bağlandı ve denetim altına alındı.
2026-08-31 14:40:33,581 - TRMWatchdog - INFO - [trm_worker.py] [CoreNexus] BridgeAgent_14 başarıyla sisteme bağlandı ve denetim altına alındı.
2026-08-31 14:40:33,581 - TRMWatchdog - INFO - [trm_worker.py] [CoreNexus] Content_Generator_Agent başarıyla sisteme bağlandı ve denetim altına alındı.
2026-08-31 14:40:33,581 - TRMWatchdog - INFO - [trm_worker.py] [CoreNexus] BridgeAgent_15 başarıyla sisteme bağlandı ve denetim altına alındı.
2026-08-31 14:40:33,581 - TRMWatchdog - INFO - [trm_worker.py] [CoreNexus] QueueAgent başarıyla sisteme bağlandı ve denetim altına alındı.
2026-08-31 14:40:33,581 - TRMWatchdog - INFO - [trm_worker.py] [CoreNexus] Content_Generator_Agent başarıyla sisteme bağlandı ve denetim altına alındı.
2026-08-31 14:40:33,581 - TRMWatchdog - INFO - [trm_worker.py] [CoreNexus] PosterAgent başarıyla sisteme bağlandı ve denetim altına alındı.
2026-08-31 14:40:33,581 - TRMWatchdog - INFO - [trm_worker.py] [CoreNexus] QueueAgent başarıyla sisteme bağlandı ve denetim altına alındı.
2026-08-31 14:40:33,581 - TRMWatchdog - INFO - [trm_worker.py] [CoreNexus] SentinelAgent_01 başarıyla sisteme bağlandı ve denetim altına alındı.
2026-08-31 14:40:33,581 - TRMWatchdog - INFO - [trm_worker.py] [CoreNexus] PosterAgent başarıyla sisteme bağlandı ve denetim altına alındı.
2026-08-31 14:40:33,581 - TRMWatchdog - INFO - [trm_worker.py] [CoreNexus] SentinelAgent_02 başarıyla sisteme bağlandı ve denetim altına alındı.
2026-08-31 14:40:33,581 - TRMWatchdog - INFO - [trm_worker.py] [CoreNexus] SentinelAgent_01 başarıyla sisteme bağlandı ve denetim altına alındı.
2026-08-31 14:40:33,581 - TRMWatchdog - INFO - [trm_worker.py] [CoreNexus] SentinelAgent_03 başarıyla sisteme bağlandı ve denetim altına alındı.
2026-08-31 14:40:33,581 - TRMWatchdog - INFO - [trm_worker.py] [CoreNexus] SentinelAgent_02 başarıyla sisteme bağlandı ve denetim altına alındı.
2026-08-31 14:40:33,581 - TRMWatchdog - INFO - [trm_worker.py] [CoreNexus] SentinelAgent_04 başarıyla sisteme bağlandı ve denetim altına alındı.
2026-08-31 14:40:33,581 - TRMWatchdog - INFO - [trm_worker.py] [CoreNexus] SentinelAgent_03 başarıyla sisteme bağlandı ve denetim altına alındı.
2026-08-31 14:40:33,581 - TRMWatchdog - INFO - [trm_worker.py] [CoreNexus] SentinelAgent_05 başarıyla sisteme bağlandı ve denetim altına alındı.
2026-08-31 14:40:33,581 - TRMWatchdog - INFO - [trm_worker.py] [CoreNexus] SentinelAgent_04 başarıyla sisteme bağlandı ve denetim altına alındı.
2026-08-31 14:40:33,588 - TRMWatchdog - INFO - [trm_worker.py] [CoreNexus] SentinelAgent_06 başarıyla sisteme bağlandı ve denetim altına alındı.
2026-08-31 14:40:33,588 - TRMWatchdog - INFO - [trm_worker.py] [CoreNexus] SentinelAgent_05 başarıyla sisteme bağlandı ve denetim altına alındı.
2026-08-31 14:40:33,588 - TRMWatchdog - INFO - [trm_worker.py] [CoreNexus] SentinelAgent_07 başarıyla sisteme bağlandı ve denetim altına alındı.
2026-08-31 14:40:33,588 - TRMWatchdog - INFO - [trm_worker.py] [CoreNexus] SentinelAgent_06 başarıyla sisteme bağlandı ve denetim altına alındı.
2026-08-31 14:40:33,588 - TRMWatchdog - INFO - [trm_worker.py] [CoreNexus] SentinelAgent_08 başarıyla sisteme bağlandı ve denetim altına alındı.
2026-08-31 14:40:33,588 - TRMWatchdog - INFO - [trm_worker.py] [CoreNexus] SentinelAgent_07 başarıyla sisteme bağlandı ve denetim altına alındı.
2026-08-31 14:40:33,588 - TRMWatchdog - INFO - [trm_worker.py] [CoreNexus] SentinelAgent_09 başarıyla sisteme bağlandı ve denetim altına alındı.
2026-08-31 14:40:33,589 - TRMWatchdog - INFO - [trm_worker.py] [CoreNexus] SentinelAgent_08 başarıyla sisteme bağlandı ve denetim altına alındı.
2026-08-31 14:40:33,589 - TRMWatchdog - INFO - [trm_worker.py] [CoreNexus] SentinelAgent_10 başarıyla sisteme bağlandı ve denetim altına alındı.
2026-08-31 14:40:33,589 - TRMWatchdog - INFO - [trm_worker.py] [CoreNexus] SentinelAgent_09 başarıyla sisteme bağlandı ve denetim altına alındı.
2026-08-31 14:40:33,589 - TRMWatchdog - INFO - [trm_worker.py] [CoreNexus] HealthCheckAgent başarıyla sisteme bağlandı ve denetim altına alındı.
2026-08-31 14:40:33,589 - TRMWatchdog - INFO - [trm_worker.py] [CoreNexus] SentinelAgent_10 başarıyla sisteme bağlandı ve denetim altına alındı.
2026-08-31 14:40:33,589 - TRMWatchdog - INFO - [trm_worker.py] [Camouflage] Teknik Maskeleme Aktif: IP ve Cihaz İzleri Temizleniyor...
2026-08-31 14:40:33,589 - TRMWatchdog - INFO - [trm_worker.py] [CoreNexus] HealthCheckAgent başarıyla sisteme bağlandı ve denetim altına alındı.
2026-08-31 14:40:33,589 - TRMWatchdog - INFO - [trm_worker.py] [AnalystAgent] Trend raporu kaydedildi: C:\Users\Habitat\Desktop\SOSYAL _İMECE\trend_raporlari.json
2026-08-31 14:40:33,589 - TRMWatchdog - INFO - [trm_worker.py] [Camouflage] Teknik Maskeleme Aktif: IP ve Cihaz İzleri Temizleniyor...
2026-08-31 14:40:33,589 - TRMWatchdog - INFO - [trm_worker.py] [CoreNexus] CamouflageAgent senkronize ediliyor...
2026-08-31 14:40:33,589 - TRMWatchdog - INFO - [trm_worker.py] [AnalystAgent] Trend raporu kaydedildi: C:\Users\Habitat\Desktop\SOSYAL _İMECE\trend_raporlari.json
2026-08-31 14:40:33,589 - TRMWatchdog - INFO - [trm_worker.py] [CoreNexus] AccountManagerAgent senkronize ediliyor...
2026-08-31 14:40:33,589 - TRMWatchdog - INFO - [trm_worker.py] [CoreNexus] CamouflageAgent senkronize ediliyor...
2026-08-31 14:40:33,589 - TRMWatchdog - INFO - [trm_worker.py] [CoreNexus] MarketIntelAgent_01 senkronize ediliyor...
2026-08-31 14:40:33,589 - TRMWatchdog - INFO - [trm_worker.py] [CoreNexus] AccountManagerAgent senkronize ediliyor...
2026-08-31 14:40:33,589 - TRMWatchdog - INFO - [trm_worker.py] [CoreNexus] MarketIntelAgent_02 senkronize ediliyor...
2026-08-31 14:40:33,591 - TRMWatchdog - INFO - [trm_worker.py] [CoreNexus] MarketIntelAgent_01 senkronize ediliyor...
2026-08-31 14:40:33,591 - TRMWatchdog - INFO - [trm_worker.py] [CoreNexus] MarketIntelAgent_03 senkronize ediliyor...
2026-08-31 14:40:33,591 - TRMWatchdog - INFO - [trm_worker.py] [CoreNexus] MarketIntelAgent_02 senkronize ediliyor...
2026-08-31 14:40:33,591 - TRMWatchdog - INFO - [trm_worker.py] [CoreNexus] MarketIntelAgent_04 senkronize ediliyor...
2026-08-31 14:40:33,591 - TRMWatchdog - INFO - [trm_worker.py] [CoreNexus] MarketIntelAgent_03 senkronize ediliyor...
2026-08-31 14:40:33,591 - TRMWatchdog - INFO - [trm_worker.py] [CoreNexus] MarketIntelAgent_05 senkronize ediliyor...
2026-08-31 14:40:33,591 - TRMWatchdog - INFO - [trm_worker.py] [CoreNexus] MarketIntelAgent_04 senkronize ediliyor...
2026-08-31 14:40:33,591 - TRMWatchdog - INFO - [trm_worker.py] [CoreNexus] MarketIntelAgent_06 senkronize ediliyor...
2026-08-31 14:40:33,592 - TRMWatchdog - INFO - [trm_worker.py] [CoreNexus] MarketIntelAgent_05 senkronize ediliyor...
2026-08-31 14:40:33,592 - TRMWatchdog - INFO - [trm_worker.py] [CoreNexus] MarketIntelAgent_07 senkronize ediliyor...
2026-08-31 14:40:33,592 - TRMWatchdog - INFO - [trm_worker.py] [CoreNexus] MarketIntelAgent_06 senkronize ediliyor...
2026-08-31 14:40:33,592 - TRMWatchdog - INFO - [trm_worker.py] [CoreNexus] MarketIntelAgent_08 senkronize ediliyor...
2026-08-31 14:40:33,592 - TRMWatchdog - INFO - [trm_worker.py] [CoreNexus] MarketIntelAgent_07 senkronize ediliyor...
2026-08-31 14:40:33,592 - TRMWatchdog - INFO - [trm_worker.py] [CoreNexus] MarketIntelAgent_09 senkronize ediliyor...
2026-08-31 14:40:33,592 - TRMWatchdog - INFO - [trm_worker.py] [CoreNexus] MarketIntelAgent_08 senkronize ediliyor...
2026-08-31 14:40:33,592 - TRMWatchdog - INFO - [trm_worker.py] [CoreNexus] MarketIntelAgent_10 senkronize ediliyor...
2026-08-31 14:40:33,592 - TRMWatchdog - INFO - [trm_worker.py] [CoreNexus] MarketIntelAgent_09 senkronize ediliyor...
2026-08-31 14:40:33,592 - TRMWatchdog - INFO - [trm_worker.py] [CoreNexus] BridgeAgent_01 senkronize ediliyor...
2026-08-31 14:40:33,592 - TRMWatchdog - INFO - [trm_worker.py] [CoreNexus] MarketIntelAgent_10 senkronize ediliyor...
2026-08-31 14:40:33,592 - TRMWatchdog - INFO - [trm_worker.py] [CoreNexus] BridgeAgent_02 senkronize ediliyor...
2026-08-31 14:40:33,592 - TRMWatchdog - INFO - [trm_worker.py] [CoreNexus] BridgeAgent_01 senkronize ediliyor...
2026-08-31 14:40:33,592 - TRMWatchdog - INFO - [trm_worker.py] [CoreNexus] BridgeAgent_03 senkronize ediliyor...
2026-08-31 14:40:33,592 - TRMWatchdog - INFO - [trm_worker.py] [CoreNexus] BridgeAgent_02 senkronize ediliyor...
2026-08-31 14:40:33,592 - TRMWatchdog - INFO - [trm_worker.py] [CoreNexus] BridgeAgent_04 senkronize ediliyor...
2026-08-31 14:40:33,592 - TRMWatchdog - INFO - [trm_worker.py] [CoreNexus] BridgeAgent_03 senkronize ediliyor...
2026-08-31 14:40:33,594 - TRMWatchdog - INFO - [trm_worker.py] [CoreNexus] BridgeAgent_05 senkronize ediliyor...
2026-08-31 14:40:33,594 - TRMWatchdog - INFO - [trm_worker.py] [CoreNexus] BridgeAgent_04 senkronize ediliyor...
2026-08-31 14:40:33,594 - TRMWatchdog - INFO - [trm_worker.py] [CoreNexus] BridgeAgent_06 senkronize ediliyor...
2026-08-31 14:40:33,594 - TRMWatchdog - INFO - [trm_worker.py] [CoreNexus] BridgeAgent_05 senkronize ediliyor...
2026-08-31 14:40:33,594 - TRMWatchdog - INFO - [trm_worker.py] [CoreNexus] BridgeAgent_07 senkronize ediliyor...
2026-08-31 14:40:33,594 - TRMWatchdog - INFO - [trm_worker.py] [CoreNexus] BridgeAgent_06 senkronize ediliyor...
2026-08-31 14:40:33,594 - TRMWatchdog - INFO - [trm_worker.py] [CoreNexus] BridgeAgent_08 senkronize ediliyor...
2026-08-31 14:40:33,594 - TRMWatchdog - INFO - [trm_worker.py] [CoreNexus] BridgeAgent_07 senkronize ediliyor...
2026-08-31 14:40:33,594 - TRMWatchdog - INFO - [trm_worker.py] [CoreNexus] BridgeAgent_09 senkronize ediliyor...
2026-08-31 14:40:33,594 - TRMWatchdog - INFO - [trm_worker.py] [CoreNexus] BridgeAgent_08 senkronize ediliyor...
2026-08-31 14:40:33,594 - TRMWatchdog - INFO - [trm_worker.py] [CoreNexus] BridgeAgent_10 senkronize ediliyor...
2026-08-31 14:40:33,594 - TRMWatchdog - INFO - [trm_worker.py] [CoreNexus] BridgeAgent_09 senkronize ediliyor...
2026-08-31 14:40:33,594 - TRMWatchdog - INFO - [trm_worker.py] [CoreNexus] BridgeAgent_11 senkronize ediliyor...
2026-08-31 14:40:33,594 - TRMWatchdog - INFO - [trm_worker.py] [CoreNexus] BridgeAgent_10 senkronize ediliyor...
2026-08-31 14:40:33,594 - TRMWatchdog - INFO - [trm_worker.py] [CoreNexus] BridgeAgent_12 senkronize ediliyor...
2026-08-31 14:40:33,594 - TRMWatchdog - INFO - [trm_worker.py] [CoreNexus] BridgeAgent_11 senkronize ediliyor...
2026-08-31 14:40:33,594 - TRMWatchdog - INFO - [trm_worker.py] [CoreNexus] BridgeAgent_13 senkronize ediliyor...
2026-08-31 14:40:33,594 - TRMWatchdog - INFO - [trm_worker.py] [CoreNexus] BridgeAgent_12 senkronize ediliyor...
2026-08-31 14:40:33,594 - TRMWatchdog - INFO - [trm_worker.py] [CoreNexus] BridgeAgent_14 senkronize ediliyor...
2026-08-31 14:40:33,594 - TRMWatchdog - INFO - [trm_worker.py] [CoreNexus] BridgeAgent_13 senkronize ediliyor...
2026-08-31 14:40:33,594 - TRMWatchdog - INFO - [trm_worker.py] [CoreNexus] BridgeAgent_15 senkronize ediliyor...
2026-08-31 14:40:33,594 - TRMWatchdog - INFO - [trm_worker.py] [CoreNexus] BridgeAgent_14 senkronize ediliyor...
2026-08-31 14:40:33,594 - TRMWatchdog - INFO - [trm_worker.py] [CoreNexus] Content_Generator_Agent senkronize ediliyor...
2026-08-31 14:40:33,594 - TRMWatchdog - INFO - [trm_worker.py] [CoreNexus] BridgeAgent_15 senkronize ediliyor...
2026-08-31 14:40:33,594 - TRMWatchdog - INFO - [trm_worker.py] [CoreNexus] QueueAgent senkronize ediliyor...
2026-08-31 14:40:33,594 - TRMWatchdog - INFO - [trm_worker.py] [CoreNexus] Content_Generator_Agent senkronize ediliyor...
2026-08-31 14:40:33,594 - TRMWatchdog - INFO - [trm_worker.py] [CoreNexus] PosterAgent senkronize ediliyor...
2026-08-31 14:40:33,594 - TRMWatchdog - INFO - [trm_worker.py] [CoreNexus] QueueAgent senkronize ediliyor...
2026-08-31 14:40:33,594 - TRMWatchdog - INFO - [trm_worker.py] 2026-08-31 14:40:33,533 [INFO] social_media_automation: 🔒 Maskelenmiş parmak izi: {'platform': 'Linux x86_64', 'screen_resolution': '2560x1440', 'accept_language': 'tr-TR,tr;q=0.9,en-US;q=0.8', 'webgl_vendor': 'Google Inc. (NVIDIA)', 'canvas_hash': '0x2472485'}
2026-08-31 14:40:33,594 - TRMWatchdog - INFO - [trm_worker.py] [CoreNexus] PosterAgent senkronize ediliyor...
2026-08-31 14:40:33,594 - TRMWatchdog - INFO - [trm_worker.py] 2026-08-31 14:40:33,533 [INFO] social_media_automation: 🔒 Maskelenmiş parmak izi: {'platform': 'Linux x86_64', 'screen_resolution': '2560x1440', 'accept_language': 'tr-TR,tr;q=0.9,en-US;q=0.8', 'webgl_vendor': 'Google Inc. (NVIDIA)', 'canvas_hash': '0x2472485'}
2026-08-31 14:40:41,408 - TRMWatchdog - INFO - [trm_worker.py] 2026-08-31 14:40:41,370 [INFO] social_media_automation: ⏱️ Chaos jitter bekleme süresi: 7.83s
2026-08-31 14:40:41,441 - TRMWatchdog - INFO - [trm_worker.py] 2026-08-31 14:40:41,370 [INFO] social_media_automation: ⏱️ Chaos jitter bekleme süresi: 7.83s
2026-08-31 14:40:41,441 - TRMWatchdog - INFO - [trm_worker.py] 2026-08-31 14:40:41,370 [INFO] social_media_automation: ⏱️ Chaos jitter bekleme süresi: 7.83s
2026-08-31 14:40:41,681 - TRMWatchdog - WARNING - Kritik süreç durdu: python orchestrator_api.py - yeniden başlatılıyor...
2026-08-31 14:40:41,719 - TRMWatchdog - INFO - Process python log dosyası: orchestrator_api.log
2026-08-31 14:40:41,721 - TRMWatchdog - INFO - Process python başlatıldı. Çıktıları orchestrator_api.log dosyasına ve konsola yazılıyor.
2026-08-31 14:40:41,721 - TRMWatchdog - INFO - Process python başarıyla yeniden başlatıldı (PID: 2216, deneme 3)
2026-08-31 14:40:41,872 - TRMWatchdog - INFO - [trm_worker.py] 2026-08-31 14:40:41,846 [WARNING] social_media_automation: ⚠️ Deneme 1/3 basarisiz: 400 Client Error: Bad Request for url: https://graph.instagram.com/v19.0//media?image_url=&caption=Kozmetik+Cilt+Bakim+Seti+i%C3%A7in+alarm+verildi.%0AFiyat%3A+499.50+TL%0AKomisyon%3A+%2535.0+%7C+Tahmini+kazan%C3%A7%3A+174.82+TL%0ABu+%C3%BCr%C3%BCn+%C5%9Fu+an+payla%C5%9F%C4%B1lmazsa+f%C4%B1rsat+ka%C3%A7abilir.+Hemen+linke+y%C3%B6nlendir.%0A%0A%23trendurun+%23yuksekkomisyon+%23satisfirsati+%23hemenincele+%23eticaret%0A%0Ahttps%3A%2F%2Fwww.trendyol.com%2Fkozmetik%2Fcilt-bakim%2Fcilt-bakim-seti&access_token=. 2.5s bekleniyor...
2026-08-31 14:40:41,872 - TRMWatchdog - INFO - [trm_worker.py] 2026-08-31 14:40:41,846 [WARNING] social_media_automation: ⚠️ Deneme 1/3 basarisiz: 400 Client Error: Bad Request for url: https://graph.instagram.com/v19.0//media?image_url=&caption=Kozmetik+Cilt+Bakim+Seti+i%C3%A7in+alarm+verildi.%0AFiyat%3A+499.50+TL%0AKomisyon%3A+%2535.0+%7C+Tahmini+kazan%C3%A7%3A+174.82+TL%0ABu+%C3%BCr%C3%BCn+%C5%9Fu+an+payla%C5%9F%C4%B1lmazsa+f%C4%B1rsat+ka%C3%A7abilir.+Hemen+linke+y%C3%B6nlendir.%0A%0A%23trendurun+%23yuksekkomisyon+%23satisfirsati+%23hemenincele+%23eticaret%0A%0Ahttps%3A%2F%2Fwww.trendyol.com%2Fkozmetik%2Fcilt-bakim%2Fcilt-bakim-seti&access_token=. 2.5s bekleniyor...
2026-08-31 14:40:41,922 - TRMWatchdog - INFO - [trm_worker.py] 2026-08-31 14:40:41,846 [WARNING] social_media_automation: ⚠️ Deneme 1/3 basarisiz: 400 Client Error: Bad Request for url: https://graph.instagram.com/v19.0//media?image_url=&caption=Kozmetik+Cilt+Bakim+Seti+i%C3%A7in+alarm+verildi.%0AFiyat%3A+499.50+TL%0AKomisyon%3A+%2535.0+%7C+Tahmini+kazan%C3%A7%3A+174.82+TL%0ABu+%C3%BCr%C3%BCn+%C5%9Fu+an+payla%C5%9F%C4%B1lmazsa+f%C4%B1rsat+ka%C3%A7abilir.+Hemen+linke+y%C3%B6nlendir.%0A%0A%23trendurun+%23yuksekkomisyon+%23satisfirsati+%23hemenincele+%23eticaret%0A%0Ahttps%3A%2F%2Fwww.trendyol.com%2Fkozmetik%2Fcilt-bakim%2Fcilt-bakim-seti&access_token=. 2.5s bekleniyor...
2026-08-31 14:40:44,736 - TRMWatchdog - INFO - [trm_worker.py] 2026-08-31 14:40:44,719 [WARNING] social_media_automation: ⚠️ Deneme 2/3 basarisiz: 400 Client Error: Bad Request for url: https://graph.instagram.com/v19.0//media?image_url=&caption=Kozmetik+Cilt+Bakim+Seti+i%C3%A7in+alarm+verildi.%0AFiyat%3A+499.50+TL%0AKomisyon%3A+%2535.0+%7C+Tahmini+kazan%C3%A7%3A+174.82+TL%0ABu+%C3%BCr%C3%BCn+%C5%9Fu+an+payla%C5%9F%C4%B1lmazsa+f%C4%B1rsat+ka%C3%A7abilir.+Hemen+linke+y%C3%B6nlendir.%0A%0A%23trendurun+%23yuksekkomisyon+%23satisfirsati+%23hemenincele+%23eticaret%0A%0Ahttps%3A%2F%2Fwww.trendyol.com%2Fkozmetik%2Fcilt-bakim%2Fcilt-bakim-seti&access_token=. 4.4s bekleniyor...
2026-08-31 14:40:44,786 - TRMWatchdog - INFO - [trm_worker.py] 2026-08-31 14:40:44,719 [WARNING] social_media_automation: ⚠️ Deneme 2/3 basarisiz: 400 Client Error: Bad Request for url: https://graph.instagram.com/v19.0//media?image_url=&caption=Kozmetik+Cilt+Bakim+Seti+i%C3%A7in+alarm+verildi.%0AFiyat%3A+499.50+TL%0AKomisyon%3A+%2535.0+%7C+Tahmini+kazan%C3%A7%3A+174.82+TL%0ABu+%C3%BCr%C3%BCn+%C5%9Fu+an+payla%C5%9F%C4%B1lmazsa+f%C4%B1rsat+ka%C3%A7abilir.+Hemen+linke+y%C3%B6nlendir.%0A%0A%23trendurun+%23yuksekkomisyon+%23satisfirsati+%23hemenincele+%23eticaret%0A%0Ahttps%3A%2F%2Fwww.trendyol.com%2Fkozmetik%2Fcilt-bakim%2Fcilt-bakim-seti&access_token=. 4.4s bekleniyor...
2026-08-31 14:40:44,786 - TRMWatchdog - INFO - [trm_worker.py] 2026-08-31 14:40:44,719 [WARNING] social_media_automation: ⚠️ Deneme 2/3 basarisiz: 400 Client Error: Bad Request for url: https://graph.instagram.com/v19.0//media?image_url=&caption=Kozmetik+Cilt+Bakim+Seti+i%C3%A7in+alarm+verildi.%0AFiyat%3A+499.50+TL%0AKomisyon%3A+%2535.0+%7C+Tahmini+kazan%C3%A7%3A+174.82+TL%0ABu+%C3%BCr%C3%BCn+%C5%9Fu+an+payla%C5%9F%C4%B1lmazsa+f%C4%B1rsat+ka%C3%A7abilir.+Hemen+linke+y%C3%B6nlendir.%0A%0A%23trendurun+%23yuksekkomisyon+%23satisfirsati+%23hemenincele+%23eticaret%0A%0Ahttps%3A%2F%2Fwww.trendyol.com%2Fkozmetik%2Fcilt-bakim%2Fcilt-bakim-seti&access_token=. 4.4s bekleniyor...
2026-08-31 14:40:49,712 - TRMWatchdog - INFO - [trm_worker.py] 2026-08-31 14:40:49,666 [ERROR] social_media_automation: ❌ Instagram hata: 400 Client Error: Bad Request for url: https://graph.instagram.com/v19.0//media?image_url=&caption=Kozmetik+Cilt+Bakim+Seti+i%C3%A7in+alarm+verildi.%0AFiyat%3A+499.50+TL%0AKomisyon%3A+%2535.0+%7C+Tahmini+kazan%C3%A7%3A+174.82+TL%0ABu+%C3%BCr%C3%BCn+%C5%9Fu+an+payla%C5%9F%C4%B1lmazsa+f%C4%B1rsat+ka%C3%A7abilir.+Hemen+linke+y%C3%B6nlendir.%0A%0A%23trendurun+%23yuksekkomisyon+%23satisfirsati+%23hemenincele+%23eticaret%0A%0Ahttps%3A%2F%2Fwww.trendyol.com%2Fkozmetik%2Fcilt-bakim%2Fcilt-bakim-seti&access_token=
2026-08-31 14:40:49,712 - TRMWatchdog - INFO - [trm_worker.py] 2026-08-31 14:40:49,666 [ERROR] social_media_automation: ❌ Instagram hata: 400 Client Error: Bad Request for url: https://graph.instagram.com/v19.0//media?image_url=&caption=Kozmetik+Cilt+Bakim+Seti+i%C3%A7in+alarm+verildi.%0AFiyat%3A+499.50+TL%0AKomisyon%3A+%2535.0+%7C+Tahmini+kazan%C3%A7%3A+174.82+TL%0ABu+%C3%BCr%C3%BCn+%C5%9Fu+an+payla%C5%9F%C4%B1lmazsa+f%C4%B1rsat+ka%C3%A7abilir.+Hemen+linke+y%C3%B6nlendir.%0A%0A%23trendurun+%23yuksekkomisyon+%23satisfirsati+%23hemenincele+%23eticaret%0A%0Ahttps%3A%2F%2Fwww.trendyol.com%2Fkozmetik%2Fcilt-bakim%2Fcilt-bakim-seti&access_token=
2026-08-31 14:40:49,712 - TRMWatchdog - INFO - [trm_worker.py] 2026-08-31 14:40:49,666 [INFO] social_media_automation: 🔒 Maskelenmiş parmak izi: {'platform': 'Linux x86_64', 'screen_resolution': '2560x1440', 'accept_language': 'tr-TR,tr;q=0.9,en-US;q=0.8', 'webgl_vendor': 'Google Inc. (NVIDIA)', 'canvas_hash': '0x2472485'}
2026-08-31 14:40:49,712 - TRMWatchdog - INFO - [trm_worker.py] 2026-08-31 14:40:49,666 [INFO] social_media_automation: 🔒 Maskelenmiş parmak izi: {'platform': 'Linux x86_64', 'screen_resolution': '2560x1440', 'accept_language': 'tr-TR,tr;q=0.9,en-US;q=0.8', 'webgl_vendor': 'Google Inc. (NVIDIA)', 'canvas_hash': '0x2472485'}
2026-08-31 14:40:49,766 - TRMWatchdog - INFO - [trm_worker.py] 2026-08-31 14:40:49,666 [ERROR] social_media_automation: ❌ Instagram hata: 400 Client Error: Bad Request for url: https://graph.instagram.com/v19.0//media?image_url=&caption=Kozmetik+Cilt+Bakim+Seti+i%C3%A7in+alarm+verildi.%0AFiyat%3A+499.50+TL%0AKomisyon%3A+%2535.0+%7C+Tahmini+kazan%C3%A7%3A+174.82+TL%0ABu+%C3%BCr%C3%BCn+%C5%9Fu+an+payla%C5%9F%C4%B1lmazsa+f%C4%B1rsat+ka%C3%A7abilir.+Hemen+linke+y%C3%B6nlendir.%0A%0A%23trendurun+%23yuksekkomisyon+%23satisfirsati+%23hemenincele+%23eticaret%0A%0Ahttps%3A%2F%2Fwww.trendyol.com%2Fkozmetik%2Fcilt-bakim%2Fcilt-bakim-seti&access_token=
2026-08-31 14:40:49,766 - TRMWatchdog - INFO - [trm_worker.py] 2026-08-31 14:40:49,666 [INFO] social_media_automation: 🔒 Maskelenmiş parmak izi: {'platform': 'Linux x86_64', 'screen_resolution': '2560x1440', 'accept_language': 'tr-TR,tr;q=0.9,en-US;q=0.8', 'webgl_vendor': 'Google Inc. (NVIDIA)', 'canvas_hash': '0x2472485'}
2026-08-31 14:40:51,757 - TRMWatchdog - INFO - python trm_worker.py run: DURDU - PID: None - TRM Worker Servisi
2026-08-31 14:40:51,757 - TRMWatchdog - INFO - python orchestrator_api.py: DURDU - PID: None - Orchestrator API Servisi
2026-08-31 14:40:51,760 - TRMWatchdog - INFO - streamlit run app.py: DURDU - PID: None - Streamlit Dashboard
2026-08-31 14:40:56,365 - TRMWatchdog - INFO - [trm_worker.py] 2026-08-31 14:40:56,305 [INFO] social_media_automation: ⏱️ Chaos jitter bekleme süresi: 6.64s
2026-08-31 14:40:56,365 - TRMWatchdog - INFO - [trm_worker.py] 2026-08-31 14:40:56,305 [INFO] social_media_automation: ⏱️ Chaos jitter bekleme süresi: 6.64s
2026-08-31 14:40:56,365 - TRMWatchdog - INFO - [trm_worker.py] 2026-08-31 14:40:56,305 [ERROR] social_media_automation: CALISMA MODU: LIVE | Facebook token eksik — guvenli dur
2026-08-31 14:40:56,366 - TRMWatchdog - INFO - [trm_worker.py] 2026-08-31 14:40:56,305 [ERROR] social_media_automation: CALISMA MODU: LIVE | Facebook token eksik — guvenli dur
2026-08-31 14:40:56,399 - TRMWatchdog - INFO - [trm_worker.py] 2026-08-31 14:40:56,305 [INFO] social_media_automation: ⏱️ Chaos jitter bekleme süresi: 6.64s
2026-08-31 14:40:56,400 - TRMWatchdog - INFO - [trm_worker.py] 2026-08-31 14:40:56,305 [ERROR] social_media_automation: CALISMA MODU: LIVE | Facebook token eksik — guvenli dur
2026-08-31 14:40:56,568 - TRMWatchdog - INFO - [trm_worker.py] [CoreNexus] SentinelAgent_01 senkronize ediliyor...
2026-08-31 14:40:56,569 - TRMWatchdog - INFO - [trm_worker.py] [CoreNexus] SentinelAgent_02 senkronize ediliyor...
2026-08-31 14:40:56,569 - TRMWatchdog - INFO - [trm_worker.py] [CoreNexus] SentinelAgent_01 senkronize ediliyor...
2026-08-31 14:40:56,569 - TRMWatchdog - INFO - [trm_worker.py] [CoreNexus] SentinelAgent_03 senkronize ediliyor...
2026-08-31 14:40:56,569 - TRMWatchdog - INFO - [trm_worker.py] [CoreNexus] SentinelAgent_02 senkronize ediliyor...
2026-08-31 14:40:56,569 - TRMWatchdog - INFO - [trm_worker.py] [CoreNexus] SentinelAgent_04 senkronize ediliyor...
2026-08-31 14:40:56,569 - TRMWatchdog - INFO - [trm_worker.py] [CoreNexus] SentinelAgent_03 senkronize ediliyor...
2026-08-31 14:40:56,570 - TRMWatchdog - INFO - [trm_worker.py] [CoreNexus] SentinelAgent_05 senkronize ediliyor...
2026-08-31 14:40:56,570 - TRMWatchdog - INFO - [trm_worker.py] [CoreNexus] SentinelAgent_04 senkronize ediliyor...
2026-08-31 14:40:56,570 - TRMWatchdog - INFO - [trm_worker.py] [CoreNexus] SentinelAgent_06 senkronize ediliyor...
2026-08-31 14:40:56,570 - TRMWatchdog - INFO - [trm_worker.py] [CoreNexus] SentinelAgent_05 senkronize ediliyor...
2026-08-31 14:40:56,570 - TRMWatchdog - INFO - [trm_worker.py] [CoreNexus] SentinelAgent_07 senkronize ediliyor...
2026-08-31 14:40:56,571 - TRMWatchdog - INFO - [trm_worker.py] [CoreNexus] SentinelAgent_06 senkronize ediliyor...
2026-08-31 14:40:56,571 - TRMWatchdog - INFO - [trm_worker.py] [CoreNexus] SentinelAgent_08 senkronize ediliyor...
2026-08-31 14:40:56,571 - TRMWatchdog - INFO - [trm_worker.py] [CoreNexus] SentinelAgent_07 senkronize ediliyor...
2026-08-31 14:40:56,571 - TRMWatchdog - INFO - [trm_worker.py] [CoreNexus] SentinelAgent_09 senkronize ediliyor...
2026-08-31 14:40:56,571 - TRMWatchdog - INFO - [trm_worker.py] [CoreNexus] SentinelAgent_08 senkronize ediliyor...
2026-08-31 14:40:56,571 - TRMWatchdog - INFO - [trm_worker.py] [CoreNexus] SentinelAgent_10 senkronize ediliyor...
2026-08-31 14:40:56,571 - TRMWatchdog - INFO - [trm_worker.py] [CoreNexus] SentinelAgent_09 senkronize ediliyor...
2026-08-31 14:40:56,571 - TRMWatchdog - INFO - [trm_worker.py] [CoreNexus] HealthCheckAgent senkronize ediliyor...
2026-08-31 14:40:56,571 - TRMWatchdog - INFO - [trm_worker.py] [CoreNexus] SentinelAgent_10 senkronize ediliyor...
2026-08-31 14:40:56,571 - TRMWatchdog - INFO - [trm_worker.py] 2026-08-31 14:40:56,543 [INFO] TRMWorker: Nabiz atisi kaydedildi: {'worker_state': 'alive', 'cycle_started_at': '2026-08-31 14:40:33', 'last_cycle_at': '2026-08-31 14:40:56', 'last_mode': 'full_cycle', 'queue_summary': {'queued': 3, 'posted': 0, 'pending_retry': 0}, 'active_agents': ['CamouflageAgent', 'AccountManagerAgent', 'MarketIntelAgent_01', 'MarketIntelAgent_02', 'MarketIntelAgent_03', 'MarketIntelAgent_04', 'MarketIntelAgent_05', 'MarketIntelAgent_06', 'MarketIntelAgent_07', 'MarketIntelAgent_08', 'MarketIntelAgent_09', 'MarketIntelAgent_10', 'BridgeAgent_01', 'BridgeAgent_02', 'BridgeAgent_03', 'BridgeAgent_04', 'BridgeAgent_05', 'BridgeAgent_06', 'BridgeAgent_07', 'BridgeAgent_08', 'BridgeAgent_09', 'BridgeAgent_10', 'BridgeAgent_11', 'BridgeAgent_12', 'BridgeAgent_13', 'BridgeAgent_14', 'BridgeAgent_15', 'Content_Generator_Agent', 'QueueAgent', 'PosterAgent', 'SentinelAgent_01', 'SentinelAgent_02', 'SentinelAgent_03', 'SentinelAgent_04', 'SentinelAgent_05', 'SentinelAgent_06', 'SentinelAgent_07', 'SentinelAgent_08', 'SentinelAgent_09', 'SentinelAgent_10', 'HealthCheckAgent'], 'security_status': {'zero_trust_enabled': True, 'stealth_mode_enabled': True, 'registered_agents': ['CamouflageAgent', 'AccountManagerAgent', 'MarketIntelAgent_01', 'MarketIntelAgent_02', 'MarketIntelAgent_03', 'MarketIntelAgent_04', 'MarketIntelAgent_05', 'MarketIntelAgent_06', 'MarketIntelAgent_07', 'MarketIntelAgent_08', 'MarketIntelAgent_09', 'MarketIntelAgent_10', 'BridgeAgent_01', 'BridgeAgent_02', 'BridgeAgent_03', 'BridgeAgent_04', 'BridgeAgent_05', 'BridgeAgent_06', 'BridgeAgent_07', 'BridgeAgent_08', 'BridgeAgent_09', 'BridgeAgent_10', 'BridgeAgent_11', 'BridgeAgent_12', 'BridgeAgent_13', 'BridgeAgent_14', 'BridgeAgent_15', 'Content_Generator_Agent', 'QueueAgent', 'PosterAgent', 'SentinelAgent_01', 'SentinelAgent_02', 'SentinelAgent_03', 'SentinelAgent_04', 'SentinelAgent_05', 'SentinelAgent_06', 'SentinelAgent_07', 'SentinelAgent_08', 'SentinelAgent_09', 'SentinelAgent_10', 'HealthCheckAgent'], 'encrypted_snapshots': 7, 'protection_backend': 'windows-dpapi', 'domain': 'trm-operations.net', 'connected_agents': 41}, 'agent_capacity_snapshot': {'baseline_agents': 165, 'market_intel_agents': 10, 'bridge_agents': 15, 'sentinel_agents': 10, 'expansion_total': 35, 'total_capacity': 200}, 'heartbeat_capacity_total': 200, 'performance_metrics': {'heartbeat_speed_per_sec': 0.68, 'earnings_efficiency': 58.27, 'autonomous_success_rate': 0.0, 'active_agent_count': 41}}
2026-08-31 14:40:56,571 - TRMWatchdog - INFO - [trm_worker.py] [CoreNexus] HealthCheckAgent senkronize ediliyor...
2026-08-31 14:40:56,573 - TRMWatchdog - INFO - [trm_worker.py] 2026-08-31 14:40:56,543 [INFO] TRMWorker: Dongu tamamlandi | mod=full_cycle | kuyruk={'queued': 3, 'posted': 0, 'pending_retry': 0}
2026-08-31 14:40:56,573 - TRMWatchdog - INFO - [trm_worker.py] 2026-08-31 14:40:56,543 [INFO] TRMWorker: Nabiz atisi kaydedildi: {'worker_state': 'alive', 'cycle_started_at': '2026-08-31 14:40:33', 'last_cycle_at': '2026-08-31 14:40:56', 'last_mode': 'full_cycle', 'queue_summary': {'queued': 3, 'posted': 0, 'pending_retry': 0}, 'active_agents': ['CamouflageAgent', 'AccountManagerAgent', 'MarketIntelAgent_01', 'MarketIntelAgent_02', 'MarketIntelAgent_03', 'MarketIntelAgent_04', 'MarketIntelAgent_05', 'MarketIntelAgent_06', 'MarketIntelAgent_07', 'MarketIntelAgent_08', 'MarketIntelAgent_09', 'MarketIntelAgent_10', 'BridgeAgent_01', 'BridgeAgent_02', 'BridgeAgent_03', 'BridgeAgent_04', 'BridgeAgent_05', 'BridgeAgent_06', 'BridgeAgent_07', 'BridgeAgent_08', 'BridgeAgent_09', 'BridgeAgent_10', 'BridgeAgent_11', 'BridgeAgent_12', 'BridgeAgent_13', 'BridgeAgent_14', 'BridgeAgent_15', 'Content_Generator_Agent', 'QueueAgent', 'PosterAgent', 'SentinelAgent_01', 'SentinelAgent_02', 'SentinelAgent_03', 'SentinelAgent_04', 'SentinelAgent_05', 'SentinelAgent_06', 'SentinelAgent_07', 'SentinelAgent_08', 'SentinelAgent_09', 'SentinelAgent_10', 'HealthCheckAgent'], 'security_status': {'zero_trust_enabled': True, 'stealth_mode_enabled': True, 'registered_agents': ['CamouflageAgent', 'AccountManagerAgent', 'MarketIntelAgent_01', 'MarketIntelAgent_02', 'MarketIntelAgent_03', 'MarketIntelAgent_04', 'MarketIntelAgent_05', 'MarketIntelAgent_06', 'MarketIntelAgent_07', 'MarketIntelAgent_08', 'MarketIntelAgent_09', 'MarketIntelAgent_10', 'BridgeAgent_01', 'BridgeAgent_02', 'BridgeAgent_03', 'BridgeAgent_04', 'BridgeAgent_05', 'BridgeAgent_06', 'BridgeAgent_07', 'BridgeAgent_08', 'BridgeAgent_09', 'BridgeAgent_10', 'BridgeAgent_11', 'BridgeAgent_12', 'BridgeAgent_13', 'BridgeAgent_14', 'BridgeAgent_15', 'Content_Generator_Agent', 'QueueAgent', 'PosterAgent', 'SentinelAgent_01', 'SentinelAgent_02', 'SentinelAgent_03', 'SentinelAgent_04', 'SentinelAgent_05', 'SentinelAgent_06', 'SentinelAgent_07', 'SentinelAgent_08', 'SentinelAgent_09', 'SentinelAgent_10', 'HealthCheckAgent'], 'encrypted_snapshots': 7, 'protection_backend': 'windows-dpapi', 'domain': 'trm-operations.net', 'connected_agents': 41}, 'agent_capacity_snapshot': {'baseline_agents': 165, 'market_intel_agents': 10, 'bridge_agents': 15, 'sentinel_agents': 10, 'expansion_total': 35, 'total_capacity': 200}, 'heartbeat_capacity_total': 200, 'performance_metrics': {'heartbeat_speed_per_sec': 0.68, 'earnings_efficiency': 58.27, 'autonomous_success_rate': 0.0, 'active_agent_count': 41}}
2026-08-31 14:40:56,573 - TRMWatchdog - INFO - [trm_worker.py] 2026-08-31 14:40:56,543 [INFO] TRMWorker: Dongu tamamlandi | mod=full_cycle | kuyruk={'queued': 3, 'posted': 0, 'pending_retry': 0}
2026-08-31 14:40:56,602 - TRMWatchdog - INFO - [trm_worker.py] [CoreNexus] SentinelAgent_01 senkronize ediliyor...
2026-08-31 14:40:56,602 - TRMWatchdog - INFO - [trm_worker.py] [CoreNexus] SentinelAgent_02 senkronize ediliyor...
2026-08-31 14:40:56,602 - TRMWatchdog - INFO - [trm_worker.py] [CoreNexus] SentinelAgent_03 senkronize ediliyor...
2026-08-31 14:40:56,602 - TRMWatchdog - INFO - [trm_worker.py] [CoreNexus] SentinelAgent_04 senkronize ediliyor...
2026-08-31 14:40:56,602 - TRMWatchdog - INFO - [trm_worker.py] [CoreNexus] SentinelAgent_05 senkronize ediliyor...
2026-08-31 14:40:56,602 - TRMWatchdog - INFO - [trm_worker.py] [CoreNexus] SentinelAgent_06 senkronize ediliyor...
2026-08-31 14:40:56,602 - TRMWatchdog - INFO - [trm_worker.py] [CoreNexus] SentinelAgent_07 senkronize ediliyor...
2026-08-31 14:40:56,602 - TRMWatchdog - INFO - [trm_worker.py] [CoreNexus] SentinelAgent_08 senkronize ediliyor...
2026-08-31 14:40:56,602 - TRMWatchdog - INFO - [trm_worker.py] [CoreNexus] SentinelAgent_09 senkronize ediliyor...
2026-08-31 14:40:56,602 - TRMWatchdog - INFO - [trm_worker.py] [CoreNexus] SentinelAgent_10 senkronize ediliyor...
2026-08-31 14:40:56,602 - TRMWatchdog - INFO - [trm_worker.py] [CoreNexus] HealthCheckAgent senkronize ediliyor...
2026-08-31 14:40:56,602 - TRMWatchdog - INFO - [trm_worker.py] 2026-08-31 14:40:56,543 [INFO] TRMWorker: Nabiz atisi kaydedildi: {'worker_state': 'alive', 'cycle_started_at': '2026-08-31 14:40:33', 'last_cycle_at': '2026-08-31 14:40:56', 'last_mode': 'full_cycle', 'queue_summary': {'queued': 3, 'posted': 0, 'pending_retry': 0}, 'active_agents': ['CamouflageAgent', 'AccountManagerAgent', 'MarketIntelAgent_01', 'MarketIntelAgent_02', 'MarketIntelAgent_03', 'MarketIntelAgent_04', 'MarketIntelAgent_05', 'MarketIntelAgent_06', 'MarketIntelAgent_07', 'MarketIntelAgent_08', 'MarketIntelAgent_09', 'MarketIntelAgent_10', 'BridgeAgent_01', 'BridgeAgent_02', 'BridgeAgent_03', 'BridgeAgent_04', 'BridgeAgent_05', 'BridgeAgent_06', 'BridgeAgent_07', 'BridgeAgent_08', 'BridgeAgent_09', 'BridgeAgent_10', 'BridgeAgent_11', 'BridgeAgent_12', 'BridgeAgent_13', 'BridgeAgent_14', 'BridgeAgent_15', 'Content_Generator_Agent', 'QueueAgent', 'PosterAgent', 'SentinelAgent_01', 'SentinelAgent_02', 'SentinelAgent_03', 'SentinelAgent_04', 'SentinelAgent_05', 'SentinelAgent_06', 'SentinelAgent_07', 'SentinelAgent_08', 'SentinelAgent_09', 'SentinelAgent_10', 'HealthCheckAgent'], 'security_status': {'zero_trust_enabled': True, 'stealth_mode_enabled': True, 'registered_agents': ['CamouflageAgent', 'AccountManagerAgent', 'MarketIntelAgent_01', 'MarketIntelAgent_02', 'MarketIntelAgent_03', 'MarketIntelAgent_04', 'MarketIntelAgent_05', 'MarketIntelAgent_06', 'MarketIntelAgent_07', 'MarketIntelAgent_08', 'MarketIntelAgent_09', 'MarketIntelAgent_10', 'BridgeAgent_01', 'BridgeAgent_02', 'BridgeAgent_03', 'BridgeAgent_04', 'BridgeAgent_05', 'BridgeAgent_06', 'BridgeAgent_07', 'BridgeAgent_08', 'BridgeAgent_09', 'BridgeAgent_10', 'BridgeAgent_11', 'BridgeAgent_12', 'BridgeAgent_13', 'BridgeAgent_14', 'BridgeAgent_15', 'Content_Generator_Agent', 'QueueAgent', 'PosterAgent', 'SentinelAgent_01', 'SentinelAgent_02', 'SentinelAgent_03', 'SentinelAgent_04', 'SentinelAgent_05', 'SentinelAgent_06', 'SentinelAgent_07', 'SentinelAgent_08', 'SentinelAgent_09', 'SentinelAgent_10', 'HealthCheckAgent'], 'encrypted_snapshots': 7, 'protection_backend': 'windows-dpapi', 'domain': 'trm-operations.net', 'connected_agents': 41}, 'agent_capacity_snapshot': {'baseline_agents': 165, 'market_intel_agents': 10, 'bridge_agents': 15, 'sentinel_agents': 10, 'expansion_total': 35, 'total_capacity': 200}, 'heartbeat_capacity_total': 200, 'performance_metrics': {'heartbeat_speed_per_sec': 0.68, 'earnings_efficiency': 58.27, 'autonomous_success_rate': 0.0, 'active_agent_count': 41}}
2026-08-31 14:40:56,602 - TRMWatchdog - INFO - [trm_worker.py] 2026-08-31 14:40:56,543 [INFO] TRMWorker: Dongu tamamlandi | mod=full_cycle | kuyruk={'queued': 3, 'posted': 0, 'pending_retry': 0}
2026-08-31 14:41:21,761 - TRMWatchdog - INFO - === Gözcü Kontrol Döngüsü Başladı ===
2026-08-31 14:41:22,762 - TRMWatchdog - INFO - Sistem CPU: 14.2%, RAM: 87.5%, Disk: 93.1%
2026-08-31 14:41:22,762 - TRMWatchdog - WARNING - Disk kullanımı yüksek: 93.1%
2026-08-31 14:41:22,781 - TRMWatchdog - WARNING - Kritik süreç durdu: python trm_worker.py run - yeniden başlatılıyor...
2026-08-31 14:41:22,781 - TRMWatchdog - ERROR - Process python maksimum yeniden başlatma sayısına ulaştı
2026-08-31 14:41:22,811 - TRMWatchdog - WARNING - Kritik süreç durdu: python orchestrator_api.py - yeniden başlatılıyor...
2026-08-31 14:41:22,811 - TRMWatchdog - ERROR - Process python maksimum yeniden başlatma sayısına ulaştı
2026-08-31 14:41:22,834 - TRMWatchdog - INFO - python trm_worker.py run: DURDU - PID: None - TRM Worker Servisi
2026-08-31 14:41:22,834 - TRMWatchdog - INFO - python orchestrator_api.py: DURDU - PID: None - Orchestrator API Servisi
2026-08-31 14:41:22,834 - TRMWatchdog - INFO - streamlit run app.py: DURDU - PID: None - Streamlit Dashboard
2026-08-31 14:41:33,592 - TRMWatchdog - INFO - [trm_worker.py] 2026-08-31 14:41:33,566 [WARNING] social_media_automation: ⚠️ Twitter API anahtarlari eksik → mock mod
2026-08-31 14:41:33,592 - TRMWatchdog - INFO - [trm_worker.py] 2026-08-31 14:41:33,566 [WARNING] social_media_automation: ⚠️ Twitter API anahtarlari eksik → mock mod
2026-08-31 14:41:33,592 - TRMWatchdog - INFO - [trm_worker.py] 2026-08-31 14:41:33,567 [WARNING] social_media_automation: ⚠️ Twitter API anahtarlari eksik → mock mod
2026-08-31 14:41:33,592 - TRMWatchdog - INFO - [trm_worker.py] 2026-08-31 14:41:33,567 [WARNING] social_media_automation: ⚠️ Twitter API anahtarlari eksik → mock mod
2026-08-31 14:41:33,617 - TRMWatchdog - INFO - [trm_worker.py] 2026-08-31 14:41:33,566 [WARNING] social_media_automation: ⚠️ Twitter API anahtarlari eksik → mock mod
2026-08-31 14:41:33,617 - TRMWatchdog - INFO - [trm_worker.py] 2026-08-31 14:41:33,567 [WARNING] social_media_automation: ⚠️ Twitter API anahtarlari eksik → mock mod
2026-08-31 14:41:33,794 - TRMWatchdog - INFO - [trm_worker.py] [CoreNexus] MarketIntelAgent_01 başarıyla sisteme bağlandı ve denetim altına alındı.
2026-08-31 14:41:33,794 - TRMWatchdog - INFO - [trm_worker.py] [CoreNexus] MarketIntelAgent_01 başarıyla sisteme bağlandı ve denetim altına alındı.
2026-08-31 14:41:33,794 - TRMWatchdog - INFO - [trm_worker.py] [CoreNexus] MarketIntelAgent_02 başarıyla sisteme bağlandı ve denetim altına alındı.
2026-08-31 14:41:33,795 - TRMWatchdog - INFO - [trm_worker.py] [CoreNexus] MarketIntelAgent_02 başarıyla sisteme bağlandı ve denetim altına alındı.
2026-08-31 14:41:33,795 - TRMWatchdog - INFO - [trm_worker.py] [CoreNexus] MarketIntelAgent_03 başarıyla sisteme bağlandı ve denetim altına alındı.
2026-08-31 14:41:33,795 - TRMWatchdog - INFO - [trm_worker.py] [CoreNexus] MarketIntelAgent_03 başarıyla sisteme bağlandı ve denetim altına alındı.
2026-08-31 14:41:33,796 - TRMWatchdog - INFO - [trm_worker.py] [CoreNexus] MarketIntelAgent_04 başarıyla sisteme bağlandı ve denetim altına alındı.
2026-08-31 14:41:33,796 - TRMWatchdog - INFO - [trm_worker.py] [CoreNexus] MarketIntelAgent_04 başarıyla sisteme bağlandı ve denetim altına alındı.
2026-08-31 14:41:33,796 - TRMWatchdog - INFO - [trm_worker.py] [CoreNexus] MarketIntelAgent_05 başarıyla sisteme bağlandı ve denetim altına alındı.
2026-08-31 14:41:33,796 - TRMWatchdog - INFO - [trm_worker.py] [CoreNexus] MarketIntelAgent_05 başarıyla sisteme bağlandı ve denetim altına alındı.
2026-08-31 14:41:33,797 - TRMWatchdog - INFO - [trm_worker.py] [CoreNexus] MarketIntelAgent_06 başarıyla sisteme bağlandı ve denetim altına alındı.
2026-08-31 14:41:33,797 - TRMWatchdog - INFO - [trm_worker.py] [CoreNexus] MarketIntelAgent_06 başarıyla sisteme bağlandı ve denetim altına alındı.
2026-08-31 14:41:33,797 - TRMWatchdog - INFO - [trm_worker.py] [CoreNexus] MarketIntelAgent_07 başarıyla sisteme bağlandı ve denetim altına alındı.
2026-08-31 14:41:33,798 - TRMWatchdog - INFO - [trm_worker.py] [CoreNexus] MarketIntelAgent_07 başarıyla sisteme bağlandı ve denetim altına alındı.
2026-08-31 14:41:33,798 - TRMWatchdog - INFO - [trm_worker.py] [CoreNexus] MarketIntelAgent_08 başarıyla sisteme bağlandı ve denetim altına alındı.
2026-08-31 14:41:33,798 - TRMWatchdog - INFO - [trm_worker.py] [CoreNexus] MarketIntelAgent_08 başarıyla sisteme bağlandı ve denetim altına alındı.
2026-08-31 14:41:33,798 - TRMWatchdog - INFO - [trm_worker.py] [CoreNexus] MarketIntelAgent_09 başarıyla sisteme bağlandı ve denetim altına alındı.
2026-08-31 14:41:33,799 - TRMWatchdog - INFO - [trm_worker.py] [CoreNexus] MarketIntelAgent_09 başarıyla sisteme bağlandı ve denetim altına alındı.
2026-08-31 14:41:33,799 - TRMWatchdog - INFO - [trm_worker.py] [CoreNexus] MarketIntelAgent_10 başarıyla sisteme bağlandı ve denetim altına alındı.
2026-08-31 14:41:33,799 - TRMWatchdog - INFO - [trm_worker.py] [CoreNexus] MarketIntelAgent_10 başarıyla sisteme bağlandı ve denetim altına alındı.
2026-08-31 14:41:33,799 - TRMWatchdog - INFO - [trm_worker.py] [CoreNexus] BridgeAgent_01 başarıyla sisteme bağlandı ve denetim altına alındı.
2026-08-31 14:41:33,800 - TRMWatchdog - INFO - [trm_worker.py] [CoreNexus] BridgeAgent_01 başarıyla sisteme bağlandı ve denetim altına alındı.
2026-08-31 14:41:33,800 - TRMWatchdog - INFO - [trm_worker.py] [CoreNexus] BridgeAgent_02 başarıyla sisteme bağlandı ve denetim altına alındı.
2026-08-31 14:41:33,800 - TRMWatchdog - INFO - [trm_worker.py] [CoreNexus] BridgeAgent_02 başarıyla sisteme bağlandı ve denetim altına alındı.
2026-08-31 14:41:33,800 - TRMWatchdog - INFO - [trm_worker.py] [CoreNexus] BridgeAgent_03 başarıyla sisteme bağlandı ve denetim altına alındı.
2026-08-31 14:41:33,801 - TRMWatchdog - INFO - [trm_worker.py] [CoreNexus] BridgeAgent_03 başarıyla sisteme bağlandı ve denetim altına alındı.
2026-08-31 14:41:33,801 - TRMWatchdog - INFO - [trm_worker.py] [CoreNexus] BridgeAgent_04 başarıyla sisteme bağlandı ve denetim altına alındı.
2026-08-31 14:41:33,801 - TRMWatchdog - INFO - [trm_worker.py] [CoreNexus] BridgeAgent_04 başarıyla sisteme bağlandı ve denetim altına alındı.
2026-08-31 14:41:33,801 - TRMWatchdog - INFO - [trm_worker.py] [CoreNexus] BridgeAgent_05 başarıyla sisteme bağlandı ve denetim altına alındı.
2026-08-31 14:41:33,802 - TRMWatchdog - INFO - [trm_worker.py] [CoreNexus] BridgeAgent_05 başarıyla sisteme bağlandı ve denetim altına alındı.
2026-08-31 14:41:33,802 - TRMWatchdog - INFO - [trm_worker.py] [CoreNexus] BridgeAgent_06 başarıyla sisteme bağlandı ve denetim altına alındı.
2026-08-31 14:41:33,802 - TRMWatchdog - INFO - [trm_worker.py] [CoreNexus] BridgeAgent_06 başarıyla sisteme bağlandı ve denetim altına alındı.
2026-08-31 14:41:33,802 - TRMWatchdog - INFO - [trm_worker.py] [CoreNexus] BridgeAgent_07 başarıyla sisteme bağlandı ve denetim altına alındı.
2026-08-31 14:41:33,802 - TRMWatchdog - INFO - [trm_worker.py] [CoreNexus] BridgeAgent_07 başarıyla sisteme bağlandı ve denetim altına alındı.
2026-08-31 14:41:33,802 - TRMWatchdog - INFO - [trm_worker.py] [CoreNexus] BridgeAgent_08 başarıyla sisteme bağlandı ve denetim altına alındı.
2026-08-31 14:41:33,802 - TRMWatchdog - INFO - [trm_worker.py] [CoreNexus] BridgeAgent_08 başarıyla sisteme bağlandı ve denetim altına alındı.
2026-08-31 14:41:33,802 - TRMWatchdog - INFO - [trm_worker.py] [CoreNexus] BridgeAgent_09 başarıyla sisteme bağlandı ve denetim altına alındı.
2026-08-31 14:41:33,802 - TRMWatchdog - INFO - [trm_worker.py] [CoreNexus] BridgeAgent_09 başarıyla sisteme bağlandı ve denetim altına alındı.
2026-08-31 14:41:33,802 - TRMWatchdog - INFO - [trm_worker.py] [CoreNexus] BridgeAgent_10 başarıyla sisteme bağlandı ve denetim altına alındı.
2026-08-31 14:41:33,802 - TRMWatchdog - INFO - [trm_worker.py] [CoreNexus] BridgeAgent_10 başarıyla sisteme bağlandı ve denetim altına alındı.
2026-08-31 14:41:33,802 - TRMWatchdog - INFO - [trm_worker.py] [CoreNexus] BridgeAgent_11 başarıyla sisteme bağlandı ve denetim altına alındı.
2026-08-31 14:41:33,802 - TRMWatchdog - INFO - [trm_worker.py] [CoreNexus] BridgeAgent_11 başarıyla sisteme bağlandı ve denetim altına alındı.
2026-08-31 14:41:33,802 - TRMWatchdog - INFO - [trm_worker.py] [CoreNexus] BridgeAgent_12 başarıyla sisteme bağlandı ve denetim altına alındı.
2026-08-31 14:41:33,802 - TRMWatchdog - INFO - [trm_worker.py] [CoreNexus] BridgeAgent_12 başarıyla sisteme bağlandı ve denetim altına alındı.
2026-08-31 14:41:33,802 - TRMWatchdog - INFO - [trm_worker.py] [CoreNexus] BridgeAgent_13 başarıyla sisteme bağlandı ve denetim altına alındı.
2026-08-31 14:41:33,802 - TRMWatchdog - INFO - [trm_worker.py] [CoreNexus] BridgeAgent_13 başarıyla sisteme bağlandı ve denetim altına alındı.
2026-08-31 14:41:33,802 - TRMWatchdog - INFO - [trm_worker.py] [CoreNexus] BridgeAgent_14 başarıyla sisteme bağlandı ve denetim altına alındı.
2026-08-31 14:41:33,807 - TRMWatchdog - INFO - [trm_worker.py] [CoreNexus] BridgeAgent_14 başarıyla sisteme bağlandı ve denetim altına alındı.
2026-08-31 14:41:33,807 - TRMWatchdog - INFO - [trm_worker.py] [CoreNexus] BridgeAgent_15 başarıyla sisteme bağlandı ve denetim altına alındı.
2026-08-31 14:41:33,807 - TRMWatchdog - INFO - [trm_worker.py] [CoreNexus] BridgeAgent_15 başarıyla sisteme bağlandı ve denetim altına alındı.
2026-08-31 14:41:33,807 - TRMWatchdog - INFO - [trm_worker.py] [CoreNexus] SentinelAgent_01 başarıyla sisteme bağlandı ve denetim altına alındı.
2026-08-31 14:41:33,807 - TRMWatchdog - INFO - [trm_worker.py] [CoreNexus] SentinelAgent_01 başarıyla sisteme bağlandı ve denetim altına alındı.
2026-08-31 14:41:33,807 - TRMWatchdog - INFO - [trm_worker.py] [CoreNexus] SentinelAgent_02 başarıyla sisteme bağlandı ve denetim altına alındı.
2026-08-31 14:41:33,807 - TRMWatchdog - INFO - [trm_worker.py] [CoreNexus] SentinelAgent_02 başarıyla sisteme bağlandı ve denetim altına alındı.
2026-08-31 14:41:33,807 - TRMWatchdog - INFO - [trm_worker.py] [CoreNexus] SentinelAgent_03 başarıyla sisteme bağlandı ve denetim altına alındı.
2026-08-31 14:41:33,807 - TRMWatchdog - INFO - [trm_worker.py] [CoreNexus] SentinelAgent_03 başarıyla sisteme bağlandı ve denetim altına alındı.
2026-08-31 14:41:33,807 - TRMWatchdog - INFO - [trm_worker.py] [CoreNexus] SentinelAgent_04 başarıyla sisteme bağlandı ve denetim altına alındı.
2026-08-31 14:41:33,807 - TRMWatchdog - INFO - [trm_worker.py] [CoreNexus] SentinelAgent_04 başarıyla sisteme bağlandı ve denetim altına alındı.
2026-08-31 14:41:33,807 - TRMWatchdog - INFO - [trm_worker.py] [CoreNexus] SentinelAgent_05 başarıyla sisteme bağlandı ve denetim altına alındı.
2026-08-31 14:41:33,810 - TRMWatchdog - INFO - [trm_worker.py] [CoreNexus] SentinelAgent_05 başarıyla sisteme bağlandı ve denetim altına alındı.
2026-08-31 14:41:33,810 - TRMWatchdog - INFO - [trm_worker.py] [CoreNexus] SentinelAgent_06 başarıyla sisteme bağlandı ve denetim altına alındı.
2026-08-31 14:41:33,811 - TRMWatchdog - INFO - [trm_worker.py] [CoreNexus] SentinelAgent_06 başarıyla sisteme bağlandı ve denetim altına alındı.
2026-08-31 14:41:33,811 - TRMWatchdog - INFO - [trm_worker.py] [CoreNexus] SentinelAgent_07 başarıyla sisteme bağlandı ve denetim altına alındı.
2026-08-31 14:41:33,811 - TRMWatchdog - INFO - [trm_worker.py] [CoreNexus] SentinelAgent_07 başarıyla sisteme bağlandı ve denetim altına alındı.
2026-08-31 14:41:33,811 - TRMWatchdog - INFO - [trm_worker.py] [CoreNexus] SentinelAgent_08 başarıyla sisteme bağlandı ve denetim altına alındı.
2026-08-31 14:41:33,811 - TRMWatchdog - INFO - [trm_worker.py] [CoreNexus] SentinelAgent_08 başarıyla sisteme bağlandı ve denetim altına alındı.
2026-08-31 14:41:33,811 - TRMWatchdog - INFO - [trm_worker.py] [CoreNexus] SentinelAgent_09 başarıyla sisteme bağlandı ve denetim altına alındı.
2026-08-31 14:41:33,812 - TRMWatchdog - INFO - [trm_worker.py] [CoreNexus] SentinelAgent_09 başarıyla sisteme bağlandı ve denetim altına alındı.
2026-08-31 14:41:33,812 - TRMWatchdog - INFO - [trm_worker.py] [CoreNexus] SentinelAgent_10 başarıyla sisteme bağlandı ve denetim altına alındı.
2026-08-31 14:41:33,812 - TRMWatchdog - INFO - [trm_worker.py] [CoreNexus] SentinelAgent_10 başarıyla sisteme bağlandı ve denetim altına alındı.
2026-08-31 14:41:33,812 - TRMWatchdog - INFO - [trm_worker.py] [CoreNexus] PosterAgent başarıyla sisteme bağlandı ve denetim altına alındı.
2026-08-31 14:41:33,812 - TRMWatchdog - INFO - [trm_worker.py] [CoreNexus] PosterAgent başarıyla sisteme bağlandı ve denetim altına alındı.
2026-08-31 14:41:33,812 - TRMWatchdog - INFO - [trm_worker.py] [CoreNexus] HealthCheckAgent başarıyla sisteme bağlandı ve denetim altına alındı.
2026-08-31 14:41:33,812 - TRMWatchdog - INFO - [trm_worker.py] [CoreNexus] HealthCheckAgent başarıyla sisteme bağlandı ve denetim altına alındı.
2026-08-31 14:41:33,812 - TRMWatchdog - INFO - [trm_worker.py] [CoreNexus] MarketIntelAgent_01 senkronize ediliyor...
2026-08-31 14:41:33,812 - TRMWatchdog - INFO - [trm_worker.py] [CoreNexus] MarketIntelAgent_01 senkronize ediliyor...
2026-08-31 14:41:33,812 - TRMWatchdog - INFO - [trm_worker.py] [CoreNexus] MarketIntelAgent_02 senkronize ediliyor...
2026-08-31 14:41:33,812 - TRMWatchdog - INFO - [trm_worker.py] [CoreNexus] MarketIntelAgent_02 senkronize ediliyor...
2026-08-31 14:41:33,812 - TRMWatchdog - INFO - [trm_worker.py] [CoreNexus] MarketIntelAgent_03 senkronize ediliyor...
2026-08-31 14:41:33,812 - TRMWatchdog - INFO - [trm_worker.py] [CoreNexus] MarketIntelAgent_03 senkronize ediliyor...
2026-08-31 14:41:33,812 - TRMWatchdog - INFO - [trm_worker.py] [CoreNexus] MarketIntelAgent_04 senkronize ediliyor...
2026-08-31 14:41:33,816 - TRMWatchdog - INFO - [trm_worker.py] [CoreNexus] MarketIntelAgent_04 senkronize ediliyor...
2026-08-31 14:41:33,816 - TRMWatchdog - INFO - [trm_worker.py] [CoreNexus] MarketIntelAgent_05 senkronize ediliyor...
2026-08-31 14:41:33,816 - TRMWatchdog - INFO - [trm_worker.py] [CoreNexus] MarketIntelAgent_05 senkronize ediliyor...
2026-08-31 14:41:33,816 - TRMWatchdog - INFO - [trm_worker.py] [CoreNexus] MarketIntelAgent_06 senkronize ediliyor...
2026-08-31 14:41:33,816 - TRMWatchdog - INFO - [trm_worker.py] [CoreNexus] MarketIntelAgent_06 senkronize ediliyor...
2026-08-31 14:41:33,817 - TRMWatchdog - INFO - [trm_worker.py] [CoreNexus] MarketIntelAgent_07 senkronize ediliyor...
2026-08-31 14:41:33,817 - TRMWatchdog - INFO - [trm_worker.py] [CoreNexus] MarketIntelAgent_07 senkronize ediliyor...
2026-08-31 14:41:33,817 - TRMWatchdog - INFO - [trm_worker.py] [CoreNexus] MarketIntelAgent_08 senkronize ediliyor...
2026-08-31 14:41:33,817 - TRMWatchdog - INFO - [trm_worker.py] [CoreNexus] MarketIntelAgent_08 senkronize ediliyor...
2026-08-31 14:41:33,817 - TRMWatchdog - INFO - [trm_worker.py] [CoreNexus] MarketIntelAgent_09 senkronize ediliyor...
2026-08-31 14:41:33,819 - TRMWatchdog - INFO - [trm_worker.py] [CoreNexus] MarketIntelAgent_09 senkronize ediliyor...
2026-08-31 14:41:33,819 - TRMWatchdog - INFO - [trm_worker.py] [CoreNexus] MarketIntelAgent_10 senkronize ediliyor...
2026-08-31 14:41:33,819 - TRMWatchdog - INFO - [trm_worker.py] [CoreNexus] MarketIntelAgent_01 başarıyla sisteme bağlandı ve denetim altına alındı.
2026-08-31 14:41:33,819 - TRMWatchdog - INFO - [trm_worker.py] [CoreNexus] MarketIntelAgent_10 senkronize ediliyor...
2026-08-31 14:41:33,819 - TRMWatchdog - INFO - [trm_worker.py] [CoreNexus] BridgeAgent_01 senkronize ediliyor...
2026-08-31 14:41:33,819 - TRMWatchdog - INFO - [trm_worker.py] [CoreNexus] MarketIntelAgent_02 başarıyla sisteme bağlandı ve denetim altına alındı.
2026-08-31 14:41:33,819 - TRMWatchdog - INFO - [trm_worker.py] [CoreNexus] BridgeAgent_01 senkronize ediliyor...
2026-08-31 14:41:33,819 - TRMWatchdog - INFO - [trm_worker.py] [CoreNexus] BridgeAgent_02 senkronize ediliyor...
2026-08-31 14:41:33,819 - TRMWatchdog - INFO - [trm_worker.py] [CoreNexus] MarketIntelAgent_03 başarıyla sisteme bağlandı ve denetim altına alındı.
2026-08-31 14:41:33,819 - TRMWatchdog - INFO - [trm_worker.py] [CoreNexus] BridgeAgent_02 senkronize ediliyor...
2026-08-31 14:41:33,819 - TRMWatchdog - INFO - [trm_worker.py] [CoreNexus] BridgeAgent_03 senkronize ediliyor...
2026-08-31 14:41:33,821 - TRMWatchdog - INFO - [trm_worker.py] [CoreNexus] MarketIntelAgent_04 başarıyla sisteme bağlandı ve denetim altına alındı.
2026-08-31 14:41:33,821 - TRMWatchdog - INFO - [trm_worker.py] [CoreNexus] BridgeAgent_03 senkronize ediliyor...
2026-08-31 14:41:33,821 - TRMWatchdog - INFO - [trm_worker.py] [CoreNexus] BridgeAgent_04 senkronize ediliyor...
2026-08-31 14:41:33,821 - TRMWatchdog - INFO - [trm_worker.py] [CoreNexus] MarketIntelAgent_05 başarıyla sisteme bağlandı ve denetim altına alındı.
2026-08-31 14:41:33,821 - TRMWatchdog - INFO - [trm_worker.py] [CoreNexus] BridgeAgent_04 senkronize ediliyor...
2026-08-31 14:41:33,821 - TRMWatchdog - INFO - [trm_worker.py] [CoreNexus] BridgeAgent_05 senkronize ediliyor...
2026-08-31 14:41:33,821 - TRMWatchdog - INFO - [trm_worker.py] [CoreNexus] MarketIntelAgent_06 başarıyla sisteme bağlandı ve denetim altına alındı.
2026-08-31 14:41:33,821 - TRMWatchdog - INFO - [trm_worker.py] [CoreNexus] BridgeAgent_05 senkronize ediliyor...
2026-08-31 14:41:33,821 - TRMWatchdog - INFO - [trm_worker.py] [CoreNexus] BridgeAgent_06 senkronize ediliyor...
2026-08-31 14:41:33,821 - TRMWatchdog - INFO - [trm_worker.py] [CoreNexus] MarketIntelAgent_07 başarıyla sisteme bağlandı ve denetim altına alındı.
2026-08-31 14:41:33,821 - TRMWatchdog - INFO - [trm_worker.py] [CoreNexus] BridgeAgent_06 senkronize ediliyor...
2026-08-31 14:41:33,821 - TRMWatchdog - INFO - [trm_worker.py] [CoreNexus] BridgeAgent_07 senkronize ediliyor...
2026-08-31 14:41:33,821 - TRMWatchdog - INFO - [trm_worker.py] [CoreNexus] MarketIntelAgent_08 başarıyla sisteme bağlandı ve denetim altına alındı.
2026-08-31 14:41:33,821 - TRMWatchdog - INFO - [trm_worker.py] [CoreNexus] BridgeAgent_07 senkronize ediliyor...
2026-08-31 14:41:33,821 - TRMWatchdog - INFO - [trm_worker.py] [CoreNexus] BridgeAgent_08 senkronize ediliyor...
2026-08-31 14:41:33,821 - TRMWatchdog - INFO - [trm_worker.py] [CoreNexus] MarketIntelAgent_09 başarıyla sisteme bağlandı ve denetim altına alındı.
2026-08-31 14:41:33,821 - TRMWatchdog - INFO - [trm_worker.py] [CoreNexus] BridgeAgent_08 senkronize ediliyor...
2026-08-31 14:41:33,821 - TRMWatchdog - INFO - [trm_worker.py] [CoreNexus] BridgeAgent_09 senkronize ediliyor...
2026-08-31 14:41:33,821 - TRMWatchdog - INFO - [trm_worker.py] [CoreNexus] MarketIntelAgent_10 başarıyla sisteme bağlandı ve denetim altına alındı.
2026-08-31 14:41:33,821 - TRMWatchdog - INFO - [trm_worker.py] [CoreNexus] BridgeAgent_09 senkronize ediliyor...
2026-08-31 14:41:33,821 - TRMWatchdog - INFO - [trm_worker.py] [CoreNexus] BridgeAgent_10 senkronize ediliyor...
2026-08-31 14:41:33,821 - TRMWatchdog - INFO - [trm_worker.py] [CoreNexus] BridgeAgent_01 başarıyla sisteme bağlandı ve denetim altına alındı.
2026-08-31 14:41:33,821 - TRMWatchdog - INFO - [trm_worker.py] [CoreNexus] BridgeAgent_10 senkronize ediliyor...
2026-08-31 14:41:33,821 - TRMWatchdog - INFO - [trm_worker.py] [CoreNexus] BridgeAgent_11 senkronize ediliyor...
2026-08-31 14:41:33,821 - TRMWatchdog - INFO - [trm_worker.py] [CoreNexus] BridgeAgent_02 başarıyla sisteme bağlandı ve denetim altına alındı.
2026-08-31 14:41:33,827 - TRMWatchdog - INFO - [trm_worker.py] [CoreNexus] BridgeAgent_11 senkronize ediliyor...
2026-08-31 14:41:33,827 - TRMWatchdog - INFO - [trm_worker.py] [CoreNexus] BridgeAgent_12 senkronize ediliyor...
2026-08-31 14:41:33,827 - TRMWatchdog - INFO - [trm_worker.py] [CoreNexus] BridgeAgent_03 başarıyla sisteme bağlandı ve denetim altına alındı.
2026-08-31 14:41:33,827 - TRMWatchdog - INFO - [trm_worker.py] [CoreNexus] BridgeAgent_12 senkronize ediliyor...
2026-08-31 14:41:33,827 - TRMWatchdog - INFO - [trm_worker.py] [CoreNexus] BridgeAgent_13 senkronize ediliyor...
2026-08-31 14:41:33,827 - TRMWatchdog - INFO - [trm_worker.py] [CoreNexus] BridgeAgent_04 başarıyla sisteme bağlandı ve denetim altına alındı.
2026-08-31 14:41:33,827 - TRMWatchdog - INFO - [trm_worker.py] [CoreNexus] BridgeAgent_13 senkronize ediliyor...
2026-08-31 14:41:33,827 - TRMWatchdog - INFO - [trm_worker.py] [CoreNexus] BridgeAgent_14 senkronize ediliyor...
2026-08-31 14:41:33,827 - TRMWatchdog - INFO - [trm_worker.py] [CoreNexus] BridgeAgent_05 başarıyla sisteme bağlandı ve denetim altına alındı.
2026-08-31 14:41:33,827 - TRMWatchdog - INFO - [trm_worker.py] [CoreNexus] BridgeAgent_14 senkronize ediliyor...
2026-08-31 14:41:33,827 - TRMWatchdog - INFO - [trm_worker.py] [CoreNexus] BridgeAgent_15 senkronize ediliyor...
2026-08-31 14:41:33,827 - TRMWatchdog - INFO - [trm_worker.py] [CoreNexus] BridgeAgent_06 başarıyla sisteme bağlandı ve denetim altına alındı.
2026-08-31 14:41:33,827 - TRMWatchdog - INFO - [trm_worker.py] [CoreNexus] BridgeAgent_15 senkronize ediliyor...
2026-08-31 14:41:33,830 - TRMWatchdog - INFO - [trm_worker.py] [CoreNexus] SentinelAgent_01 senkronize ediliyor...
2026-08-31 14:41:33,830 - TRMWatchdog - INFO - [trm_worker.py] [CoreNexus] BridgeAgent_07 başarıyla sisteme bağlandı ve denetim altına alındı.
2026-08-31 14:41:33,830 - TRMWatchdog - INFO - [trm_worker.py] [CoreNexus] SentinelAgent_01 senkronize ediliyor...
2026-08-31 14:41:33,830 - TRMWatchdog - INFO - [trm_worker.py] [CoreNexus] SentinelAgent_02 senkronize ediliyor...
2026-08-31 14:41:33,830 - TRMWatchdog - INFO - [trm_worker.py] [CoreNexus] BridgeAgent_08 başarıyla sisteme bağlandı ve denetim altına alındı.
2026-08-31 14:41:33,831 - TRMWatchdog - INFO - [trm_worker.py] [CoreNexus] SentinelAgent_02 senkronize ediliyor...
2026-08-31 14:41:33,831 - TRMWatchdog - INFO - [trm_worker.py] [CoreNexus] SentinelAgent_03 senkronize ediliyor...
2026-08-31 14:41:33,831 - TRMWatchdog - INFO - [trm_worker.py] [CoreNexus] BridgeAgent_09 başarıyla sisteme bağlandı ve denetim altına alındı.
2026-08-31 14:41:33,831 - TRMWatchdog - INFO - [trm_worker.py] [CoreNexus] SentinelAgent_03 senkronize ediliyor...
2026-08-31 14:41:33,831 - TRMWatchdog - INFO - [trm_worker.py] [CoreNexus] SentinelAgent_04 senkronize ediliyor...
2026-08-31 14:41:33,831 - TRMWatchdog - INFO - [trm_worker.py] [CoreNexus] BridgeAgent_10 başarıyla sisteme bağlandı ve denetim altına alındı.
2026-08-31 14:41:33,832 - TRMWatchdog - INFO - [trm_worker.py] [CoreNexus] SentinelAgent_04 senkronize ediliyor...
2026-08-31 14:41:33,832 - TRMWatchdog - INFO - [trm_worker.py] [CoreNexus] SentinelAgent_05 senkronize ediliyor...
2026-08-31 14:41:33,832 - TRMWatchdog - INFO - [trm_worker.py] [CoreNexus] BridgeAgent_11 başarıyla sisteme bağlandı ve denetim altına alındı.
2026-08-31 14:41:33,832 - TRMWatchdog - INFO - [trm_worker.py] [CoreNexus] SentinelAgent_05 senkronize ediliyor...
2026-08-31 14:41:33,832 - TRMWatchdog - INFO - [trm_worker.py] [CoreNexus] SentinelAgent_06 senkronize ediliyor...
2026-08-31 14:41:33,833 - TRMWatchdog - INFO - [trm_worker.py] [CoreNexus] BridgeAgent_12 başarıyla sisteme bağlandı ve denetim altına alındı.
2026-08-31 14:41:33,833 - TRMWatchdog - INFO - [trm_worker.py] [CoreNexus] SentinelAgent_06 senkronize ediliyor...
2026-08-31 14:41:33,833 - TRMWatchdog - INFO - [trm_worker.py] [CoreNexus] SentinelAgent_07 senkronize ediliyor...
2026-08-31 14:41:33,833 - TRMWatchdog - INFO - [trm_worker.py] [CoreNexus] BridgeAgent_13 başarıyla sisteme bağlandı ve denetim altına alındı.
2026-08-31 14:41:33,834 - TRMWatchdog - INFO - [trm_worker.py] [CoreNexus] SentinelAgent_07 senkronize ediliyor...
2026-08-31 14:41:33,834 - TRMWatchdog - INFO - [trm_worker.py] [CoreNexus] SentinelAgent_08 senkronize ediliyor...
2026-08-31 14:41:33,834 - TRMWatchdog - INFO - [trm_worker.py] [CoreNexus] BridgeAgent_14 başarıyla sisteme bağlandı ve denetim altına alındı.
2026-08-31 14:41:33,835 - TRMWatchdog - INFO - [trm_worker.py] [CoreNexus] SentinelAgent_08 senkronize ediliyor...
2026-08-31 14:41:33,835 - TRMWatchdog - INFO - [trm_worker.py] [CoreNexus] SentinelAgent_09 senkronize ediliyor...
2026-08-31 14:41:33,835 - TRMWatchdog - INFO - [trm_worker.py] [CoreNexus] BridgeAgent_15 başarıyla sisteme bağlandı ve denetim altına alındı.
2026-08-31 14:41:33,835 - TRMWatchdog - INFO - [trm_worker.py] [CoreNexus] SentinelAgent_09 senkronize ediliyor...
2026-08-31 14:41:33,836 - TRMWatchdog - INFO - [trm_worker.py] [CoreNexus] SentinelAgent_10 senkronize ediliyor...
2026-08-31 14:41:33,836 - TRMWatchdog - INFO - [trm_worker.py] [CoreNexus] SentinelAgent_01 başarıyla sisteme bağlandı ve denetim altına alındı.
2026-08-31 14:41:33,836 - TRMWatchdog - INFO - [trm_worker.py] [CoreNexus] SentinelAgent_10 senkronize ediliyor...
2026-08-31 14:41:33,836 - TRMWatchdog - INFO - [trm_worker.py] [CoreNexus] PosterAgent senkronize ediliyor...
2026-08-31 14:41:33,836 - TRMWatchdog - INFO - [trm_worker.py] [CoreNexus] SentinelAgent_02 başarıyla sisteme bağlandı ve denetim altına alındı.
2026-08-31 14:41:33,836 - TRMWatchdog - INFO - [trm_worker.py] [CoreNexus] PosterAgent senkronize ediliyor...
2026-08-31 14:41:33,836 - TRMWatchdog - INFO - [trm_worker.py] [CoreNexus] HealthCheckAgent senkronize ediliyor...
2026-08-31 14:41:33,836 - TRMWatchdog - INFO - [trm_worker.py] [CoreNexus] SentinelAgent_03 başarıyla sisteme bağlandı ve denetim altına alındı.
2026-08-31 14:41:33,836 - TRMWatchdog - INFO - [trm_worker.py] [CoreNexus] HealthCheckAgent senkronize ediliyor...
2026-08-31 14:41:33,836 - TRMWatchdog - INFO - [trm_worker.py] 2026-08-31 14:41:33,727 [INFO] TRMWorker: Nabiz atisi kaydedildi: {'worker_state': 'alive', 'cycle_started_at': '2026-08-31 14:41:33', 'last_cycle_at': '2026-08-31 14:41:33', 'last_mode': 'heartbeat_cycle', 'queue_summary': {'queued': 2, 'posted': 0, 'pending_retry': 1}, 'active_agents': ['MarketIntelAgent_01', 'MarketIntelAgent_02', 'MarketIntelAgent_03', 'MarketIntelAgent_04', 'MarketIntelAgent_05', 'MarketIntelAgent_06', 'MarketIntelAgent_07', 'MarketIntelAgent_08', 'MarketIntelAgent_09', 'MarketIntelAgent_10', 'BridgeAgent_01', 'BridgeAgent_02', 'BridgeAgent_03', 'BridgeAgent_04', 'BridgeAgent_05', 'BridgeAgent_06', 'BridgeAgent_07', 'BridgeAgent_08', 'BridgeAgent_09', 'BridgeAgent_10', 'BridgeAgent_11', 'BridgeAgent_12', 'BridgeAgent_13', 'BridgeAgent_14', 'BridgeAgent_15', 'SentinelAgent_01', 'SentinelAgent_02', 'SentinelAgent_03', 'SentinelAgent_04', 'SentinelAgent_05', 'SentinelAgent_06', 'SentinelAgent_07', 'SentinelAgent_08', 'SentinelAgent_09', 'SentinelAgent_10', 'PosterAgent', 'HealthCheckAgent'], 'security_status': {'zero_trust_enabled': True, 'stealth_mode_enabled': True, 'registered_agents': ['MarketIntelAgent_01', 'MarketIntelAgent_02', 'MarketIntelAgent_03', 'MarketIntelAgent_04', 'MarketIntelAgent_05', 'MarketIntelAgent_06', 'MarketIntelAgent_07', 'MarketIntelAgent_08', 'MarketIntelAgent_09', 'MarketIntelAgent_10', 'BridgeAgent_01', 'BridgeAgent_02', 'BridgeAgent_03', 'BridgeAgent_04', 'BridgeAgent_05', 'BridgeAgent_06', 'BridgeAgent_07', 'BridgeAgent_08', 'BridgeAgent_09', 'BridgeAgent_10', 'BridgeAgent_11', 'BridgeAgent_12', 'BridgeAgent_13', 'BridgeAgent_14', 'BridgeAgent_15', 'SentinelAgent_01', 'SentinelAgent_02', 'SentinelAgent_03', 'SentinelAgent_04', 'SentinelAgent_05', 'SentinelAgent_06', 'SentinelAgent_07', 'SentinelAgent_08', 'SentinelAgent_09', 'SentinelAgent_10', 'PosterAgent', 'HealthCheckAgent'], 'encrypted_snapshots': 1, 'protection_backend': 'windows-dpapi', 'domain': 'trm-operations.net', 'connected_agents': 37}, 'agent_capacity_snapshot': {'baseline_agents': 165, 'market_intel_agents': 10, 'bridge_agents': 15, 'sentinel_agents': 10, 'expansion_total': 35, 'total_capacity': 200}, 'heartbeat_capacity_total': 200, 'performance_metrics': {'heartbeat_speed_per_sec': 0.62, 'earnings_efficiency': 0.0, 'autonomous_success_rate': 0.0, 'active_agent_count': 37}}
2026-08-31 14:41:33,836 - TRMWatchdog - INFO - [trm_worker.py] [CoreNexus] SentinelAgent_04 başarıyla sisteme bağlandı ve denetim altına alındı.
2026-08-31 14:41:33,836 - TRMWatchdog - INFO - [trm_worker.py] 2026-08-31 14:41:33,727 [INFO] TRMWorker: Nabiz atisi kaydedildi: {'worker_state': 'alive', 'cycle_started_at': '2026-08-31 14:41:33', 'last_cycle_at': '2026-08-31 14:41:33', 'last_mode': 'heartbeat_cycle', 'queue_summary': {'queued': 2, 'posted': 0, 'pending_retry': 1}, 'active_agents': ['MarketIntelAgent_01', 'MarketIntelAgent_02', 'MarketIntelAgent_03', 'MarketIntelAgent_04', 'MarketIntelAgent_05', 'MarketIntelAgent_06', 'MarketIntelAgent_07', 'MarketIntelAgent_08', 'MarketIntelAgent_09', 'MarketIntelAgent_10', 'BridgeAgent_01', 'BridgeAgent_02', 'BridgeAgent_03', 'BridgeAgent_04', 'BridgeAgent_05', 'BridgeAgent_06', 'BridgeAgent_07', 'BridgeAgent_08', 'BridgeAgent_09', 'BridgeAgent_10', 'BridgeAgent_11', 'BridgeAgent_12', 'BridgeAgent_13', 'BridgeAgent_14', 'BridgeAgent_15', 'SentinelAgent_01', 'SentinelAgent_02', 'SentinelAgent_03', 'SentinelAgent_04', 'SentinelAgent_05', 'SentinelAgent_06', 'SentinelAgent_07', 'SentinelAgent_08', 'SentinelAgent_09', 'SentinelAgent_10', 'PosterAgent', 'HealthCheckAgent'], 'security_status': {'zero_trust_enabled': True, 'stealth_mode_enabled': True, 'registered_agents': ['MarketIntelAgent_01', 'MarketIntelAgent_02', 'MarketIntelAgent_03', 'MarketIntelAgent_04', 'MarketIntelAgent_05', 'MarketIntelAgent_06', 'MarketIntelAgent_07', 'MarketIntelAgent_08', 'MarketIntelAgent_09', 'MarketIntelAgent_10', 'BridgeAgent_01', 'BridgeAgent_02', 'BridgeAgent_03', 'BridgeAgent_04', 'BridgeAgent_05', 'BridgeAgent_06', 'BridgeAgent_07', 'BridgeAgent_08', 'BridgeAgent_09', 'BridgeAgent_10', 'BridgeAgent_11', 'BridgeAgent_12', 'BridgeAgent_13', 'BridgeAgent_14', 'BridgeAgent_15', 'SentinelAgent_01', 'SentinelAgent_02', 'SentinelAgent_03', 'SentinelAgent_04', 'SentinelAgent_05', 'SentinelAgent_06', 'SentinelAgent_07', 'SentinelAgent_08', 'SentinelAgent_09', 'SentinelAgent_10', 'PosterAgent', 'HealthCheckAgent'], 'encrypted_snapshots': 1, 'protection_backend': 'windows-dpapi', 'domain': 'trm-operations.net', 'connected_agents': 37}, 'agent_capacity_snapshot': {'baseline_agents': 165, 'market_intel_agents': 10, 'bridge_agents': 15, 'sentinel_agents': 10, 'expansion_total': 35, 'total_capacity': 200}, 'heartbeat_capacity_total': 200, 'performance_metrics': {'heartbeat_speed_per_sec': 0.62, 'earnings_efficiency': 0.0, 'autonomous_success_rate': 0.0, 'active_agent_count': 37}}
2026-08-31 14:41:33,836 - TRMWatchdog - INFO - [trm_worker.py] 2026-08-31 14:41:33,727 [INFO] TRMWorker: Dongu tamamlandi | mod=heartbeat_cycle | kuyruk={'queued': 2, 'posted': 0, 'pending_retry': 1}
2026-08-31 14:41:33,836 - TRMWatchdog - INFO - [trm_worker.py] [CoreNexus] SentinelAgent_05 başarıyla sisteme bağlandı ve denetim altına alındı.
2026-08-31 14:41:33,836 - TRMWatchdog - INFO - [trm_worker.py] 2026-08-31 14:41:33,727 [INFO] TRMWorker: Dongu tamamlandi | mod=heartbeat_cycle | kuyruk={'queued': 2, 'posted': 0, 'pending_retry': 1}
2026-08-31 14:41:33,836 - TRMWatchdog - INFO - [trm_worker.py] [CoreNexus] SentinelAgent_06 başarıyla sisteme bağlandı ve denetim altına alındı.
2026-08-31 14:41:33,836 - TRMWatchdog - INFO - [trm_worker.py] [CoreNexus] SentinelAgent_07 başarıyla sisteme bağlandı ve denetim altına alındı.
2026-08-31 14:41:33,836 - TRMWatchdog - INFO - [trm_worker.py] [CoreNexus] SentinelAgent_08 başarıyla sisteme bağlandı ve denetim altına alındı.
2026-08-31 14:41:33,836 - TRMWatchdog - INFO - [trm_worker.py] [CoreNexus] SentinelAgent_09 başarıyla sisteme bağlandı ve denetim altına alındı.
2026-08-31 14:41:33,836 - TRMWatchdog - INFO - [trm_worker.py] [CoreNexus] SentinelAgent_10 başarıyla sisteme bağlandı ve denetim altına alındı.
2026-08-31 14:41:33,836 - TRMWatchdog - INFO - [trm_worker.py] [CoreNexus] PosterAgent başarıyla sisteme bağlandı ve denetim altına alındı.
2026-08-31 14:41:33,836 - TRMWatchdog - INFO - [trm_worker.py] [CoreNexus] HealthCheckAgent başarıyla sisteme bağlandı ve denetim altına alındı.
2026-08-31 14:41:33,836 - TRMWatchdog - INFO - [trm_worker.py] [CoreNexus] MarketIntelAgent_01 senkronize ediliyor...
2026-08-31 14:41:33,836 - TRMWatchdog - INFO - [trm_worker.py] [CoreNexus] MarketIntelAgent_02 senkronize ediliyor...
2026-08-31 14:41:33,836 - TRMWatchdog - INFO - [trm_worker.py] [CoreNexus] MarketIntelAgent_03 senkronize ediliyor...
2026-08-31 14:41:33,836 - TRMWatchdog - INFO - [trm_worker.py] [CoreNexus] MarketIntelAgent_04 senkronize ediliyor...
2026-08-31 14:41:33,836 - TRMWatchdog - INFO - [trm_worker.py] [CoreNexus] MarketIntelAgent_05 senkronize ediliyor...
2026-08-31 14:41:33,836 - TRMWatchdog - INFO - [trm_worker.py] [CoreNexus] MarketIntelAgent_06 senkronize ediliyor...
2026-08-31 14:41:33,836 - TRMWatchdog - INFO - [trm_worker.py] [CoreNexus] MarketIntelAgent_07 senkronize ediliyor...
2026-08-31 14:41:33,836 - TRMWatchdog - INFO - [trm_worker.py] [CoreNexus] MarketIntelAgent_08 senkronize ediliyor...
2026-08-31 14:41:33,836 - TRMWatchdog - INFO - [trm_worker.py] [CoreNexus] MarketIntelAgent_09 senkronize ediliyor...
2026-08-31 14:41:33,836 - TRMWatchdog - INFO - [trm_worker.py] [CoreNexus] MarketIntelAgent_10 senkronize ediliyor...
2026-08-31 14:41:33,836 - TRMWatchdog - INFO - [trm_worker.py] [CoreNexus] BridgeAgent_01 senkronize ediliyor...
2026-08-31 14:41:33,836 - TRMWatchdog - INFO - [trm_worker.py] [CoreNexus] BridgeAgent_02 senkronize ediliyor...
2026-08-31 14:41:33,836 - TRMWatchdog - INFO - [trm_worker.py] [CoreNexus] BridgeAgent_03 senkronize ediliyor...
2026-08-31 14:41:33,836 - TRMWatchdog - INFO - [trm_worker.py] [CoreNexus] BridgeAgent_04 senkronize ediliyor...
2026-08-31 14:41:33,836 - TRMWatchdog - INFO - [trm_worker.py] [CoreNexus] BridgeAgent_05 senkronize ediliyor...
2026-08-31 14:41:33,836 - TRMWatchdog - INFO - [trm_worker.py] [CoreNexus] BridgeAgent_06 senkronize ediliyor...
2026-08-31 14:41:33,836 - TRMWatchdog - INFO - [trm_worker.py] [CoreNexus] BridgeAgent_07 senkronize ediliyor...
2026-08-31 14:41:33,836 - TRMWatchdog - INFO - [trm_worker.py] [CoreNexus] BridgeAgent_08 senkronize ediliyor...
2026-08-31 14:41:33,836 - TRMWatchdog - INFO - [trm_worker.py] [CoreNexus] BridgeAgent_09 senkronize ediliyor...
2026-08-31 14:41:33,836 - TRMWatchdog - INFO - [trm_worker.py] [CoreNexus] BridgeAgent_10 senkronize ediliyor...
2026-08-31 14:41:33,836 - TRMWatchdog - INFO - [trm_worker.py] [CoreNexus] BridgeAgent_11 senkronize ediliyor...
2026-08-31 14:41:33,836 - TRMWatchdog - INFO - [trm_worker.py] [CoreNexus] BridgeAgent_12 senkronize ediliyor...
2026-08-31 14:41:33,836 - TRMWatchdog - INFO - [trm_worker.py] [CoreNexus] BridgeAgent_13 senkronize ediliyor...
2026-08-31 14:41:33,836 - TRMWatchdog - INFO - [trm_worker.py] [CoreNexus] BridgeAgent_14 senkronize ediliyor...
2026-08-31 14:41:33,836 - TRMWatchdog - INFO - [trm_worker.py] [CoreNexus] BridgeAgent_15 senkronize ediliyor...
2026-08-31 14:41:33,836 - TRMWatchdog - INFO - [trm_worker.py] [CoreNexus] SentinelAgent_01 senkronize ediliyor...
2026-08-31 14:41:33,836 - TRMWatchdog - INFO - [trm_worker.py] [CoreNexus] SentinelAgent_02 senkronize ediliyor...
2026-08-31 14:41:33,836 - TRMWatchdog - INFO - [trm_worker.py] [CoreNexus] SentinelAgent_03 senkronize ediliyor...
2026-08-31 14:41:33,836 - TRMWatchdog - INFO - [trm_worker.py] [CoreNexus] SentinelAgent_04 senkronize ediliyor...
2026-08-31 14:41:33,836 - TRMWatchdog - INFO - [trm_worker.py] [CoreNexus] SentinelAgent_05 senkronize ediliyor...
2026-08-31 14:41:33,836 - TRMWatchdog - INFO - [trm_worker.py] [CoreNexus] SentinelAgent_06 senkronize ediliyor...
2026-08-31 14:41:33,836 - TRMWatchdog - INFO - [trm_worker.py] [CoreNexus] SentinelAgent_07 senkronize ediliyor...
2026-08-31 14:41:33,836 - TRMWatchdog - INFO - [trm_worker.py] [CoreNexus] SentinelAgent_08 senkronize ediliyor...
2026-08-31 14:41:33,836 - TRMWatchdog - INFO - [trm_worker.py] [CoreNexus] SentinelAgent_09 senkronize ediliyor...
2026-08-31 14:41:33,836 - TRMWatchdog - INFO - [trm_worker.py] [CoreNexus] SentinelAgent_10 senkronize ediliyor...
2026-08-31 14:41:33,836 - TRMWatchdog - INFO - [trm_worker.py] [CoreNexus] PosterAgent senkronize ediliyor...
2026-08-31 14:41:33,836 - TRMWatchdog - INFO - [trm_worker.py] [CoreNexus] HealthCheckAgent senkronize ediliyor...
2026-08-31 14:41:33,836 - TRMWatchdog - INFO - [trm_worker.py] 2026-08-31 14:41:33,727 [INFO] TRMWorker: Nabiz atisi kaydedildi: {'worker_state': 'alive', 'cycle_started_at': '2026-08-31 14:41:33', 'last_cycle_at': '2026-08-31 14:41:33', 'last_mode': 'heartbeat_cycle', 'queue_summary': {'queued': 2, 'posted': 0, 'pending_retry': 1}, 'active_agents': ['MarketIntelAgent_01', 'MarketIntelAgent_02', 'MarketIntelAgent_03', 'MarketIntelAgent_04', 'MarketIntelAgent_05', 'MarketIntelAgent_06', 'MarketIntelAgent_07', 'MarketIntelAgent_08', 'MarketIntelAgent_09', 'MarketIntelAgent_10', 'BridgeAgent_01', 'BridgeAgent_02', 'BridgeAgent_03', 'BridgeAgent_04', 'BridgeAgent_05', 'BridgeAgent_06', 'BridgeAgent_07', 'BridgeAgent_08', 'BridgeAgent_09', 'BridgeAgent_10', 'BridgeAgent_11', 'BridgeAgent_12', 'BridgeAgent_13', 'BridgeAgent_14', 'BridgeAgent_15', 'SentinelAgent_01', 'SentinelAgent_02', 'SentinelAgent_03', 'SentinelAgent_04', 'SentinelAgent_05', 'SentinelAgent_06', 'SentinelAgent_07', 'SentinelAgent_08', 'SentinelAgent_09', 'SentinelAgent_10', 'PosterAgent', 'HealthCheckAgent'], 'security_status': {'zero_trust_enabled': True, 'stealth_mode_enabled': True, 'registered_agents': ['MarketIntelAgent_01', 'MarketIntelAgent_02', 'MarketIntelAgent_03', 'MarketIntelAgent_04', 'MarketIntelAgent_05', 'MarketIntelAgent_06', 'MarketIntelAgent_07', 'MarketIntelAgent_08', 'MarketIntelAgent_09', 'MarketIntelAgent_10', 'BridgeAgent_01', 'BridgeAgent_02', 'BridgeAgent_03', 'BridgeAgent_04', 'BridgeAgent_05', 'BridgeAgent_06', 'BridgeAgent_07', 'BridgeAgent_08', 'BridgeAgent_09', 'BridgeAgent_10', 'BridgeAgent_11', 'BridgeAgent_12', 'BridgeAgent_13', 'BridgeAgent_14', 'BridgeAgent_15', 'SentinelAgent_01', 'SentinelAgent_02', 'SentinelAgent_03', 'SentinelAgent_04', 'SentinelAgent_05', 'SentinelAgent_06', 'SentinelAgent_07', 'SentinelAgent_08', 'SentinelAgent_09', 'SentinelAgent_10', 'PosterAgent', 'HealthCheckAgent'], 'encrypted_snapshots': 1, 'protection_backend': 'windows-dpapi', 'domain': 'trm-operations.net', 'connected_agents': 37}, 'agent_capacity_snapshot': {'baseline_agents': 165, 'market_intel_agents': 10, 'bridge_agents': 15, 'sentinel_agents': 10, 'expansion_total': 35, 'total_capacity': 200}, 'heartbeat_capacity_total': 200, 'performance_metrics': {'heartbeat_speed_per_sec': 0.62, 'earnings_efficiency': 0.0, 'autonomous_success_rate': 0.0, 'active_agent_count': 37}}
2026-08-31 14:41:33,836 - TRMWatchdog - INFO - [trm_worker.py] 2026-08-31 14:41:33,727 [INFO] TRMWorker: Dongu tamamlandi | mod=heartbeat_cycle | kuyruk={'queued': 2, 'posted': 0, 'pending_retry': 1}
2026-08-31 14:41:52,845 - TRMWatchdog - INFO - === Gözcü Kontrol Döngüsü Başladı ===
2026-08-31 14:41:53,846 - TRMWatchdog - INFO - Sistem CPU: 55.8%, RAM: 88.3%, Disk: 93.1%
2026-08-31 14:41:53,846 - TRMWatchdog - WARNING - Disk kullanımı yüksek: 93.1%
2026-08-31 14:41:53,871 - TRMWatchdog - WARNING - Kritik süreç durdu: python trm_worker.py run - yeniden başlatılıyor...
2026-08-31 14:41:53,871 - TRMWatchdog - ERROR - Process python maksimum yeniden başlatma sayısına ulaştı
2026-08-31 14:41:53,912 - TRMWatchdog - WARNING - Kritik süreç durdu: python orchestrator_api.py - yeniden başlatılıyor...
2026-08-31 14:41:53,912 - TRMWatchdog - ERROR - Process python maksimum yeniden başlatma sayısına ulaştı
2026-08-31 14:41:53,949 - TRMWatchdog - INFO - python trm_worker.py run: DURDU - PID: None - TRM Worker Servisi
2026-08-31 14:41:53,949 - TRMWatchdog - INFO - python orchestrator_api.py: DURDU - PID: None - Orchestrator API Servisi
2026-08-31 14:41:53,949 - TRMWatchdog - INFO - streamlit run app.py: DURDU - PID: None - Streamlit Dashboard
2026-08-31 14:44:42,950 - TRMWatchdog - INFO - TRM Watchdog Servisi başlatıldı
2026-08-31 14:44:42,950 - TRMWatchdog - INFO - === Gözcü Kontrol Döngüsü Başladı ===
2026-08-31 14:44:43,952 - TRMWatchdog - INFO - Sistem CPU: 13.1%, RAM: 87.1%, Disk: 93.1%
2026-08-31 14:44:43,952 - TRMWatchdog - WARNING - Disk kullanımı yüksek: 93.1%
2026-08-31 14:44:43,981 - TRMWatchdog - WARNING - Kritik süreç durdu: python trm_worker.py run - yeniden başlatılıyor...
2026-08-31 14:44:43,996 - TRMWatchdog - INFO - Process python log dosyası: trm_worker.log
2026-08-31 14:44:44,007 - TRMWatchdog - INFO - Process python başlatıldı. Çıktıları trm_worker.log dosyasına ve konsola yazılıyor.
2026-08-31 14:44:44,007 - TRMWatchdog - INFO - Process python başarıyla yeniden başlatıldı (PID: 7420, deneme 1)
2026-08-31 14:44:44,530 - TRMWatchdog - INFO - [trm_worker.py] 2026-08-31 14:44:44,527 [INFO] social_media_automation: CALISMA MODU: LIVE
2026-08-31 14:44:45,635 - TRMWatchdog - INFO - [trm_worker.py] 2026-08-31 14:44:45,623 [INFO] TRMWorker: TRM worker baslatildi | loop=60s | factory_interval=6:00:00
2026-08-31 14:44:45,635 - TRMWatchdog - INFO - [trm_worker.py] 2026-08-31 14:44:45,623 [WARNING] social_media_automation: ⚠️ Twitter API anahtarlari eksik → mock mod
2026-08-31 14:44:45,635 - TRMWatchdog - INFO - [trm_worker.py] 2026-08-31 14:44:45,627 [WARNING] social_media_automation: ⚠️ Twitter API anahtarlari eksik → mock mod
2026-08-31 14:44:45,836 - TRMWatchdog - INFO - [trm_worker.py] [CoreNexus] CamouflageAgent başarıyla sisteme bağlandı ve denetim altına alındı.
2026-08-31 14:44:45,836 - TRMWatchdog - INFO - [trm_worker.py] [CoreNexus] AccountManagerAgent başarıyla sisteme bağlandı ve denetim altına alındı.
2026-08-31 14:44:45,836 - TRMWatchdog - INFO - [trm_worker.py] [CoreNexus] MarketIntelAgent_01 başarıyla sisteme bağlandı ve denetim altına alındı.
2026-08-31 14:44:45,836 - TRMWatchdog - INFO - [trm_worker.py] [CoreNexus] MarketIntelAgent_02 başarıyla sisteme bağlandı ve denetim altına alındı.
2026-08-31 14:44:45,836 - TRMWatchdog - INFO - [trm_worker.py] [CoreNexus] MarketIntelAgent_03 başarıyla sisteme bağlandı ve denetim altına alındı.
2026-08-31 14:44:45,836 - TRMWatchdog - INFO - [trm_worker.py] [CoreNexus] MarketIntelAgent_04 başarıyla sisteme bağlandı ve denetim altına alındı.
2026-08-31 14:44:45,836 - TRMWatchdog - INFO - [trm_worker.py] [CoreNexus] MarketIntelAgent_05 başarıyla sisteme bağlandı ve denetim altına alındı.
2026-08-31 14:44:45,836 - TRMWatchdog - INFO - [trm_worker.py] [CoreNexus] MarketIntelAgent_06 başarıyla sisteme bağlandı ve denetim altına alındı.
2026-08-31 14:44:45,836 - TRMWatchdog - INFO - [trm_worker.py] [CoreNexus] MarketIntelAgent_07 başarıyla sisteme bağlandı ve denetim altına alındı.
2026-08-31 14:44:45,836 - TRMWatchdog - INFO - [trm_worker.py] [CoreNexus] MarketIntelAgent_08 başarıyla sisteme bağlandı ve denetim altına alındı.
2026-08-31 14:44:45,836 - TRMWatchdog - INFO - [trm_worker.py] [CoreNexus] MarketIntelAgent_09 başarıyla sisteme bağlandı ve denetim altına alındı.
2026-08-31 14:44:45,836 - TRMWatchdog - INFO - [trm_worker.py] [CoreNexus] MarketIntelAgent_10 başarıyla sisteme bağlandı ve denetim altına alındı.
2026-08-31 14:44:45,839 - TRMWatchdog - INFO - [trm_worker.py] [CoreNexus] BridgeAgent_01 başarıyla sisteme bağlandı ve denetim altına alındı.
2026-08-31 14:44:45,839 - TRMWatchdog - INFO - [trm_worker.py] [CoreNexus] BridgeAgent_02 başarıyla sisteme bağlandı ve denetim altına alındı.
2026-08-31 14:44:45,839 - TRMWatchdog - INFO - [trm_worker.py] [CoreNexus] BridgeAgent_03 başarıyla sisteme bağlandı ve denetim altına alındı.
2026-08-31 14:44:45,839 - TRMWatchdog - INFO - [trm_worker.py] [CoreNexus] BridgeAgent_04 başarıyla sisteme bağlandı ve denetim altına alındı.
2026-08-31 14:44:45,839 - TRMWatchdog - INFO - [trm_worker.py] [CoreNexus] BridgeAgent_05 başarıyla sisteme bağlandı ve denetim altına alındı.
2026-08-31 14:44:45,839 - TRMWatchdog - INFO - [trm_worker.py] [CoreNexus] BridgeAgent_06 başarıyla sisteme bağlandı ve denetim altına alındı.
2026-08-31 14:44:45,839 - TRMWatchdog - INFO - [trm_worker.py] [CoreNexus] BridgeAgent_07 başarıyla sisteme bağlandı ve denetim altına alındı.
2026-08-31 14:44:45,839 - TRMWatchdog - INFO - [trm_worker.py] [CoreNexus] BridgeAgent_08 başarıyla sisteme bağlandı ve denetim altına alındı.
2026-08-31 14:44:45,839 - TRMWatchdog - INFO - [trm_worker.py] [CoreNexus] BridgeAgent_09 başarıyla sisteme bağlandı ve denetim altına alındı.
2026-08-31 14:44:45,840 - TRMWatchdog - INFO - [trm_worker.py] [CoreNexus] BridgeAgent_10 başarıyla sisteme bağlandı ve denetim altına alındı.
2026-08-31 14:44:45,840 - TRMWatchdog - INFO - [trm_worker.py] [CoreNexus] BridgeAgent_11 başarıyla sisteme bağlandı ve denetim altına alındı.
2026-08-31 14:44:45,840 - TRMWatchdog - INFO - [trm_worker.py] [CoreNexus] BridgeAgent_12 başarıyla sisteme bağlandı ve denetim altına alındı.
2026-08-31 14:44:45,840 - TRMWatchdog - INFO - [trm_worker.py] [CoreNexus] BridgeAgent_13 başarıyla sisteme bağlandı ve denetim altına alındı.
2026-08-31 14:44:45,840 - TRMWatchdog - INFO - [trm_worker.py] [CoreNexus] BridgeAgent_14 başarıyla sisteme bağlandı ve denetim altına alındı.
2026-08-31 14:44:45,840 - TRMWatchdog - INFO - [trm_worker.py] [CoreNexus] BridgeAgent_15 başarıyla sisteme bağlandı ve denetim altına alındı.
2026-08-31 14:44:45,840 - TRMWatchdog - INFO - [trm_worker.py] [CoreNexus] Content_Generator_Agent başarıyla sisteme bağlandı ve denetim altına alındı.
2026-08-31 14:44:45,840 - TRMWatchdog - INFO - [trm_worker.py] [CoreNexus] QueueAgent başarıyla sisteme bağlandı ve denetim altına alındı.
2026-08-31 14:44:45,840 - TRMWatchdog - INFO - [trm_worker.py] [CoreNexus] PosterAgent başarıyla sisteme bağlandı ve denetim altına alındı.
2026-08-31 14:44:45,840 - TRMWatchdog - INFO - [trm_worker.py] [CoreNexus] SentinelAgent_01 başarıyla sisteme bağlandı ve denetim altına alındı.
2026-08-31 14:44:45,840 - TRMWatchdog - INFO - [trm_worker.py] [CoreNexus] SentinelAgent_02 başarıyla sisteme bağlandı ve denetim altına alındı.
2026-08-31 14:44:45,840 - TRMWatchdog - INFO - [trm_worker.py] [CoreNexus] SentinelAgent_03 başarıyla sisteme bağlandı ve denetim altına alındı.
2026-08-31 14:44:45,840 - TRMWatchdog - INFO - [trm_worker.py] [CoreNexus] SentinelAgent_04 başarıyla sisteme bağlandı ve denetim altına alındı.
2026-08-31 14:44:45,840 - TRMWatchdog - INFO - [trm_worker.py] [CoreNexus] SentinelAgent_05 başarıyla sisteme bağlandı ve denetim altına alındı.
2026-08-31 14:44:45,840 - TRMWatchdog - INFO - [trm_worker.py] [CoreNexus] SentinelAgent_06 başarıyla sisteme bağlandı ve denetim altına alındı.
2026-08-31 14:44:45,840 - TRMWatchdog - INFO - [trm_worker.py] [CoreNexus] SentinelAgent_07 başarıyla sisteme bağlandı ve denetim altına alındı.
2026-08-31 14:44:45,840 - TRMWatchdog - INFO - [trm_worker.py] [CoreNexus] SentinelAgent_08 başarıyla sisteme bağlandı ve denetim altına alındı.
2026-08-31 14:44:45,840 - TRMWatchdog - INFO - [trm_worker.py] [CoreNexus] SentinelAgent_09 başarıyla sisteme bağlandı ve denetim altına alındı.
2026-08-31 14:44:45,840 - TRMWatchdog - INFO - [trm_worker.py] [CoreNexus] SentinelAgent_10 başarıyla sisteme bağlandı ve denetim altına alındı.
2026-08-31 14:44:45,840 - TRMWatchdog - INFO - [trm_worker.py] [CoreNexus] HealthCheckAgent başarıyla sisteme bağlandı ve denetim altına alındı.
2026-08-31 14:44:45,840 - TRMWatchdog - INFO - [trm_worker.py] [Camouflage] Teknik Maskeleme Aktif: IP ve Cihaz İzleri Temizleniyor...
2026-08-31 14:44:45,840 - TRMWatchdog - INFO - [trm_worker.py] [AnalystAgent] Trend raporu kaydedildi: C:\Users\Habitat\Desktop\SOSYAL _İMECE\trend_raporlari.json
2026-08-31 14:44:45,840 - TRMWatchdog - INFO - [trm_worker.py] [CoreNexus] CamouflageAgent senkronize ediliyor...
2026-08-31 14:44:45,840 - TRMWatchdog - INFO - [trm_worker.py] [CoreNexus] AccountManagerAgent senkronize ediliyor...
2026-08-31 14:44:45,840 - TRMWatchdog - INFO - [trm_worker.py] [CoreNexus] MarketIntelAgent_01 senkronize ediliyor...
2026-08-31 14:44:45,840 - TRMWatchdog - INFO - [trm_worker.py] [CoreNexus] MarketIntelAgent_02 senkronize ediliyor...
2026-08-31 14:44:45,840 - TRMWatchdog - INFO - [trm_worker.py] [CoreNexus] MarketIntelAgent_03 senkronize ediliyor...
2026-08-31 14:44:45,840 - TRMWatchdog - INFO - [trm_worker.py] [CoreNexus] MarketIntelAgent_04 senkronize ediliyor...
2026-08-31 14:44:45,840 - TRMWatchdog - INFO - [trm_worker.py] [CoreNexus] MarketIntelAgent_05 senkronize ediliyor...
2026-08-31 14:44:45,840 - TRMWatchdog - INFO - [trm_worker.py] [CoreNexus] MarketIntelAgent_06 senkronize ediliyor...
2026-08-31 14:44:45,840 - TRMWatchdog - INFO - [trm_worker.py] [CoreNexus] MarketIntelAgent_07 senkronize ediliyor...
2026-08-31 14:44:45,840 - TRMWatchdog - INFO - [trm_worker.py] [CoreNexus] MarketIntelAgent_08 senkronize ediliyor...
2026-08-31 14:44:45,840 - TRMWatchdog - INFO - [trm_worker.py] [CoreNexus] MarketIntelAgent_09 senkronize ediliyor...
2026-08-31 14:44:45,840 - TRMWatchdog - INFO - [trm_worker.py] [CoreNexus] MarketIntelAgent_10 senkronize ediliyor...
2026-08-31 14:44:45,840 - TRMWatchdog - INFO - [trm_worker.py] [CoreNexus] BridgeAgent_01 senkronize ediliyor...
2026-08-31 14:44:45,840 - TRMWatchdog - INFO - [trm_worker.py] [CoreNexus] BridgeAgent_02 senkronize ediliyor...
2026-08-31 14:44:45,840 - TRMWatchdog - INFO - [trm_worker.py] [CoreNexus] BridgeAgent_03 senkronize ediliyor...
2026-08-31 14:44:45,840 - TRMWatchdog - INFO - [trm_worker.py] [CoreNexus] BridgeAgent_04 senkronize ediliyor...
2026-08-31 14:44:45,840 - TRMWatchdog - INFO - [trm_worker.py] [CoreNexus] BridgeAgent_05 senkronize ediliyor...
2026-08-31 14:44:45,846 - TRMWatchdog - INFO - [trm_worker.py] [CoreNexus] BridgeAgent_06 senkronize ediliyor...
2026-08-31 14:44:45,846 - TRMWatchdog - INFO - [trm_worker.py] [CoreNexus] BridgeAgent_07 senkronize ediliyor...
2026-08-31 14:44:45,846 - TRMWatchdog - INFO - [trm_worker.py] [CoreNexus] BridgeAgent_08 senkronize ediliyor...
2026-08-31 14:44:45,846 - TRMWatchdog - INFO - [trm_worker.py] [CoreNexus] BridgeAgent_09 senkronize ediliyor...
2026-08-31 14:44:45,846 - TRMWatchdog - INFO - [trm_worker.py] [CoreNexus] BridgeAgent_10 senkronize ediliyor...
2026-08-31 14:44:45,846 - TRMWatchdog - INFO - [trm_worker.py] [CoreNexus] BridgeAgent_11 senkronize ediliyor...
2026-08-31 14:44:45,846 - TRMWatchdog - INFO - [trm_worker.py] [CoreNexus] BridgeAgent_12 senkronize ediliyor...
2026-08-31 14:44:45,846 - TRMWatchdog - INFO - [trm_worker.py] [CoreNexus] BridgeAgent_13 senkronize ediliyor...
2026-08-31 14:44:45,846 - TRMWatchdog - INFO - [trm_worker.py] [CoreNexus] BridgeAgent_14 senkronize ediliyor...
2026-08-31 14:44:45,846 - TRMWatchdog - INFO - [trm_worker.py] [CoreNexus] BridgeAgent_15 senkronize ediliyor...
2026-08-31 14:44:45,846 - TRMWatchdog - INFO - [trm_worker.py] [CoreNexus] Content_Generator_Agent senkronize ediliyor...
2026-08-31 14:44:45,846 - TRMWatchdog - INFO - [trm_worker.py] [CoreNexus] QueueAgent senkronize ediliyor...
2026-08-31 14:44:45,846 - TRMWatchdog - INFO - [trm_worker.py] [CoreNexus] PosterAgent senkronize ediliyor...
2026-08-31 14:44:45,846 - TRMWatchdog - INFO - [trm_worker.py] 2026-08-31 14:44:45,741 [INFO] social_media_automation: 🔒 Maskelenmiş parmak izi: {'platform': 'Linux x86_64', 'screen_resolution': '2560x1440', 'accept_language': 'tr-TR,tr;q=0.9,en-US;q=0.8', 'webgl_vendor': 'Google Inc. (NVIDIA)', 'canvas_hash': '0x2472485'}
2026-08-31 14:44:51,577 - TRMWatchdog - INFO - [trm_worker.py] 2026-08-31 14:44:51,527 [INFO] social_media_automation: ⏱️ Chaos jitter bekleme süresi: 5.79s
2026-08-31 14:44:52,080 - TRMWatchdog - INFO - [trm_worker.py] 2026-08-31 14:44:52,012 [WARNING] social_media_automation: ⚠️ Deneme 1/3 basarisiz: 400 Client Error: Bad Request for url: https://graph.instagram.com/v19.0//media?image_url=&caption=Kozmetik+Cilt+Bakim+Seti+i%C3%A7in+alarm+verildi.%0AFiyat%3A+499.50+TL%0AKomisyon%3A+%2535.0+%7C+Tahmini+kazan%C3%A7%3A+174.82+TL%0ABu+%C3%BCr%C3%BCn+%C5%9Fu+an+payla%C5%9F%C4%B1lmazsa+f%C4%B1rsat+ka%C3%A7abilir.+Hemen+linke+y%C3%B6nlendir.%0A%0A%23trendurun+%23yuksekkomisyon+%23satisfirsati+%23hemenincele+%23eticaret%0A%0Ahttps%3A%2F%2Fwww.trendyol.com%2Fkozmetik%2Fcilt-bakim%2Fcilt-bakim-seti&access_token=. 2.8s bekleniyor...
2026-08-31 14:44:54,066 - TRMWatchdog - WARNING - Kritik süreç durdu: python orchestrator_api.py - yeniden başlatılıyor...
2026-08-31 14:44:54,099 - TRMWatchdog - INFO - Process python log dosyası: orchestrator_api.log
2026-08-31 14:44:54,121 - TRMWatchdog - INFO - Process python başlatıldı. Çıktıları orchestrator_api.log dosyasına ve konsola yazılıyor.
2026-08-31 14:44:54,121 - TRMWatchdog - INFO - Process python başarıyla yeniden başlatıldı (PID: 14744, deneme 1)
2026-08-31 14:44:55,200 - TRMWatchdog - INFO - [trm_worker.py] 2026-08-31 14:44:55,102 [WARNING] social_media_automation: ⚠️ Deneme 2/3 basarisiz: 400 Client Error: Bad Request for url: https://graph.instagram.com/v19.0//media?image_url=&caption=Kozmetik+Cilt+Bakim+Seti+i%C3%A7in+alarm+verildi.%0AFiyat%3A+499.50+TL%0AKomisyon%3A+%2535.0+%7C+Tahmini+kazan%C3%A7%3A+174.82+TL%0ABu+%C3%BCr%C3%BCn+%C5%9Fu+an+payla%C5%9F%C4%B1lmazsa+f%C4%B1rsat+ka%C3%A7abilir.+Hemen+linke+y%C3%B6nlendir.%0A%0A%23trendurun+%23yuksekkomisyon+%23satisfirsati+%23hemenincele+%23eticaret%0A%0Ahttps%3A%2F%2Fwww.trendyol.com%2Fkozmetik%2Fcilt-bakim%2Fcilt-bakim-seti&access_token=. 4.3s bekleniyor...
2026-08-31 14:44:59,921 - TRMWatchdog - INFO - [trm_worker.py] 2026-08-31 14:44:59,831 [ERROR] social_media_automation: ❌ Instagram hata: 400 Client Error: Bad Request for url: https://graph.instagram.com/v19.0//media?image_url=&caption=Kozmetik+Cilt+Bakim+Seti+i%C3%A7in+alarm+verildi.%0AFiyat%3A+499.50+TL%0AKomisyon%3A+%2535.0+%7C+Tahmini+kazan%C3%A7%3A+174.82+TL%0ABu+%C3%BCr%C3%BCn+%C5%9Fu+an+payla%C5%9F%C4%B1lmazsa+f%C4%B1rsat+ka%C3%A7abilir.+Hemen+linke+y%C3%B6nlendir.%0A%0A%23trendurun+%23yuksekkomisyon+%23satisfirsati+%23hemenincele+%23eticaret%0A%0Ahttps%3A%2F%2Fwww.trendyol.com%2Fkozmetik%2Fcilt-bakim%2Fcilt-bakim-seti&access_token=
2026-08-31 14:44:59,921 - TRMWatchdog - INFO - [trm_worker.py] 2026-08-31 14:44:59,831 [INFO] social_media_automation: 🔒 Maskelenmiş parmak izi: {'platform': 'Linux x86_64', 'screen_resolution': '2560x1440', 'accept_language': 'tr-TR,tr;q=0.9,en-US;q=0.8', 'webgl_vendor': 'Google Inc. (NVIDIA)', 'canvas_hash': '0x2472485'}
2026-08-31 14:45:04,166 - TRMWatchdog - INFO - python trm_worker.py run: DURDU - PID: None - TRM Worker Servisi
2026-08-31 14:45:04,166 - TRMWatchdog - INFO - python orchestrator_api.py: DURDU - PID: None - Orchestrator API Servisi
2026-08-31 14:45:04,166 - TRMWatchdog - INFO - streamlit run app.py: DURDU - PID: None - Streamlit Dashboard
2026-08-31 14:45:06,687 - TRMWatchdog - INFO - [trm_worker.py] 2026-08-31 14:45:06,663 [INFO] social_media_automation: ⏱️ Chaos jitter bekleme süresi: 6.83s
2026-08-31 14:45:06,687 - TRMWatchdog - INFO - [trm_worker.py] 2026-08-31 14:45:06,663 [ERROR] social_media_automation: CALISMA MODU: LIVE | Facebook token eksik — guvenli dur
2026-08-31 14:45:06,888 - TRMWatchdog - INFO - [trm_worker.py] [CoreNexus] SentinelAgent_01 senkronize ediliyor...
2026-08-31 14:45:06,888 - TRMWatchdog - INFO - [trm_worker.py] [CoreNexus] SentinelAgent_02 senkronize ediliyor...
2026-08-31 14:45:06,888 - TRMWatchdog - INFO - [trm_worker.py] [CoreNexus] SentinelAgent_03 senkronize ediliyor...
2026-08-31 14:45:06,888 - TRMWatchdog - INFO - [trm_worker.py] [CoreNexus] SentinelAgent_04 senkronize ediliyor...
2026-08-31 14:45:06,889 - TRMWatchdog - INFO - [trm_worker.py] [CoreNexus] SentinelAgent_05 senkronize ediliyor...
2026-08-31 14:45:06,889 - TRMWatchdog - INFO - [trm_worker.py] [CoreNexus] SentinelAgent_06 senkronize ediliyor...
2026-08-31 14:45:06,889 - TRMWatchdog - INFO - [trm_worker.py] [CoreNexus] SentinelAgent_07 senkronize ediliyor...
2026-08-31 14:45:06,890 - TRMWatchdog - INFO - [trm_worker.py] [CoreNexus] SentinelAgent_08 senkronize ediliyor...
2026-08-31 14:45:06,890 - TRMWatchdog - INFO - [trm_worker.py] [CoreNexus] SentinelAgent_09 senkronize ediliyor...
2026-08-31 14:45:06,890 - TRMWatchdog - INFO - [trm_worker.py] [CoreNexus] SentinelAgent_10 senkronize ediliyor...
2026-08-31 14:45:06,890 - TRMWatchdog - INFO - [trm_worker.py] [CoreNexus] HealthCheckAgent senkronize ediliyor...
2026-08-31 14:45:06,890 - TRMWatchdog - INFO - [trm_worker.py] 2026-08-31 14:45:06,798 [INFO] TRMWorker: Nabiz atisi kaydedildi: {'worker_state': 'alive', 'cycle_started_at': '2026-08-31 14:44:45', 'last_cycle_at': '2026-08-31 14:45:06', 'last_mode': 'full_cycle', 'queue_summary': {'queued': 3, 'posted': 0, 'pending_retry': 0}, 'active_agents': ['CamouflageAgent', 'AccountManagerAgent', 'MarketIntelAgent_01', 'MarketIntelAgent_02', 'MarketIntelAgent_03', 'MarketIntelAgent_04', 'MarketIntelAgent_05', 'MarketIntelAgent_06', 'MarketIntelAgent_07', 'MarketIntelAgent_08', 'MarketIntelAgent_09', 'MarketIntelAgent_10', 'BridgeAgent_01', 'BridgeAgent_02', 'BridgeAgent_03', 'BridgeAgent_04', 'BridgeAgent_05', 'BridgeAgent_06', 'BridgeAgent_07', 'BridgeAgent_08', 'BridgeAgent_09', 'BridgeAgent_10', 'BridgeAgent_11', 'BridgeAgent_12', 'BridgeAgent_13', 'BridgeAgent_14', 'BridgeAgent_15', 'Content_Generator_Agent', 'QueueAgent', 'PosterAgent', 'SentinelAgent_01', 'SentinelAgent_02', 'SentinelAgent_03', 'SentinelAgent_04', 'SentinelAgent_05', 'SentinelAgent_06', 'SentinelAgent_07', 'SentinelAgent_08', 'SentinelAgent_09', 'SentinelAgent_10', 'HealthCheckAgent'], 'security_status': {'zero_trust_enabled': True, 'stealth_mode_enabled': True, 'registered_agents': ['CamouflageAgent', 'AccountManagerAgent', 'MarketIntelAgent_01', 'MarketIntelAgent_02', 'MarketIntelAgent_03', 'MarketIntelAgent_04', 'MarketIntelAgent_05', 'MarketIntelAgent_06', 'MarketIntelAgent_07', 'MarketIntelAgent_08', 'MarketIntelAgent_09', 'MarketIntelAgent_10', 'BridgeAgent_01', 'BridgeAgent_02', 'BridgeAgent_03', 'BridgeAgent_04', 'BridgeAgent_05', 'BridgeAgent_06', 'BridgeAgent_07', 'BridgeAgent_08', 'BridgeAgent_09', 'BridgeAgent_10', 'BridgeAgent_11', 'BridgeAgent_12', 'BridgeAgent_13', 'BridgeAgent_14', 'BridgeAgent_15', 'Content_Generator_Agent', 'QueueAgent', 'PosterAgent', 'SentinelAgent_01', 'SentinelAgent_02', 'SentinelAgent_03', 'SentinelAgent_04', 'SentinelAgent_05', 'SentinelAgent_06', 'SentinelAgent_07', 'SentinelAgent_08', 'SentinelAgent_09', 'SentinelAgent_10', 'HealthCheckAgent'], 'encrypted_snapshots': 7, 'protection_backend': 'windows-dpapi', 'domain': 'trm-operations.net', 'connected_agents': 41}, 'agent_capacity_snapshot': {'baseline_agents': 165, 'market_intel_agents': 10, 'bridge_agents': 15, 'sentinel_agents': 10, 'expansion_total': 35, 'total_capacity': 200}, 'heartbeat_capacity_total': 200, 'performance_metrics': {'heartbeat_speed_per_sec': 0.68, 'earnings_efficiency': 58.27, 'autonomous_success_rate': 0.0, 'active_agent_count': 41}}
2026-08-31 14:45:06,890 - TRMWatchdog - INFO - [trm_worker.py] 2026-08-31 14:45:06,798 [INFO] TRMWorker: Dongu tamamlandi | mod=full_cycle | kuyruk={'queued': 3, 'posted': 0, 'pending_retry': 0}
2026-08-31 14:45:34,170 - TRMWatchdog - INFO - === Gözcü Kontrol Döngüsü Başladı ===
2026-08-31 14:45:35,171 - TRMWatchdog - INFO - Sistem CPU: 34.4%, RAM: 84.1%, Disk: 93.1%
2026-08-31 14:45:35,171 - TRMWatchdog - WARNING - Disk kullanımı yüksek: 93.1%
2026-08-31 14:45:35,187 - TRMWatchdog - WARNING - Kritik süreç durdu: python trm_worker.py run - yeniden başlatılıyor...
2026-08-31 14:45:35,207 - TRMWatchdog - INFO - Process python log dosyası: trm_worker.log
2026-08-31 14:45:35,307 - TRMWatchdog - INFO - Process python başlatıldı. Çıktıları trm_worker.log dosyasına ve konsola yazılıyor.
2026-08-31 14:45:35,307 - TRMWatchdog - INFO - Process python başarıyla yeniden başlatıldı (PID: 6776, deneme 2)
2026-08-31 14:45:35,726 - TRMWatchdog - INFO - [trm_worker.py] 2026-08-31 14:45:35,681 [INFO] social_media_automation: CALISMA MODU: LIVE
2026-08-31 14:45:35,748 - TRMWatchdog - INFO - [trm_worker.py] 2026-08-31 14:45:35,681 [INFO] social_media_automation: CALISMA MODU: LIVE
2026-08-31 14:45:36,831 - TRMWatchdog - INFO - [trm_worker.py] 2026-08-31 14:45:36,813 [INFO] TRMWorker: TRM worker baslatildi | loop=60s | factory_interval=6:00:00
2026-08-31 14:45:36,831 - TRMWatchdog - INFO - [trm_worker.py] 2026-08-31 14:45:36,813 [WARNING] social_media_automation: ⚠️ Twitter API anahtarlari eksik → mock mod
2026-08-31 14:45:36,831 - TRMWatchdog - INFO - [trm_worker.py] 2026-08-31 14:45:36,813 [WARNING] social_media_automation: ⚠️ Twitter API anahtarlari eksik → mock mod
2026-08-31 14:45:36,853 - TRMWatchdog - INFO - [trm_worker.py] 2026-08-31 14:45:36,813 [INFO] TRMWorker: TRM worker baslatildi | loop=60s | factory_interval=6:00:00
2026-08-31 14:45:36,853 - TRMWatchdog - INFO - [trm_worker.py] 2026-08-31 14:45:36,813 [WARNING] social_media_automation: ⚠️ Twitter API anahtarlari eksik → mock mod
2026-08-31 14:45:36,853 - TRMWatchdog - INFO - [trm_worker.py] 2026-08-31 14:45:36,813 [WARNING] social_media_automation: ⚠️ Twitter API anahtarlari eksik → mock mod
2026-08-31 14:45:36,932 - TRMWatchdog - INFO - [trm_worker.py] [CoreNexus] CamouflageAgent başarıyla sisteme bağlandı ve denetim altına alındı.
2026-08-31 14:45:36,932 - TRMWatchdog - INFO - [trm_worker.py] [CoreNexus] AccountManagerAgent başarıyla sisteme bağlandı ve denetim altına alındı.
2026-08-31 14:45:36,932 - TRMWatchdog - INFO - [trm_worker.py] [CoreNexus] MarketIntelAgent_01 başarıyla sisteme bağlandı ve denetim altına alındı.
2026-08-31 14:45:36,932 - TRMWatchdog - INFO - [trm_worker.py] [CoreNexus] MarketIntelAgent_02 başarıyla sisteme bağlandı ve denetim altına alındı.
2026-08-31 14:45:36,932 - TRMWatchdog - INFO - [trm_worker.py] [CoreNexus] MarketIntelAgent_03 başarıyla sisteme bağlandı ve denetim altına alındı.
2026-08-31 14:45:36,932 - TRMWatchdog - INFO - [trm_worker.py] [CoreNexus] MarketIntelAgent_04 başarıyla sisteme bağlandı ve denetim altına alındı.
2026-08-31 14:45:36,932 - TRMWatchdog - INFO - [trm_worker.py] [CoreNexus] MarketIntelAgent_05 başarıyla sisteme bağlandı ve denetim altına alındı.
2026-08-31 14:45:36,932 - TRMWatchdog - INFO - [trm_worker.py] [CoreNexus] MarketIntelAgent_06 başarıyla sisteme bağlandı ve denetim altına alındı.
2026-08-31 14:45:36,932 - TRMWatchdog - INFO - [trm_worker.py] [CoreNexus] MarketIntelAgent_07 başarıyla sisteme bağlandı ve denetim altına alındı.
2026-08-31 14:45:36,932 - TRMWatchdog - INFO - [trm_worker.py] [CoreNexus] MarketIntelAgent_08 başarıyla sisteme bağlandı ve denetim altına alındı.
2026-08-31 14:45:36,934 - TRMWatchdog - INFO - [trm_worker.py] [CoreNexus] MarketIntelAgent_09 başarıyla sisteme bağlandı ve denetim altına alındı.
2026-08-31 14:45:36,934 - TRMWatchdog - INFO - [trm_worker.py] [CoreNexus] MarketIntelAgent_10 başarıyla sisteme bağlandı ve denetim altına alındı.
2026-08-31 14:45:36,934 - TRMWatchdog - INFO - [trm_worker.py] [CoreNexus] BridgeAgent_01 başarıyla sisteme bağlandı ve denetim altına alındı.
2026-08-31 14:45:36,934 - TRMWatchdog - INFO - [trm_worker.py] [CoreNexus] BridgeAgent_02 başarıyla sisteme bağlandı ve denetim altına alındı.
2026-08-31 14:45:36,934 - TRMWatchdog - INFO - [trm_worker.py] [CoreNexus] BridgeAgent_03 başarıyla sisteme bağlandı ve denetim altına alındı.
2026-08-31 14:45:36,934 - TRMWatchdog - INFO - [trm_worker.py] [CoreNexus] BridgeAgent_04 başarıyla sisteme bağlandı ve denetim altına alındı.
2026-08-31 14:45:36,934 - TRMWatchdog - INFO - [trm_worker.py] [CoreNexus] BridgeAgent_05 başarıyla sisteme bağlandı ve denetim altına alındı.
2026-08-31 14:45:36,935 - TRMWatchdog - INFO - [trm_worker.py] [CoreNexus] BridgeAgent_06 başarıyla sisteme bağlandı ve denetim altına alındı.
2026-08-31 14:45:36,935 - TRMWatchdog - INFO - [trm_worker.py] [CoreNexus] BridgeAgent_07 başarıyla sisteme bağlandı ve denetim altına alındı.
2026-08-31 14:45:36,935 - TRMWatchdog - INFO - [trm_worker.py] [CoreNexus] BridgeAgent_08 başarıyla sisteme bağlandı ve denetim altına alındı.
2026-08-31 14:45:36,935 - TRMWatchdog - INFO - [trm_worker.py] [CoreNexus] BridgeAgent_09 başarıyla sisteme bağlandı ve denetim altına alındı.
2026-08-31 14:45:36,935 - TRMWatchdog - INFO - [trm_worker.py] [CoreNexus] BridgeAgent_10 başarıyla sisteme bağlandı ve denetim altına alındı.
2026-08-31 14:45:36,935 - TRMWatchdog - INFO - [trm_worker.py] [CoreNexus] BridgeAgent_11 başarıyla sisteme bağlandı ve denetim altına alındı.
2026-08-31 14:45:36,935 - TRMWatchdog - INFO - [trm_worker.py] [CoreNexus] BridgeAgent_12 başarıyla sisteme bağlandı ve denetim altına alındı.
2026-08-31 14:45:36,935 - TRMWatchdog - INFO - [trm_worker.py] [CoreNexus] BridgeAgent_13 başarıyla sisteme bağlandı ve denetim altına alındı.
2026-08-31 14:45:36,935 - TRMWatchdog - INFO - [trm_worker.py] [CoreNexus] BridgeAgent_14 başarıyla sisteme bağlandı ve denetim altına alındı.
2026-08-31 14:45:36,935 - TRMWatchdog - INFO - [trm_worker.py] [CoreNexus] BridgeAgent_15 başarıyla sisteme bağlandı ve denetim altına alındı.
2026-08-31 14:45:36,935 - TRMWatchdog - INFO - [trm_worker.py] [CoreNexus] Content_Generator_Agent başarıyla sisteme bağlandı ve denetim altına alındı.
2026-08-31 14:45:36,935 - TRMWatchdog - INFO - [trm_worker.py] [CoreNexus] QueueAgent başarıyla sisteme bağlandı ve denetim altına alındı.
2026-08-31 14:45:36,935 - TRMWatchdog - INFO - [trm_worker.py] [CoreNexus] PosterAgent başarıyla sisteme bağlandı ve denetim altına alındı.
2026-08-31 14:45:36,935 - TRMWatchdog - INFO - [trm_worker.py] [CoreNexus] SentinelAgent_01 başarıyla sisteme bağlandı ve denetim altına alındı.
2026-08-31 14:45:36,935 - TRMWatchdog - INFO - [trm_worker.py] [CoreNexus] SentinelAgent_02 başarıyla sisteme bağlandı ve denetim altına alındı.
2026-08-31 14:45:36,935 - TRMWatchdog - INFO - [trm_worker.py] [CoreNexus] SentinelAgent_03 başarıyla sisteme bağlandı ve denetim altına alındı.
2026-08-31 14:45:36,935 - TRMWatchdog - INFO - [trm_worker.py] [CoreNexus] SentinelAgent_04 başarıyla sisteme bağlandı ve denetim altına alındı.
2026-08-31 14:45:36,935 - TRMWatchdog - INFO - [trm_worker.py] [CoreNexus] SentinelAgent_05 başarıyla sisteme bağlandı ve denetim altına alındı.
2026-08-31 14:45:36,935 - TRMWatchdog - INFO - [trm_worker.py] [CoreNexus] SentinelAgent_06 başarıyla sisteme bağlandı ve denetim altına alındı.
2026-08-31 14:45:36,935 - TRMWatchdog - INFO - [trm_worker.py] [CoreNexus] SentinelAgent_07 başarıyla sisteme bağlandı ve denetim altına alındı.
2026-08-31 14:45:36,935 - TRMWatchdog - INFO - [trm_worker.py] [CoreNexus] SentinelAgent_08 başarıyla sisteme bağlandı ve denetim altına alındı.
2026-08-31 14:45:36,935 - TRMWatchdog - INFO - [trm_worker.py] [CoreNexus] SentinelAgent_09 başarıyla sisteme bağlandı ve denetim altına alındı.
2026-08-31 14:45:36,935 - TRMWatchdog - INFO - [trm_worker.py] [CoreNexus] SentinelAgent_10 başarıyla sisteme bağlandı ve denetim altına alındı.
2026-08-31 14:45:36,935 - TRMWatchdog - INFO - [trm_worker.py] [CoreNexus] HealthCheckAgent başarıyla sisteme bağlandı ve denetim altına alındı.
2026-08-31 14:45:36,935 - TRMWatchdog - INFO - [trm_worker.py] [Camouflage] Teknik Maskeleme Aktif: IP ve Cihaz İzleri Temizleniyor...
2026-08-31 14:45:36,935 - TRMWatchdog - INFO - [trm_worker.py] [AnalystAgent] Trend raporu kaydedildi: C:\Users\Habitat\Desktop\SOSYAL _İMECE\trend_raporlari.json
2026-08-31 14:45:36,935 - TRMWatchdog - INFO - [trm_worker.py] [CoreNexus] CamouflageAgent senkronize ediliyor...
2026-08-31 14:45:36,935 - TRMWatchdog - INFO - [trm_worker.py] [CoreNexus] AccountManagerAgent senkronize ediliyor...
2026-08-31 14:45:36,935 - TRMWatchdog - INFO - [trm_worker.py] [CoreNexus] MarketIntelAgent_01 senkronize ediliyor...
2026-08-31 14:45:36,935 - TRMWatchdog - INFO - [trm_worker.py] [CoreNexus] MarketIntelAgent_02 senkronize ediliyor...
2026-08-31 14:45:36,935 - TRMWatchdog - INFO - [trm_worker.py] [CoreNexus] MarketIntelAgent_03 senkronize ediliyor...
2026-08-31 14:45:36,935 - TRMWatchdog - INFO - [trm_worker.py] [CoreNexus] MarketIntelAgent_04 senkronize ediliyor...
2026-08-31 14:45:36,935 - TRMWatchdog - INFO - [trm_worker.py] [CoreNexus] MarketIntelAgent_05 senkronize ediliyor...
2026-08-31 14:45:36,935 - TRMWatchdog - INFO - [trm_worker.py] [CoreNexus] MarketIntelAgent_06 senkronize ediliyor...
2026-08-31 14:45:36,940 - TRMWatchdog - INFO - [trm_worker.py] [CoreNexus] MarketIntelAgent_07 senkronize ediliyor...
2026-08-31 14:45:36,940 - TRMWatchdog - INFO - [trm_worker.py] [CoreNexus] MarketIntelAgent_08 senkronize ediliyor...
2026-08-31 14:45:36,940 - TRMWatchdog - INFO - [trm_worker.py] [CoreNexus] MarketIntelAgent_09 senkronize ediliyor...
2026-08-31 14:45:36,940 - TRMWatchdog - INFO - [trm_worker.py] [CoreNexus] MarketIntelAgent_10 senkronize ediliyor...
2026-08-31 14:45:36,940 - TRMWatchdog - INFO - [trm_worker.py] [CoreNexus] BridgeAgent_01 senkronize ediliyor...
2026-08-31 14:45:36,940 - TRMWatchdog - INFO - [trm_worker.py] [CoreNexus] BridgeAgent_02 senkronize ediliyor...
2026-08-31 14:45:36,940 - TRMWatchdog - INFO - [trm_worker.py] [CoreNexus] BridgeAgent_03 senkronize ediliyor...
2026-08-31 14:45:36,940 - TRMWatchdog - INFO - [trm_worker.py] [CoreNexus] BridgeAgent_04 senkronize ediliyor...
2026-08-31 14:45:36,940 - TRMWatchdog - INFO - [trm_worker.py] [CoreNexus] BridgeAgent_05 senkronize ediliyor...
2026-08-31 14:45:36,940 - TRMWatchdog - INFO - [trm_worker.py] [CoreNexus] BridgeAgent_06 senkronize ediliyor...
2026-08-31 14:45:36,940 - TRMWatchdog - INFO - [trm_worker.py] [CoreNexus] BridgeAgent_07 senkronize ediliyor...
2026-08-31 14:45:36,940 - TRMWatchdog - INFO - [trm_worker.py] [CoreNexus] BridgeAgent_08 senkronize ediliyor...
2026-08-31 14:45:36,940 - TRMWatchdog - INFO - [trm_worker.py] [CoreNexus] BridgeAgent_09 senkronize ediliyor...
2026-08-31 14:45:36,940 - TRMWatchdog - INFO - [trm_worker.py] [CoreNexus] BridgeAgent_10 senkronize ediliyor...
2026-08-31 14:45:36,940 - TRMWatchdog - INFO - [trm_worker.py] [CoreNexus] BridgeAgent_11 senkronize ediliyor...
2026-08-31 14:45:36,940 - TRMWatchdog - INFO - [trm_worker.py] [CoreNexus] BridgeAgent_12 senkronize ediliyor...
2026-08-31 14:45:36,940 - TRMWatchdog - INFO - [trm_worker.py] [CoreNexus] BridgeAgent_13 senkronize ediliyor...
2026-08-31 14:45:36,940 - TRMWatchdog - INFO - [trm_worker.py] [CoreNexus] BridgeAgent_14 senkronize ediliyor...
2026-08-31 14:45:36,940 - TRMWatchdog - INFO - [trm_worker.py] [CoreNexus] BridgeAgent_15 senkronize ediliyor...
2026-08-31 14:45:36,940 - TRMWatchdog - INFO - [trm_worker.py] [CoreNexus] Content_Generator_Agent senkronize ediliyor...
2026-08-31 14:45:36,940 - TRMWatchdog - INFO - [trm_worker.py] [CoreNexus] QueueAgent senkronize ediliyor...
2026-08-31 14:45:36,940 - TRMWatchdog - INFO - [trm_worker.py] [CoreNexus] PosterAgent senkronize ediliyor...
2026-08-31 14:45:36,940 - TRMWatchdog - INFO - [trm_worker.py] 2026-08-31 14:45:36,921 [INFO] social_media_automation: 🔒 Maskelenmiş parmak izi: {'platform': 'Linux x86_64', 'screen_resolution': '2560x1440', 'accept_language': 'tr-TR,tr;q=0.9,en-US;q=0.8', 'webgl_vendor': 'Google Inc. (NVIDIA)', 'canvas_hash': '0x2472485'}
2026-08-31 14:45:36,955 - TRMWatchdog - INFO - [trm_worker.py] [CoreNexus] CamouflageAgent başarıyla sisteme bağlandı ve denetim altına alındı.
2026-08-31 14:45:36,955 - TRMWatchdog - INFO - [trm_worker.py] [CoreNexus] AccountManagerAgent başarıyla sisteme bağlandı ve denetim altına alındı.
2026-08-31 14:45:36,955 - TRMWatchdog - INFO - [trm_worker.py] [CoreNexus] MarketIntelAgent_01 başarıyla sisteme bağlandı ve denetim altına alındı.
2026-08-31 14:45:36,955 - TRMWatchdog - INFO - [trm_worker.py] [CoreNexus] MarketIntelAgent_02 başarıyla sisteme bağlandı ve denetim altına alındı.
2026-08-31 14:45:36,955 - TRMWatchdog - INFO - [trm_worker.py] [CoreNexus] MarketIntelAgent_03 başarıyla sisteme bağlandı ve denetim altına alındı.
2026-08-31 14:45:36,955 - TRMWatchdog - INFO - [trm_worker.py] [CoreNexus] MarketIntelAgent_04 başarıyla sisteme bağlandı ve denetim altına alındı.
2026-08-31 14:45:36,955 - TRMWatchdog - INFO - [trm_worker.py] [CoreNexus] MarketIntelAgent_05 başarıyla sisteme bağlandı ve denetim altına alındı.
2026-08-31 14:45:36,955 - TRMWatchdog - INFO - [trm_worker.py] [CoreNexus] MarketIntelAgent_06 başarıyla sisteme bağlandı ve denetim altına alındı.
2026-08-31 14:45:36,957 - TRMWatchdog - INFO - [trm_worker.py] [CoreNexus] MarketIntelAgent_07 başarıyla sisteme bağlandı ve denetim altına alındı.
2026-08-31 14:45:36,957 - TRMWatchdog - INFO - [trm_worker.py] [CoreNexus] MarketIntelAgent_08 başarıyla sisteme bağlandı ve denetim altına alındı.
2026-08-31 14:45:36,957 - TRMWatchdog - INFO - [trm_worker.py] [CoreNexus] MarketIntelAgent_09 başarıyla sisteme bağlandı ve denetim altına alındı.
2026-08-31 14:45:36,957 - TRMWatchdog - INFO - [trm_worker.py] [CoreNexus] MarketIntelAgent_10 başarıyla sisteme bağlandı ve denetim altına alındı.
2026-08-31 14:45:36,957 - TRMWatchdog - INFO - [trm_worker.py] [CoreNexus] BridgeAgent_01 başarıyla sisteme bağlandı ve denetim altına alındı.
2026-08-31 14:45:36,957 - TRMWatchdog - INFO - [trm_worker.py] [CoreNexus] BridgeAgent_02 başarıyla sisteme bağlandı ve denetim altına alındı.
2026-08-31 14:45:36,957 - TRMWatchdog - INFO - [trm_worker.py] [CoreNexus] BridgeAgent_03 başarıyla sisteme bağlandı ve denetim altına alındı.
2026-08-31 14:45:36,957 - TRMWatchdog - INFO - [trm_worker.py] [CoreNexus] BridgeAgent_04 başarıyla sisteme bağlandı ve denetim altına alındı.
2026-08-31 14:45:36,957 - TRMWatchdog - INFO - [trm_worker.py] [CoreNexus] BridgeAgent_05 başarıyla sisteme bağlandı ve denetim altına alındı.
2026-08-31 14:45:36,957 - TRMWatchdog - INFO - [trm_worker.py] [CoreNexus] BridgeAgent_06 başarıyla sisteme bağlandı ve denetim altına alındı.
2026-08-31 14:45:36,957 - TRMWatchdog - INFO - [trm_worker.py] [CoreNexus] BridgeAgent_07 başarıyla sisteme bağlandı ve denetim altına alındı.
2026-08-31 14:45:36,957 - TRMWatchdog - INFO - [trm_worker.py] [CoreNexus] BridgeAgent_08 başarıyla sisteme bağlandı ve denetim altına alındı.
2026-08-31 14:45:36,957 - TRMWatchdog - INFO - [trm_worker.py] [CoreNexus] BridgeAgent_09 başarıyla sisteme bağlandı ve denetim altına alındı.
2026-08-31 14:45:36,957 - TRMWatchdog - INFO - [trm_worker.py] [CoreNexus] BridgeAgent_10 başarıyla sisteme bağlandı ve denetim altına alındı.
2026-08-31 14:45:36,957 - TRMWatchdog - INFO - [trm_worker.py] [CoreNexus] BridgeAgent_11 başarıyla sisteme bağlandı ve denetim altına alındı.
2026-08-31 14:45:36,957 - TRMWatchdog - INFO - [trm_worker.py] [CoreNexus] BridgeAgent_12 başarıyla sisteme bağlandı ve denetim altına alındı.
2026-08-31 14:45:36,957 - TRMWatchdog - INFO - [trm_worker.py] [CoreNexus] BridgeAgent_13 başarıyla sisteme bağlandı ve denetim altına alındı.
2026-08-31 14:45:36,960 - TRMWatchdog - INFO - [trm_worker.py] [CoreNexus] BridgeAgent_14 başarıyla sisteme bağlandı ve denetim altına alındı.
2026-08-31 14:45:36,960 - TRMWatchdog - INFO - [trm_worker.py] [CoreNexus] BridgeAgent_15 başarıyla sisteme bağlandı ve denetim altına alındı.
2026-08-31 14:45:36,960 - TRMWatchdog - INFO - [trm_worker.py] [CoreNexus] Content_Generator_Agent başarıyla sisteme bağlandı ve denetim altına alındı.
2026-08-31 14:45:36,960 - TRMWatchdog - INFO - [trm_worker.py] [CoreNexus] QueueAgent başarıyla sisteme bağlandı ve denetim altına alındı.
2026-08-31 14:45:36,960 - TRMWatchdog - INFO - [trm_worker.py] [CoreNexus] PosterAgent başarıyla sisteme bağlandı ve denetim altına alındı.
2026-08-31 14:45:36,960 - TRMWatchdog - INFO - [trm_worker.py] [CoreNexus] SentinelAgent_01 başarıyla sisteme bağlandı ve denetim altına alındı.
2026-08-31 14:45:36,960 - TRMWatchdog - INFO - [trm_worker.py] [CoreNexus] SentinelAgent_02 başarıyla sisteme bağlandı ve denetim altına alındı.
2026-08-31 14:45:36,961 - TRMWatchdog - INFO - [trm_worker.py] [CoreNexus] SentinelAgent_03 başarıyla sisteme bağlandı ve denetim altına alındı.
2026-08-31 14:45:36,961 - TRMWatchdog - INFO - [trm_worker.py] [CoreNexus] SentinelAgent_04 başarıyla sisteme bağlandı ve denetim altına alındı.
2026-08-31 14:45:36,961 - TRMWatchdog - INFO - [trm_worker.py] [CoreNexus] SentinelAgent_05 başarıyla sisteme bağlandı ve denetim altına alındı.
2026-08-31 14:45:36,961 - TRMWatchdog - INFO - [trm_worker.py] [CoreNexus] SentinelAgent_06 başarıyla sisteme bağlandı ve denetim altına alındı.
2026-08-31 14:45:36,961 - TRMWatchdog - INFO - [trm_worker.py] [CoreNexus] SentinelAgent_07 başarıyla sisteme bağlandı ve denetim altına alındı.
2026-08-31 14:45:36,961 - TRMWatchdog - INFO - [trm_worker.py] [CoreNexus] SentinelAgent_08 başarıyla sisteme bağlandı ve denetim altına alındı.
2026-08-31 14:45:36,961 - TRMWatchdog - INFO - [trm_worker.py] [CoreNexus] SentinelAgent_09 başarıyla sisteme bağlandı ve denetim altına alındı.
2026-08-31 14:45:36,961 - TRMWatchdog - INFO - [trm_worker.py] [CoreNexus] SentinelAgent_10 başarıyla sisteme bağlandı ve denetim altına alındı.
2026-08-31 14:45:36,962 - TRMWatchdog - INFO - [trm_worker.py] [CoreNexus] HealthCheckAgent başarıyla sisteme bağlandı ve denetim altına alındı.
2026-08-31 14:45:36,962 - TRMWatchdog - INFO - [trm_worker.py] [Camouflage] Teknik Maskeleme Aktif: IP ve Cihaz İzleri Temizleniyor...
2026-08-31 14:45:36,962 - TRMWatchdog - INFO - [trm_worker.py] [AnalystAgent] Trend raporu kaydedildi: C:\Users\Habitat\Desktop\SOSYAL _İMECE\trend_raporlari.json
2026-08-31 14:45:36,962 - TRMWatchdog - INFO - [trm_worker.py] [CoreNexus] CamouflageAgent senkronize ediliyor...
2026-08-31 14:45:36,962 - TRMWatchdog - INFO - [trm_worker.py] [CoreNexus] AccountManagerAgent senkronize ediliyor...
2026-08-31 14:45:36,962 - TRMWatchdog - INFO - [trm_worker.py] [CoreNexus] MarketIntelAgent_01 senkronize ediliyor...
2026-08-31 14:45:36,962 - TRMWatchdog - INFO - [trm_worker.py] [CoreNexus] MarketIntelAgent_02 senkronize ediliyor...
2026-08-31 14:45:36,962 - TRMWatchdog - INFO - [trm_worker.py] [CoreNexus] MarketIntelAgent_03 senkronize ediliyor...
2026-08-31 14:45:36,962 - TRMWatchdog - INFO - [trm_worker.py] [CoreNexus] MarketIntelAgent_04 senkronize ediliyor...
2026-08-31 14:45:36,962 - TRMWatchdog - INFO - [trm_worker.py] [CoreNexus] MarketIntelAgent_05 senkronize ediliyor...
2026-08-31 14:45:36,962 - TRMWatchdog - INFO - [trm_worker.py] [CoreNexus] MarketIntelAgent_06 senkronize ediliyor...
2026-08-31 14:45:36,962 - TRMWatchdog - INFO - [trm_worker.py] [CoreNexus] MarketIntelAgent_07 senkronize ediliyor...
2026-08-31 14:45:36,962 - TRMWatchdog - INFO - [trm_worker.py] [CoreNexus] MarketIntelAgent_08 senkronize ediliyor...
2026-08-31 14:45:36,962 - TRMWatchdog - INFO - [trm_worker.py] [CoreNexus] MarketIntelAgent_09 senkronize ediliyor...
2026-08-31 14:45:36,962 - TRMWatchdog - INFO - [trm_worker.py] [CoreNexus] MarketIntelAgent_10 senkronize ediliyor...
2026-08-31 14:45:36,962 - TRMWatchdog - INFO - [trm_worker.py] [CoreNexus] BridgeAgent_01 senkronize ediliyor...
2026-08-31 14:45:36,962 - TRMWatchdog - INFO - [trm_worker.py] [CoreNexus] BridgeAgent_02 senkronize ediliyor...
2026-08-31 14:45:36,962 - TRMWatchdog - INFO - [trm_worker.py] [CoreNexus] BridgeAgent_03 senkronize ediliyor...
2026-08-31 14:45:36,962 - TRMWatchdog - INFO - [trm_worker.py] [CoreNexus] BridgeAgent_04 senkronize ediliyor...
2026-08-31 14:45:36,965 - TRMWatchdog - INFO - [trm_worker.py] [CoreNexus] BridgeAgent_05 senkronize ediliyor...
2026-08-31 14:45:36,965 - TRMWatchdog - INFO - [trm_worker.py] [CoreNexus] BridgeAgent_06 senkronize ediliyor...
2026-08-31 14:45:36,965 - TRMWatchdog - INFO - [trm_worker.py] [CoreNexus] BridgeAgent_07 senkronize ediliyor...
2026-08-31 14:45:36,965 - TRMWatchdog - INFO - [trm_worker.py] [CoreNexus] BridgeAgent_08 senkronize ediliyor...
2026-08-31 14:45:36,965 - TRMWatchdog - INFO - [trm_worker.py] [CoreNexus] BridgeAgent_09 senkronize ediliyor...
2026-08-31 14:45:36,965 - TRMWatchdog - INFO - [trm_worker.py] [CoreNexus] BridgeAgent_10 senkronize ediliyor...
2026-08-31 14:45:36,965 - TRMWatchdog - INFO - [trm_worker.py] [CoreNexus] BridgeAgent_11 senkronize ediliyor...
2026-08-31 14:45:36,965 - TRMWatchdog - INFO - [trm_worker.py] [CoreNexus] BridgeAgent_12 senkronize ediliyor...
2026-08-31 14:45:36,965 - TRMWatchdog - INFO - [trm_worker.py] [CoreNexus] BridgeAgent_13 senkronize ediliyor...
2026-08-31 14:45:36,965 - TRMWatchdog - INFO - [trm_worker.py] [CoreNexus] BridgeAgent_14 senkronize ediliyor...
2026-08-31 14:45:36,965 - TRMWatchdog - INFO - [trm_worker.py] [CoreNexus] BridgeAgent_15 senkronize ediliyor...
2026-08-31 14:45:36,965 - TRMWatchdog - INFO - [trm_worker.py] [CoreNexus] Content_Generator_Agent senkronize ediliyor...
2026-08-31 14:45:36,965 - TRMWatchdog - INFO - [trm_worker.py] [CoreNexus] QueueAgent senkronize ediliyor...
2026-08-31 14:45:36,966 - TRMWatchdog - INFO - [trm_worker.py] [CoreNexus] PosterAgent senkronize ediliyor...
2026-08-31 14:45:36,966 - TRMWatchdog - INFO - [trm_worker.py] 2026-08-31 14:45:36,921 [INFO] social_media_automation: 🔒 Maskelenmiş parmak izi: {'platform': 'Linux x86_64', 'screen_resolution': '2560x1440', 'accept_language': 'tr-TR,tr;q=0.9,en-US;q=0.8', 'webgl_vendor': 'Google Inc. (NVIDIA)', 'canvas_hash': '0x2472485'}
2026-08-31 14:45:44,585 - TRMWatchdog - INFO - [trm_worker.py] 2026-08-31 14:45:44,543 [INFO] social_media_automation: ⏱️ Chaos jitter bekleme süresi: 7.62s
2026-08-31 14:45:44,603 - TRMWatchdog - INFO - [trm_worker.py] 2026-08-31 14:45:44,543 [INFO] social_media_automation: ⏱️ Chaos jitter bekleme süresi: 7.62s
2026-08-31 14:45:44,887 - TRMWatchdog - INFO - [trm_worker.py] 2026-08-31 14:45:44,881 [WARNING] social_media_automation: ⚠️ Deneme 1/3 basarisiz: 400 Client Error: Bad Request for url: https://graph.instagram.com/v19.0//media?image_url=&caption=Kozmetik+Cilt+Bakim+Seti+i%C3%A7in+alarm+verildi.%0AFiyat%3A+499.50+TL%0AKomisyon%3A+%2535.0+%7C+Tahmini+kazan%C3%A7%3A+174.82+TL%0ABu+%C3%BCr%C3%BCn+%C5%9Fu+an+payla%C5%9F%C4%B1lmazsa+f%C4%B1rsat+ka%C3%A7abilir.+Hemen+linke+y%C3%B6nlendir.%0A%0A%23trendurun+%23yuksekkomisyon+%23satisfirsati+%23hemenincele+%23eticaret%0A%0Ahttps%3A%2F%2Fwww.trendyol.com%2Fkozmetik%2Fcilt-bakim%2Fcilt-bakim-seti&access_token=. 2.2s bekleniyor...
2026-08-31 14:45:44,905 - TRMWatchdog - INFO - [trm_worker.py] 2026-08-31 14:45:44,881 [WARNING] social_media_automation: ⚠️ Deneme 1/3 basarisiz: 400 Client Error: Bad Request for url: https://graph.instagram.com/v19.0//media?image_url=&caption=Kozmetik+Cilt+Bakim+Seti+i%C3%A7in+alarm+verildi.%0AFiyat%3A+499.50+TL%0AKomisyon%3A+%2535.0+%7C+Tahmini+kazan%C3%A7%3A+174.82+TL%0ABu+%C3%BCr%C3%BCn+%C5%9Fu+an+payla%C5%9F%C4%B1lmazsa+f%C4%B1rsat+ka%C3%A7abilir.+Hemen+linke+y%C3%B6nlendir.%0A%0A%23trendurun+%23yuksekkomisyon+%23satisfirsati+%23hemenincele+%23eticaret%0A%0Ahttps%3A%2F%2Fwww.trendyol.com%2Fkozmetik%2Fcilt-bakim%2Fcilt-bakim-seti&access_token=. 2.2s bekleniyor...
2026-08-31 14:45:45,337 - TRMWatchdog - WARNING - Kritik süreç durdu: python orchestrator_api.py - yeniden başlatılıyor...
2026-08-31 14:45:45,362 - TRMWatchdog - INFO - Process python log dosyası: orchestrator_api.log
2026-08-31 14:45:45,362 - TRMWatchdog - INFO - Process python başlatıldı. Çıktıları orchestrator_api.log dosyasına ve konsola yazılıyor.
2026-08-31 14:45:45,362 - TRMWatchdog - INFO - Process python başarıyla yeniden başlatıldı (PID: 4052, deneme 2)
2026-08-31 14:45:47,518 - TRMWatchdog - INFO - [trm_worker.py] 2026-08-31 14:45:47,512 [WARNING] social_media_automation: ⚠️ Deneme 2/3 basarisiz: 400 Client Error: Bad Request for url: https://graph.instagram.com/v19.0//media?image_url=&caption=Kozmetik+Cilt+Bakim+Seti+i%C3%A7in+alarm+verildi.%0AFiyat%3A+499.50+TL%0AKomisyon%3A+%2535.0+%7C+Tahmini+kazan%C3%A7%3A+174.82+TL%0ABu+%C3%BCr%C3%BCn+%C5%9Fu+an+payla%C5%9F%C4%B1lmazsa+f%C4%B1rsat+ka%C3%A7abilir.+Hemen+linke+y%C3%B6nlendir.%0A%0A%23trendurun+%23yuksekkomisyon+%23satisfirsati+%23hemenincele+%23eticaret%0A%0Ahttps%3A%2F%2Fwww.trendyol.com%2Fkozmetik%2Fcilt-bakim%2Fcilt-bakim-seti&access_token=. 4.6s bekleniyor...
2026-08-31 14:45:47,599 - TRMWatchdog - INFO - [trm_worker.py] 2026-08-31 14:45:47,512 [WARNING] social_media_automation: ⚠️ Deneme 2/3 basarisiz: 400 Client Error: Bad Request for url: https://graph.instagram.com/v19.0//media?image_url=&caption=Kozmetik+Cilt+Bakim+Seti+i%C3%A7in+alarm+verildi.%0AFiyat%3A+499.50+TL%0AKomisyon%3A+%2535.0+%7C+Tahmini+kazan%C3%A7%3A+174.82+TL%0ABu+%C3%BCr%C3%BCn+%C5%9Fu+an+payla%C5%9F%C4%B1lmazsa+f%C4%B1rsat+ka%C3%A7abilir.+Hemen+linke+y%C3%B6nlendir.%0A%0A%23trendurun+%23yuksekkomisyon+%23satisfirsati+%23hemenincele+%23eticaret%0A%0Ahttps%3A%2F%2Fwww.trendyol.com%2Fkozmetik%2Fcilt-bakim%2Fcilt-bakim-seti&access_token=. 4.6s bekleniyor...
2026-08-31 14:45:52,524 - TRMWatchdog - INFO - [trm_worker.py] 2026-08-31 14:45:52,490 [ERROR] social_media_automation: ❌ Instagram hata: 400 Client Error: Bad Request for url: https://graph.instagram.com/v19.0//media?image_url=&caption=Kozmetik+Cilt+Bakim+Seti+i%C3%A7in+alarm+verildi.%0AFiyat%3A+499.50+TL%0AKomisyon%3A+%2535.0+%7C+Tahmini+kazan%C3%A7%3A+174.82+TL%0ABu+%C3%BCr%C3%BCn+%C5%9Fu+an+payla%C5%9F%C4%B1lmazsa+f%C4%B1rsat+ka%C3%A7abilir.+Hemen+linke+y%C3%B6nlendir.%0A%0A%23trendurun+%23yuksekkomisyon+%23satisfirsati+%23hemenincele+%23eticaret%0A%0Ahttps%3A%2F%2Fwww.trendyol.com%2Fkozmetik%2Fcilt-bakim%2Fcilt-bakim-seti&access_token=
2026-08-31 14:45:52,524 - TRMWatchdog - INFO - [trm_worker.py] 2026-08-31 14:45:52,490 [INFO] social_media_automation: 🔒 Maskelenmiş parmak izi: {'platform': 'Linux x86_64', 'screen_resolution': '2560x1440', 'accept_language': 'tr-TR,tr;q=0.9,en-US;q=0.8', 'webgl_vendor': 'Google Inc. (NVIDIA)', 'canvas_hash': '0x2472485'}
2026-08-31 14:45:52,541 - TRMWatchdog - INFO - [trm_worker.py] 2026-08-31 14:45:52,490 [ERROR] social_media_automation: ❌ Instagram hata: 400 Client Error: Bad Request for url: https://graph.instagram.com/v19.0//media?image_url=&caption=Kozmetik+Cilt+Bakim+Seti+i%C3%A7in+alarm+verildi.%0AFiyat%3A+499.50+TL%0AKomisyon%3A+%2535.0+%7C+Tahmini+kazan%C3%A7%3A+174.82+TL%0ABu+%C3%BCr%C3%BCn+%C5%9Fu+an+payla%C5%9F%C4%B1lmazsa+f%C4%B1rsat+ka%C3%A7abilir.+Hemen+linke+y%C3%B6nlendir.%0A%0A%23trendurun+%23yuksekkomisyon+%23satisfirsati+%23hemenincele+%23eticaret%0A%0Ahttps%3A%2F%2Fwww.trendyol.com%2Fkozmetik%2Fcilt-bakim%2Fcilt-bakim-seti&access_token=
2026-08-31 14:45:52,541 - TRMWatchdog - INFO - [trm_worker.py] 2026-08-31 14:45:52,490 [INFO] social_media_automation: 🔒 Maskelenmiş parmak izi: {'platform': 'Linux x86_64', 'screen_resolution': '2560x1440', 'accept_language': 'tr-TR,tr;q=0.9,en-US;q=0.8', 'webgl_vendor': 'Google Inc. (NVIDIA)', 'canvas_hash': '0x2472485'}
2026-08-31 14:45:55,387 - TRMWatchdog - INFO - python trm_worker.py run: DURDU - PID: None - TRM Worker Servisi
2026-08-31 14:45:55,387 - TRMWatchdog - INFO - python orchestrator_api.py: DURDU - PID: None - Orchestrator API Servisi
2026-08-31 14:45:55,387 - TRMWatchdog - INFO - streamlit run app.py: DURDU - PID: None - Streamlit Dashboard
2026-08-31 14:46:02,691 - TRMWatchdog - INFO - [trm_worker.py] 2026-08-31 14:46:02,611 [INFO] social_media_automation: ⏱️ Chaos jitter bekleme süresi: 10.12s
2026-08-31 14:46:02,692 - TRMWatchdog - INFO - [trm_worker.py] 2026-08-31 14:46:02,611 [ERROR] social_media_automation: CALISMA MODU: LIVE | Facebook token eksik — guvenli dur
2026-08-31 14:46:02,692 - TRMWatchdog - INFO - [trm_worker.py] 2026-08-31 14:46:02,611 [INFO] social_media_automation: ⏱️ Chaos jitter bekleme süresi: 10.12s
2026-08-31 14:46:02,692 - TRMWatchdog - INFO - [trm_worker.py] 2026-08-31 14:46:02,611 [ERROR] social_media_automation: CALISMA MODU: LIVE | Facebook token eksik — guvenli dur
2026-08-31 14:46:02,792 - TRMWatchdog - INFO - [trm_worker.py] [CoreNexus] SentinelAgent_01 senkronize ediliyor...
2026-08-31 14:46:02,792 - TRMWatchdog - INFO - [trm_worker.py] [CoreNexus] SentinelAgent_02 senkronize ediliyor...
2026-08-31 14:46:02,793 - TRMWatchdog - INFO - [trm_worker.py] [CoreNexus] SentinelAgent_01 senkronize ediliyor...
2026-08-31 14:46:02,793 - TRMWatchdog - INFO - [trm_worker.py] [CoreNexus] SentinelAgent_03 senkronize ediliyor...
2026-08-31 14:46:02,793 - TRMWatchdog - INFO - [trm_worker.py] [CoreNexus] SentinelAgent_02 senkronize ediliyor...
2026-08-31 14:46:02,793 - TRMWatchdog - INFO - [trm_worker.py] [CoreNexus] SentinelAgent_04 senkronize ediliyor...
2026-08-31 14:46:02,793 - TRMWatchdog - INFO - [trm_worker.py] [CoreNexus] SentinelAgent_03 senkronize ediliyor...
2026-08-31 14:46:02,793 - TRMWatchdog - INFO - [trm_worker.py] [CoreNexus] SentinelAgent_05 senkronize ediliyor...
2026-08-31 14:46:02,793 - TRMWatchdog - INFO - [trm_worker.py] [CoreNexus] SentinelAgent_04 senkronize ediliyor...
2026-08-31 14:46:02,793 - TRMWatchdog - INFO - [trm_worker.py] [CoreNexus] SentinelAgent_06 senkronize ediliyor...
2026-08-31 14:46:02,793 - TRMWatchdog - INFO - [trm_worker.py] [CoreNexus] SentinelAgent_05 senkronize ediliyor...
2026-08-31 14:46:02,793 - TRMWatchdog - INFO - [trm_worker.py] [CoreNexus] SentinelAgent_07 senkronize ediliyor...
2026-08-31 14:46:02,793 - TRMWatchdog - INFO - [trm_worker.py] [CoreNexus] SentinelAgent_06 senkronize ediliyor...
2026-08-31 14:46:02,795 - TRMWatchdog - INFO - [trm_worker.py] [CoreNexus] SentinelAgent_08 senkronize ediliyor...
2026-08-31 14:46:02,795 - TRMWatchdog - INFO - [trm_worker.py] [CoreNexus] SentinelAgent_07 senkronize ediliyor...
2026-08-31 14:46:02,795 - TRMWatchdog - INFO - [trm_worker.py] [CoreNexus] SentinelAgent_09 senkronize ediliyor...
2026-08-31 14:46:02,795 - TRMWatchdog - INFO - [trm_worker.py] [CoreNexus] SentinelAgent_08 senkronize ediliyor...
2026-08-31 14:46:02,795 - TRMWatchdog - INFO - [trm_worker.py] [CoreNexus] SentinelAgent_10 senkronize ediliyor...
2026-08-31 14:46:02,795 - TRMWatchdog - INFO - [trm_worker.py] [CoreNexus] SentinelAgent_09 senkronize ediliyor...
2026-08-31 14:46:02,795 - TRMWatchdog - INFO - [trm_worker.py] [CoreNexus] HealthCheckAgent senkronize ediliyor...
2026-08-31 14:46:02,796 - TRMWatchdog - INFO - [trm_worker.py] [CoreNexus] SentinelAgent_10 senkronize ediliyor...
2026-08-31 14:46:02,796 - TRMWatchdog - INFO - [trm_worker.py] 2026-08-31 14:46:02,735 [INFO] TRMWorker: Nabiz atisi kaydedildi: {'worker_state': 'alive', 'cycle_started_at': '2026-08-31 14:45:36', 'last_cycle_at': '2026-08-31 14:46:02', 'last_mode': 'full_cycle', 'queue_summary': {'queued': 3, 'posted': 0, 'pending_retry': 0}, 'active_agents': ['CamouflageAgent', 'AccountManagerAgent', 'MarketIntelAgent_01', 'MarketIntelAgent_02', 'MarketIntelAgent_03', 'MarketIntelAgent_04', 'MarketIntelAgent_05', 'MarketIntelAgent_06', 'MarketIntelAgent_07', 'MarketIntelAgent_08', 'MarketIntelAgent_09', 'MarketIntelAgent_10', 'BridgeAgent_01', 'BridgeAgent_02', 'BridgeAgent_03', 'BridgeAgent_04', 'BridgeAgent_05', 'BridgeAgent_06', 'BridgeAgent_07', 'BridgeAgent_08', 'BridgeAgent_09', 'BridgeAgent_10', 'BridgeAgent_11', 'BridgeAgent_12', 'BridgeAgent_13', 'BridgeAgent_14', 'BridgeAgent_15', 'Content_Generator_Agent', 'QueueAgent', 'PosterAgent', 'SentinelAgent_01', 'SentinelAgent_02', 'SentinelAgent_03', 'SentinelAgent_04', 'SentinelAgent_05', 'SentinelAgent_06', 'SentinelAgent_07', 'SentinelAgent_08', 'SentinelAgent_09', 'SentinelAgent_10', 'HealthCheckAgent'], 'security_status': {'zero_trust_enabled': True, 'stealth_mode_enabled': True, 'registered_agents': ['CamouflageAgent', 'AccountManagerAgent', 'MarketIntelAgent_01', 'MarketIntelAgent_02', 'MarketIntelAgent_03', 'MarketIntelAgent_04', 'MarketIntelAgent_05', 'MarketIntelAgent_06', 'MarketIntelAgent_07', 'MarketIntelAgent_08', 'MarketIntelAgent_09', 'MarketIntelAgent_10', 'BridgeAgent_01', 'BridgeAgent_02', 'BridgeAgent_03', 'BridgeAgent_04', 'BridgeAgent_05', 'BridgeAgent_06', 'BridgeAgent_07', 'BridgeAgent_08', 'BridgeAgent_09', 'BridgeAgent_10', 'BridgeAgent_11', 'BridgeAgent_12', 'BridgeAgent_13', 'BridgeAgent_14', 'BridgeAgent_15', 'Content_Generator_Agent', 'QueueAgent', 'PosterAgent', 'SentinelAgent_01', 'SentinelAgent_02', 'SentinelAgent_03', 'SentinelAgent_04', 'SentinelAgent_05', 'SentinelAgent_06', 'SentinelAgent_07', 'SentinelAgent_08', 'SentinelAgent_09', 'SentinelAgent_10', 'HealthCheckAgent'], 'encrypted_snapshots': 7, 'protection_backend': 'windows-dpapi', 'domain': 'trm-operations.net', 'connected_agents': 41}, 'agent_capacity_snapshot': {'baseline_agents': 165, 'market_intel_agents': 10, 'bridge_agents': 15, 'sentinel_agents': 10, 'expansion_total': 35, 'total_capacity': 200}, 'heartbeat_capacity_total': 200, 'performance_metrics': {'heartbeat_speed_per_sec': 0.68, 'earnings_efficiency': 58.27, 'autonomous_success_rate': 0.0, 'active_agent_count': 41}}
2026-08-31 14:46:02,796 - TRMWatchdog - INFO - [trm_worker.py] [CoreNexus] HealthCheckAgent senkronize ediliyor...
2026-08-31 14:46:02,796 - TRMWatchdog - INFO - [trm_worker.py] 2026-08-31 14:46:02,735 [INFO] TRMWorker: Dongu tamamlandi | mod=full_cycle | kuyruk={'queued': 3, 'posted': 0, 'pending_retry': 0}
2026-08-31 14:46:02,796 - TRMWatchdog - INFO - [trm_worker.py] 2026-08-31 14:46:02,735 [INFO] TRMWorker: Nabiz atisi kaydedildi: {'worker_state': 'alive', 'cycle_started_at': '2026-08-31 14:45:36', 'last_cycle_at': '2026-08-31 14:46:02', 'last_mode': 'full_cycle', 'queue_summary': {'queued': 3, 'posted': 0, 'pending_retry': 0}, 'active_agents': ['CamouflageAgent', 'AccountManagerAgent', 'MarketIntelAgent_01', 'MarketIntelAgent_02', 'MarketIntelAgent_03', 'MarketIntelAgent_04', 'MarketIntelAgent_05', 'MarketIntelAgent_06', 'MarketIntelAgent_07', 'MarketIntelAgent_08', 'MarketIntelAgent_09', 'MarketIntelAgent_10', 'BridgeAgent_01', 'BridgeAgent_02', 'BridgeAgent_03', 'BridgeAgent_04', 'BridgeAgent_05', 'BridgeAgent_06', 'BridgeAgent_07', 'BridgeAgent_08', 'BridgeAgent_09', 'BridgeAgent_10', 'BridgeAgent_11', 'BridgeAgent_12', 'BridgeAgent_13', 'BridgeAgent_14', 'BridgeAgent_15', 'Content_Generator_Agent', 'QueueAgent', 'PosterAgent', 'SentinelAgent_01', 'SentinelAgent_02', 'SentinelAgent_03', 'SentinelAgent_04', 'SentinelAgent_05', 'SentinelAgent_06', 'SentinelAgent_07', 'SentinelAgent_08', 'SentinelAgent_09', 'SentinelAgent_10', 'HealthCheckAgent'], 'security_status': {'zero_trust_enabled': True, 'stealth_mode_enabled': True, 'registered_agents': ['CamouflageAgent', 'AccountManagerAgent', 'MarketIntelAgent_01', 'MarketIntelAgent_02', 'MarketIntelAgent_03', 'MarketIntelAgent_04', 'MarketIntelAgent_05', 'MarketIntelAgent_06', 'MarketIntelAgent_07', 'MarketIntelAgent_08', 'MarketIntelAgent_09', 'MarketIntelAgent_10', 'BridgeAgent_01', 'BridgeAgent_02', 'BridgeAgent_03', 'BridgeAgent_04', 'BridgeAgent_05', 'BridgeAgent_06', 'BridgeAgent_07', 'BridgeAgent_08', 'BridgeAgent_09', 'BridgeAgent_10', 'BridgeAgent_11', 'BridgeAgent_12', 'BridgeAgent_13', 'BridgeAgent_14', 'BridgeAgent_15', 'Content_Generator_Agent', 'QueueAgent', 'PosterAgent', 'SentinelAgent_01', 'SentinelAgent_02', 'SentinelAgent_03', 'SentinelAgent_04', 'SentinelAgent_05', 'SentinelAgent_06', 'SentinelAgent_07', 'SentinelAgent_08', 'SentinelAgent_09', 'SentinelAgent_10', 'HealthCheckAgent'], 'encrypted_snapshots': 7, 'protection_backend': 'windows-dpapi', 'domain': 'trm-operations.net', 'connected_agents': 41}, 'agent_capacity_snapshot': {'baseline_agents': 165, 'market_intel_agents': 10, 'bridge_agents': 15, 'sentinel_agents': 10, 'expansion_total': 35, 'total_capacity': 200}, 'heartbeat_capacity_total': 200, 'performance_metrics': {'heartbeat_speed_per_sec': 0.68, 'earnings_efficiency': 58.27, 'autonomous_success_rate': 0.0, 'active_agent_count': 41}}
2026-08-31 14:46:02,796 - TRMWatchdog - INFO - [trm_worker.py] 2026-08-31 14:46:02,735 [INFO] TRMWorker: Dongu tamamlandi | mod=full_cycle | kuyruk={'queued': 3, 'posted': 0, 'pending_retry': 0}
2026-08-31 14:46:25,402 - TRMWatchdog - INFO - === Gözcü Kontrol Döngüsü Başladı ===
2026-08-31 14:46:26,405 - TRMWatchdog - INFO - Sistem CPU: 37.7%, RAM: 85.1%, Disk: 93.1%
2026-08-31 14:46:26,405 - TRMWatchdog - WARNING - Disk kullanımı yüksek: 93.1%
2026-08-31 14:46:26,426 - TRMWatchdog - WARNING - Kritik süreç durdu: python trm_worker.py run - yeniden başlatılıyor...
2026-08-31 14:46:26,444 - TRMWatchdog - INFO - Process python log dosyası: trm_worker.log
2026-08-31 14:46:26,446 - TRMWatchdog - INFO - Process python başlatıldı. Çıktıları trm_worker.log dosyasına ve konsola yazılıyor.
2026-08-31 14:46:26,446 - TRMWatchdog - INFO - Process python başarıyla yeniden başlatıldı (PID: 2924, deneme 3)
2026-08-31 14:46:26,928 - TRMWatchdog - INFO - [trm_worker.py] 2026-08-31 14:46:26,874 [INFO] social_media_automation: CALISMA MODU: LIVE
2026-08-31 14:46:26,946 - TRMWatchdog - INFO - [trm_worker.py] 2026-08-31 14:46:26,874 [INFO] social_media_automation: CALISMA MODU: LIVE
2026-08-31 14:46:26,963 - TRMWatchdog - INFO - [trm_worker.py] 2026-08-31 14:46:26,874 [INFO] social_media_automation: CALISMA MODU: LIVE
2026-08-31 14:46:28,033 - TRMWatchdog - INFO - [trm_worker.py] 2026-08-31 14:46:28,007 [INFO] TRMWorker: TRM worker baslatildi | loop=60s | factory_interval=6:00:00
2026-08-31 14:46:28,033 - TRMWatchdog - INFO - [trm_worker.py] 2026-08-31 14:46:28,007 [WARNING] social_media_automation: ⚠️ Twitter API anahtarlari eksik → mock mod
2026-08-31 14:46:28,033 - TRMWatchdog - INFO - [trm_worker.py] 2026-08-31 14:46:28,010 [WARNING] social_media_automation: ⚠️ Twitter API anahtarlari eksik → mock mod
2026-08-31 14:46:28,051 - TRMWatchdog - INFO - [trm_worker.py] 2026-08-31 14:46:28,007 [INFO] TRMWorker: TRM worker baslatildi | loop=60s | factory_interval=6:00:00
2026-08-31 14:46:28,051 - TRMWatchdog - INFO - [trm_worker.py] 2026-08-31 14:46:28,007 [WARNING] social_media_automation: ⚠️ Twitter API anahtarlari eksik → mock mod
2026-08-31 14:46:28,051 - TRMWatchdog - INFO - [trm_worker.py] 2026-08-31 14:46:28,010 [WARNING] social_media_automation: ⚠️ Twitter API anahtarlari eksik → mock mod
2026-08-31 14:46:28,067 - TRMWatchdog - INFO - [trm_worker.py] 2026-08-31 14:46:28,007 [INFO] TRMWorker: TRM worker baslatildi | loop=60s | factory_interval=6:00:00
2026-08-31 14:46:28,068 - TRMWatchdog - INFO - [trm_worker.py] 2026-08-31 14:46:28,007 [WARNING] social_media_automation: ⚠️ Twitter API anahtarlari eksik → mock mod
2026-08-31 14:46:28,068 - TRMWatchdog - INFO - [trm_worker.py] 2026-08-31 14:46:28,010 [WARNING] social_media_automation: ⚠️ Twitter API anahtarlari eksik → mock mod
2026-08-31 14:46:28,134 - TRMWatchdog - INFO - [trm_worker.py] [CoreNexus] CamouflageAgent başarıyla sisteme bağlandı ve denetim altına alındı.
2026-08-31 14:46:28,134 - TRMWatchdog - INFO - [trm_worker.py] [CoreNexus] AccountManagerAgent başarıyla sisteme bağlandı ve denetim altına alındı.
2026-08-31 14:46:28,134 - TRMWatchdog - INFO - [trm_worker.py] [CoreNexus] MarketIntelAgent_01 başarıyla sisteme bağlandı ve denetim altına alındı.
2026-08-31 14:46:28,134 - TRMWatchdog - INFO - [trm_worker.py] [CoreNexus] MarketIntelAgent_02 başarıyla sisteme bağlandı ve denetim altına alındı.
2026-08-31 14:46:28,134 - TRMWatchdog - INFO - [trm_worker.py] [CoreNexus] MarketIntelAgent_03 başarıyla sisteme bağlandı ve denetim altına alındı.
2026-08-31 14:46:28,134 - TRMWatchdog - INFO - [trm_worker.py] [CoreNexus] MarketIntelAgent_04 başarıyla sisteme bağlandı ve denetim altına alındı.
2026-08-31 14:46:28,136 - TRMWatchdog - INFO - [trm_worker.py] [CoreNexus] MarketIntelAgent_05 başarıyla sisteme bağlandı ve denetim altına alındı.
2026-08-31 14:46:28,136 - TRMWatchdog - INFO - [trm_worker.py] [CoreNexus] MarketIntelAgent_06 başarıyla sisteme bağlandı ve denetim altına alındı.
2026-08-31 14:46:28,136 - TRMWatchdog - INFO - [trm_worker.py] [CoreNexus] MarketIntelAgent_07 başarıyla sisteme bağlandı ve denetim altına alındı.
2026-08-31 14:46:28,136 - TRMWatchdog - INFO - [trm_worker.py] [CoreNexus] MarketIntelAgent_08 başarıyla sisteme bağlandı ve denetim altına alındı.
2026-08-31 14:46:28,136 - TRMWatchdog - INFO - [trm_worker.py] [CoreNexus] MarketIntelAgent_09 başarıyla sisteme bağlandı ve denetim altına alındı.
2026-08-31 14:46:28,136 - TRMWatchdog - INFO - [trm_worker.py] [CoreNexus] MarketIntelAgent_10 başarıyla sisteme bağlandı ve denetim altına alındı.
2026-08-31 14:46:28,136 - TRMWatchdog - INFO - [trm_worker.py] [CoreNexus] BridgeAgent_01 başarıyla sisteme bağlandı ve denetim altına alındı.
2026-08-31 14:46:28,136 - TRMWatchdog - INFO - [trm_worker.py] [CoreNexus] BridgeAgent_02 başarıyla sisteme bağlandı ve denetim altına alındı.
2026-08-31 14:46:28,136 - TRMWatchdog - INFO - [trm_worker.py] [CoreNexus] BridgeAgent_03 başarıyla sisteme bağlandı ve denetim altına alındı.
2026-08-31 14:46:28,136 - TRMWatchdog - INFO - [trm_worker.py] [CoreNexus] BridgeAgent_04 başarıyla sisteme bağlandı ve denetim altına alındı.
2026-08-31 14:46:28,136 - TRMWatchdog - INFO - [trm_worker.py] [CoreNexus] BridgeAgent_05 başarıyla sisteme bağlandı ve denetim altına alındı.
2026-08-31 14:46:28,136 - TRMWatchdog - INFO - [trm_worker.py] [CoreNexus] BridgeAgent_06 başarıyla sisteme bağlandı ve denetim altına alındı.
2026-08-31 14:46:28,139 - TRMWatchdog - INFO - [trm_worker.py] [CoreNexus] BridgeAgent_07 başarıyla sisteme bağlandı ve denetim altına alındı.
2026-08-31 14:46:28,139 - TRMWatchdog - INFO - [trm_worker.py] [CoreNexus] BridgeAgent_08 başarıyla sisteme bağlandı ve denetim altına alındı.
2026-08-31 14:46:28,139 - TRMWatchdog - INFO - [trm_worker.py] [CoreNexus] BridgeAgent_09 başarıyla sisteme bağlandı ve denetim altına alındı.
2026-08-31 14:46:28,139 - TRMWatchdog - INFO - [trm_worker.py] [CoreNexus] BridgeAgent_10 başarıyla sisteme bağlandı ve denetim altına alındı.
2026-08-31 14:46:28,139 - TRMWatchdog - INFO - [trm_worker.py] [CoreNexus] BridgeAgent_11 başarıyla sisteme bağlandı ve denetim altına alındı.
2026-08-31 14:46:28,140 - TRMWatchdog - INFO - [trm_worker.py] [CoreNexus] BridgeAgent_12 başarıyla sisteme bağlandı ve denetim altına alındı.
2026-08-31 14:46:28,140 - TRMWatchdog - INFO - [trm_worker.py] [CoreNexus] BridgeAgent_13 başarıyla sisteme bağlandı ve denetim altına alındı.
2026-08-31 14:46:28,140 - TRMWatchdog - INFO - [trm_worker.py] [CoreNexus] BridgeAgent_14 başarıyla sisteme bağlandı ve denetim altına alındı.
2026-08-31 14:46:28,140 - TRMWatchdog - INFO - [trm_worker.py] [CoreNexus] BridgeAgent_15 başarıyla sisteme bağlandı ve denetim altına alındı.
2026-08-31 14:46:28,140 - TRMWatchdog - INFO - [trm_worker.py] [CoreNexus] Content_Generator_Agent başarıyla sisteme bağlandı ve denetim altına alındı.
2026-08-31 14:46:28,140 - TRMWatchdog - INFO - [trm_worker.py] [CoreNexus] QueueAgent başarıyla sisteme bağlandı ve denetim altına alındı.
2026-08-31 14:46:28,140 - TRMWatchdog - INFO - [trm_worker.py] [CoreNexus] PosterAgent başarıyla sisteme bağlandı ve denetim altına alındı.
2026-08-31 14:46:28,142 - TRMWatchdog - INFO - [trm_worker.py] [CoreNexus] SentinelAgent_01 başarıyla sisteme bağlandı ve denetim altına alındı.
2026-08-31 14:46:28,142 - TRMWatchdog - INFO - [trm_worker.py] [CoreNexus] SentinelAgent_02 başarıyla sisteme bağlandı ve denetim altına alındı.
2026-08-31 14:46:28,142 - TRMWatchdog - INFO - [trm_worker.py] [CoreNexus] SentinelAgent_03 başarıyla sisteme bağlandı ve denetim altına alındı.
2026-08-31 14:46:28,142 - TRMWatchdog - INFO - [trm_worker.py] [CoreNexus] SentinelAgent_04 başarıyla sisteme bağlandı ve denetim altına alındı.
2026-08-31 14:46:28,142 - TRMWatchdog - INFO - [trm_worker.py] [CoreNexus] SentinelAgent_05 başarıyla sisteme bağlandı ve denetim altına alındı.
2026-08-31 14:46:28,142 - TRMWatchdog - INFO - [trm_worker.py] [CoreNexus] SentinelAgent_06 başarıyla sisteme bağlandı ve denetim altına alındı.
2026-08-31 14:46:28,142 - TRMWatchdog - INFO - [trm_worker.py] [CoreNexus] SentinelAgent_07 başarıyla sisteme bağlandı ve denetim altına alındı.
2026-08-31 14:46:28,142 - TRMWatchdog - INFO - [trm_worker.py] [CoreNexus] SentinelAgent_08 başarıyla sisteme bağlandı ve denetim altına alındı.
2026-08-31 14:46:28,142 - TRMWatchdog - INFO - [trm_worker.py] [CoreNexus] SentinelAgent_09 başarıyla sisteme bağlandı ve denetim altına alındı.
2026-08-31 14:46:28,142 - TRMWatchdog - INFO - [trm_worker.py] [CoreNexus] SentinelAgent_10 başarıyla sisteme bağlandı ve denetim altına alındı.
2026-08-31 14:46:28,142 - TRMWatchdog - INFO - [trm_worker.py] [CoreNexus] HealthCheckAgent başarıyla sisteme bağlandı ve denetim altına alındı.
2026-08-31 14:46:28,142 - TRMWatchdog - INFO - [trm_worker.py] [Camouflage] Teknik Maskeleme Aktif: IP ve Cihaz İzleri Temizleniyor...
2026-08-31 14:46:28,142 - TRMWatchdog - INFO - [trm_worker.py] [AnalystAgent] Trend raporu kaydedildi: C:\Users\Habitat\Desktop\SOSYAL _İMECE\trend_raporlari.json
2026-08-31 14:46:28,142 - TRMWatchdog - INFO - [trm_worker.py] [CoreNexus] CamouflageAgent senkronize ediliyor...
2026-08-31 14:46:28,144 - TRMWatchdog - INFO - [trm_worker.py] [CoreNexus] AccountManagerAgent senkronize ediliyor...
2026-08-31 14:46:28,144 - TRMWatchdog - INFO - [trm_worker.py] [CoreNexus] MarketIntelAgent_01 senkronize ediliyor...
2026-08-31 14:46:28,144 - TRMWatchdog - INFO - [trm_worker.py] [CoreNexus] MarketIntelAgent_02 senkronize ediliyor...
2026-08-31 14:46:28,144 - TRMWatchdog - INFO - [trm_worker.py] [CoreNexus] MarketIntelAgent_03 senkronize ediliyor...
2026-08-31 14:46:28,144 - TRMWatchdog - INFO - [trm_worker.py] [CoreNexus] MarketIntelAgent_04 senkronize ediliyor...
2026-08-31 14:46:28,144 - TRMWatchdog - INFO - [trm_worker.py] [CoreNexus] MarketIntelAgent_05 senkronize ediliyor...
2026-08-31 14:46:28,144 - TRMWatchdog - INFO - [trm_worker.py] [CoreNexus] MarketIntelAgent_06 senkronize ediliyor...
2026-08-31 14:46:28,144 - TRMWatchdog - INFO - [trm_worker.py] [CoreNexus] MarketIntelAgent_07 senkronize ediliyor...
2026-08-31 14:46:28,146 - TRMWatchdog - INFO - [trm_worker.py] [CoreNexus] MarketIntelAgent_08 senkronize ediliyor...
2026-08-31 14:46:28,146 - TRMWatchdog - INFO - [trm_worker.py] [CoreNexus] MarketIntelAgent_09 senkronize ediliyor...
2026-08-31 14:46:28,146 - TRMWatchdog - INFO - [trm_worker.py] [CoreNexus] MarketIntelAgent_10 senkronize ediliyor...
2026-08-31 14:46:28,146 - TRMWatchdog - INFO - [trm_worker.py] [CoreNexus] BridgeAgent_01 senkronize ediliyor...
2026-08-31 14:46:28,146 - TRMWatchdog - INFO - [trm_worker.py] [CoreNexus] BridgeAgent_02 senkronize ediliyor...
2026-08-31 14:46:28,146 - TRMWatchdog - INFO - [trm_worker.py] [CoreNexus] BridgeAgent_03 senkronize ediliyor...
2026-08-31 14:46:28,146 - TRMWatchdog - INFO - [trm_worker.py] [CoreNexus] BridgeAgent_04 senkronize ediliyor...
2026-08-31 14:46:28,146 - TRMWatchdog - INFO - [trm_worker.py] [CoreNexus] BridgeAgent_05 senkronize ediliyor...
2026-08-31 14:46:28,146 - TRMWatchdog - INFO - [trm_worker.py] [CoreNexus] BridgeAgent_06 senkronize ediliyor...
2026-08-31 14:46:28,146 - TRMWatchdog - INFO - [trm_worker.py] [CoreNexus] BridgeAgent_07 senkronize ediliyor...
2026-08-31 14:46:28,146 - TRMWatchdog - INFO - [trm_worker.py] [CoreNexus] BridgeAgent_08 senkronize ediliyor...
2026-08-31 14:46:28,146 - TRMWatchdog - INFO - [trm_worker.py] [CoreNexus] BridgeAgent_09 senkronize ediliyor...
2026-08-31 14:46:28,146 - TRMWatchdog - INFO - [trm_worker.py] [CoreNexus] BridgeAgent_10 senkronize ediliyor...
2026-08-31 14:46:28,148 - TRMWatchdog - INFO - [trm_worker.py] [CoreNexus] BridgeAgent_11 senkronize ediliyor...
2026-08-31 14:46:28,148 - TRMWatchdog - INFO - [trm_worker.py] [CoreNexus] BridgeAgent_12 senkronize ediliyor...
2026-08-31 14:46:28,148 - TRMWatchdog - INFO - [trm_worker.py] [CoreNexus] BridgeAgent_13 senkronize ediliyor...
2026-08-31 14:46:28,148 - TRMWatchdog - INFO - [trm_worker.py] [CoreNexus] BridgeAgent_14 senkronize ediliyor...
2026-08-31 14:46:28,148 - TRMWatchdog - INFO - [trm_worker.py] [CoreNexus] BridgeAgent_15 senkronize ediliyor...
2026-08-31 14:46:28,148 - TRMWatchdog - INFO - [trm_worker.py] [CoreNexus] Content_Generator_Agent senkronize ediliyor...
2026-08-31 14:46:28,148 - TRMWatchdog - INFO - [trm_worker.py] [CoreNexus] QueueAgent senkronize ediliyor...
2026-08-31 14:46:28,148 - TRMWatchdog - INFO - [trm_worker.py] [CoreNexus] PosterAgent senkronize ediliyor...
2026-08-31 14:46:28,149 - TRMWatchdog - INFO - [trm_worker.py] 2026-08-31 14:46:28,093 [INFO] social_media_automation: 🔒 Maskelenmiş parmak izi: {'platform': 'Linux x86_64', 'screen_resolution': '2560x1440', 'accept_language': 'tr-TR,tr;q=0.9,en-US;q=0.8', 'webgl_vendor': 'Google Inc. (NVIDIA)', 'canvas_hash': '0x2472485'}
2026-08-31 14:46:28,152 - TRMWatchdog - INFO - [trm_worker.py] [CoreNexus] CamouflageAgent başarıyla sisteme bağlandı ve denetim altına alındı.
2026-08-31 14:46:28,152 - TRMWatchdog - INFO - [trm_worker.py] [CoreNexus] AccountManagerAgent başarıyla sisteme bağlandı ve denetim altına alındı.
2026-08-31 14:46:28,152 - TRMWatchdog - INFO - [trm_worker.py] [CoreNexus] MarketIntelAgent_01 başarıyla sisteme bağlandı ve denetim altına alındı.
2026-08-31 14:46:28,152 - TRMWatchdog - INFO - [trm_worker.py] [CoreNexus] MarketIntelAgent_02 başarıyla sisteme bağlandı ve denetim altına alındı.
2026-08-31 14:46:28,152 - TRMWatchdog - INFO - [trm_worker.py] [CoreNexus] MarketIntelAgent_03 başarıyla sisteme bağlandı ve denetim altına alındı.
2026-08-31 14:46:28,152 - TRMWatchdog - INFO - [trm_worker.py] [CoreNexus] MarketIntelAgent_04 başarıyla sisteme bağlandı ve denetim altına alındı.
2026-08-31 14:46:28,152 - TRMWatchdog - INFO - [trm_worker.py] [CoreNexus] MarketIntelAgent_05 başarıyla sisteme bağlandı ve denetim altına alındı.
2026-08-31 14:46:28,152 - TRMWatchdog - INFO - [trm_worker.py] [CoreNexus] MarketIntelAgent_06 başarıyla sisteme bağlandı ve denetim altına alındı.
2026-08-31 14:46:28,152 - TRMWatchdog - INFO - [trm_worker.py] [CoreNexus] MarketIntelAgent_07 başarıyla sisteme bağlandı ve denetim altına alındı.
2026-08-31 14:46:28,152 - TRMWatchdog - INFO - [trm_worker.py] [CoreNexus] MarketIntelAgent_08 başarıyla sisteme bağlandı ve denetim altına alındı.
2026-08-31 14:46:28,152 - TRMWatchdog - INFO - [trm_worker.py] [CoreNexus] MarketIntelAgent_09 başarıyla sisteme bağlandı ve denetim altına alındı.
2026-08-31 14:46:28,152 - TRMWatchdog - INFO - [trm_worker.py] [CoreNexus] MarketIntelAgent_10 başarıyla sisteme bağlandı ve denetim altına alındı.
2026-08-31 14:46:28,152 - TRMWatchdog - INFO - [trm_worker.py] [CoreNexus] BridgeAgent_01 başarıyla sisteme bağlandı ve denetim altına alındı.
2026-08-31 14:46:28,152 - TRMWatchdog - INFO - [trm_worker.py] [CoreNexus] BridgeAgent_02 başarıyla sisteme bağlandı ve denetim altına alındı.
2026-08-31 14:46:28,152 - TRMWatchdog - INFO - [trm_worker.py] [CoreNexus] BridgeAgent_03 başarıyla sisteme bağlandı ve denetim altına alındı.
2026-08-31 14:46:28,152 - TRMWatchdog - INFO - [trm_worker.py] [CoreNexus] BridgeAgent_04 başarıyla sisteme bağlandı ve denetim altına alındı.
2026-08-31 14:46:28,152 - TRMWatchdog - INFO - [trm_worker.py] [CoreNexus] BridgeAgent_05 başarıyla sisteme bağlandı ve denetim altına alındı.
2026-08-31 14:46:28,154 - TRMWatchdog - INFO - [trm_worker.py] [CoreNexus] BridgeAgent_06 başarıyla sisteme bağlandı ve denetim altına alındı.
2026-08-31 14:46:28,154 - TRMWatchdog - INFO - [trm_worker.py] [CoreNexus] BridgeAgent_07 başarıyla sisteme bağlandı ve denetim altına alındı.
2026-08-31 14:46:28,154 - TRMWatchdog - INFO - [trm_worker.py] [CoreNexus] BridgeAgent_08 başarıyla sisteme bağlandı ve denetim altına alındı.
2026-08-31 14:46:28,154 - TRMWatchdog - INFO - [trm_worker.py] [CoreNexus] BridgeAgent_09 başarıyla sisteme bağlandı ve denetim altına alındı.
2026-08-31 14:46:28,154 - TRMWatchdog - INFO - [trm_worker.py] [CoreNexus] BridgeAgent_10 başarıyla sisteme bağlandı ve denetim altına alındı.
2026-08-31 14:46:28,154 - TRMWatchdog - INFO - [trm_worker.py] [CoreNexus] BridgeAgent_11 başarıyla sisteme bağlandı ve denetim altına alındı.
2026-08-31 14:46:28,154 - TRMWatchdog - INFO - [trm_worker.py] [CoreNexus] BridgeAgent_12 başarıyla sisteme bağlandı ve denetim altına alındı.
2026-08-31 14:46:28,154 - TRMWatchdog - INFO - [trm_worker.py] [CoreNexus] BridgeAgent_13 başarıyla sisteme bağlandı ve denetim altına alındı.
2026-08-31 14:46:28,156 - TRMWatchdog - INFO - [trm_worker.py] [CoreNexus] BridgeAgent_14 başarıyla sisteme bağlandı ve denetim altına alındı.
2026-08-31 14:46:28,156 - TRMWatchdog - INFO - [trm_worker.py] [CoreNexus] BridgeAgent_15 başarıyla sisteme bağlandı ve denetim altına alındı.
2026-08-31 14:46:28,156 - TRMWatchdog - INFO - [trm_worker.py] [CoreNexus] Content_Generator_Agent başarıyla sisteme bağlandı ve denetim altına alındı.
2026-08-31 14:46:28,156 - TRMWatchdog - INFO - [trm_worker.py] [CoreNexus] QueueAgent başarıyla sisteme bağlandı ve denetim altına alındı.
2026-08-31 14:46:28,156 - TRMWatchdog - INFO - [trm_worker.py] [CoreNexus] PosterAgent başarıyla sisteme bağlandı ve denetim altına alındı.
2026-08-31 14:46:28,156 - TRMWatchdog - INFO - [trm_worker.py] [CoreNexus] SentinelAgent_01 başarıyla sisteme bağlandı ve denetim altına alındı.
2026-08-31 14:46:28,156 - TRMWatchdog - INFO - [trm_worker.py] [CoreNexus] SentinelAgent_02 başarıyla sisteme bağlandı ve denetim altına alındı.
2026-08-31 14:46:28,156 - TRMWatchdog - INFO - [trm_worker.py] [CoreNexus] SentinelAgent_03 başarıyla sisteme bağlandı ve denetim altına alındı.
2026-08-31 14:46:28,157 - TRMWatchdog - INFO - [trm_worker.py] [CoreNexus] SentinelAgent_04 başarıyla sisteme bağlandı ve denetim altına alındı.
2026-08-31 14:46:28,157 - TRMWatchdog - INFO - [trm_worker.py] [CoreNexus] SentinelAgent_05 başarıyla sisteme bağlandı ve denetim altına alındı.
2026-08-31 14:46:28,157 - TRMWatchdog - INFO - [trm_worker.py] [CoreNexus] SentinelAgent_06 başarıyla sisteme bağlandı ve denetim altına alındı.
2026-08-31 14:46:28,157 - TRMWatchdog - INFO - [trm_worker.py] [CoreNexus] SentinelAgent_07 başarıyla sisteme bağlandı ve denetim altına alındı.
2026-08-31 14:46:28,157 - TRMWatchdog - INFO - [trm_worker.py] [CoreNexus] SentinelAgent_08 başarıyla sisteme bağlandı ve denetim altına alındı.
2026-08-31 14:46:28,157 - TRMWatchdog - INFO - [trm_worker.py] [CoreNexus] SentinelAgent_09 başarıyla sisteme bağlandı ve denetim altına alındı.
2026-08-31 14:46:28,157 - TRMWatchdog - INFO - [trm_worker.py] [CoreNexus] SentinelAgent_10 başarıyla sisteme bağlandı ve denetim altına alındı.
2026-08-31 14:46:28,157 - TRMWatchdog - INFO - [trm_worker.py] [CoreNexus] HealthCheckAgent başarıyla sisteme bağlandı ve denetim altına alındı.
2026-08-31 14:46:28,157 - TRMWatchdog - INFO - [trm_worker.py] [Camouflage] Teknik Maskeleme Aktif: IP ve Cihaz İzleri Temizleniyor...
2026-08-31 14:46:28,157 - TRMWatchdog - INFO - [trm_worker.py] [AnalystAgent] Trend raporu kaydedildi: C:\Users\Habitat\Desktop\SOSYAL _İMECE\trend_raporlari.json
2026-08-31 14:46:28,157 - TRMWatchdog - INFO - [trm_worker.py] [CoreNexus] CamouflageAgent senkronize ediliyor...
2026-08-31 14:46:28,158 - TRMWatchdog - INFO - [trm_worker.py] [CoreNexus] AccountManagerAgent senkronize ediliyor...
2026-08-31 14:46:28,158 - TRMWatchdog - INFO - [trm_worker.py] [CoreNexus] MarketIntelAgent_01 senkronize ediliyor...
2026-08-31 14:46:28,158 - TRMWatchdog - INFO - [trm_worker.py] [CoreNexus] MarketIntelAgent_02 senkronize ediliyor...
2026-08-31 14:46:28,158 - TRMWatchdog - INFO - [trm_worker.py] [CoreNexus] MarketIntelAgent_03 senkronize ediliyor...
2026-08-31 14:46:28,158 - TRMWatchdog - INFO - [trm_worker.py] [CoreNexus] MarketIntelAgent_04 senkronize ediliyor...
2026-08-31 14:46:28,158 - TRMWatchdog - INFO - [trm_worker.py] [CoreNexus] MarketIntelAgent_05 senkronize ediliyor...
2026-08-31 14:46:28,158 - TRMWatchdog - INFO - [trm_worker.py] [CoreNexus] MarketIntelAgent_06 senkronize ediliyor...
2026-08-31 14:46:28,158 - TRMWatchdog - INFO - [trm_worker.py] [CoreNexus] MarketIntelAgent_07 senkronize ediliyor...
2026-08-31 14:46:28,158 - TRMWatchdog - INFO - [trm_worker.py] [CoreNexus] MarketIntelAgent_08 senkronize ediliyor...
2026-08-31 14:46:28,159 - TRMWatchdog - INFO - [trm_worker.py] [CoreNexus] MarketIntelAgent_09 senkronize ediliyor...
2026-08-31 14:46:28,159 - TRMWatchdog - INFO - [trm_worker.py] [CoreNexus] MarketIntelAgent_10 senkronize ediliyor...
2026-08-31 14:46:28,159 - TRMWatchdog - INFO - [trm_worker.py] [CoreNexus] BridgeAgent_01 senkronize ediliyor...
2026-08-31 14:46:28,159 - TRMWatchdog - INFO - [trm_worker.py] [CoreNexus] BridgeAgent_02 senkronize ediliyor...
2026-08-31 14:46:28,159 - TRMWatchdog - INFO - [trm_worker.py] [CoreNexus] BridgeAgent_03 senkronize ediliyor...
2026-08-31 14:46:28,159 - TRMWatchdog - INFO - [trm_worker.py] [CoreNexus] BridgeAgent_04 senkronize ediliyor...
2026-08-31 14:46:28,159 - TRMWatchdog - INFO - [trm_worker.py] [CoreNexus] BridgeAgent_05 senkronize ediliyor...
2026-08-31 14:46:28,159 - TRMWatchdog - INFO - [trm_worker.py] [CoreNexus] BridgeAgent_06 senkronize ediliyor...
2026-08-31 14:46:28,159 - TRMWatchdog - INFO - [trm_worker.py] [CoreNexus] BridgeAgent_07 senkronize ediliyor...
2026-08-31 14:46:28,160 - TRMWatchdog - INFO - [trm_worker.py] [CoreNexus] BridgeAgent_08 senkronize ediliyor...
2026-08-31 14:46:28,160 - TRMWatchdog - INFO - [trm_worker.py] [CoreNexus] BridgeAgent_09 senkronize ediliyor...
2026-08-31 14:46:28,160 - TRMWatchdog - INFO - [trm_worker.py] [CoreNexus] BridgeAgent_10 senkronize ediliyor...
2026-08-31 14:46:28,160 - TRMWatchdog - INFO - [trm_worker.py] [CoreNexus] BridgeAgent_11 senkronize ediliyor...
2026-08-31 14:46:28,160 - TRMWatchdog - INFO - [trm_worker.py] [CoreNexus] BridgeAgent_12 senkronize ediliyor...
2026-08-31 14:46:28,161 - TRMWatchdog - INFO - [trm_worker.py] [CoreNexus] BridgeAgent_13 senkronize ediliyor...
2026-08-31 14:46:28,161 - TRMWatchdog - INFO - [trm_worker.py] [CoreNexus] BridgeAgent_14 senkronize ediliyor...
2026-08-31 14:46:28,161 - TRMWatchdog - INFO - [trm_worker.py] [CoreNexus] BridgeAgent_15 senkronize ediliyor...
2026-08-31 14:46:28,161 - TRMWatchdog - INFO - [trm_worker.py] [CoreNexus] Content_Generator_Agent senkronize ediliyor...
2026-08-31 14:46:28,161 - TRMWatchdog - INFO - [trm_worker.py] [CoreNexus] QueueAgent senkronize ediliyor...
2026-08-31 14:46:28,161 - TRMWatchdog - INFO - [trm_worker.py] [CoreNexus] PosterAgent senkronize ediliyor...
2026-08-31 14:46:28,161 - TRMWatchdog - INFO - [trm_worker.py] 2026-08-31 14:46:28,093 [INFO] social_media_automation: 🔒 Maskelenmiş parmak izi: {'platform': 'Linux x86_64', 'screen_resolution': '2560x1440', 'accept_language': 'tr-TR,tr;q=0.9,en-US;q=0.8', 'webgl_vendor': 'Google Inc. (NVIDIA)', 'canvas_hash': '0x2472485'}
2026-08-31 14:46:28,169 - TRMWatchdog - INFO - [trm_worker.py] [CoreNexus] CamouflageAgent başarıyla sisteme bağlandı ve denetim altına alındı.
2026-08-31 14:46:28,169 - TRMWatchdog - INFO - [trm_worker.py] [CoreNexus] AccountManagerAgent başarıyla sisteme bağlandı ve denetim altına alındı.
2026-08-31 14:46:28,169 - TRMWatchdog - INFO - [trm_worker.py] [CoreNexus] MarketIntelAgent_01 başarıyla sisteme bağlandı ve denetim altına alındı.
2026-08-31 14:46:28,169 - TRMWatchdog - INFO - [trm_worker.py] [CoreNexus] MarketIntelAgent_02 başarıyla sisteme bağlandı ve denetim altına alındı.
2026-08-31 14:46:28,169 - TRMWatchdog - INFO - [trm_worker.py] [CoreNexus] MarketIntelAgent_03 başarıyla sisteme bağlandı ve denetim altına alındı.
2026-08-31 14:46:28,169 - TRMWatchdog - INFO - [trm_worker.py] [CoreNexus] MarketIntelAgent_04 başarıyla sisteme bağlandı ve denetim altına alındı.
2026-08-31 14:46:28,169 - TRMWatchdog - INFO - [trm_worker.py] [CoreNexus] MarketIntelAgent_05 başarıyla sisteme bağlandı ve denetim altına alındı.
2026-08-31 14:46:28,171 - TRMWatchdog - INFO - [trm_worker.py] [CoreNexus] MarketIntelAgent_06 başarıyla sisteme bağlandı ve denetim altına alındı.
2026-08-31 14:46:28,171 - TRMWatchdog - INFO - [trm_worker.py] [CoreNexus] MarketIntelAgent_07 başarıyla sisteme bağlandı ve denetim altına alındı.
2026-08-31 14:46:28,171 - TRMWatchdog - INFO - [trm_worker.py] [CoreNexus] MarketIntelAgent_08 başarıyla sisteme bağlandı ve denetim altına alındı.
2026-08-31 14:46:28,171 - TRMWatchdog - INFO - [trm_worker.py] [CoreNexus] MarketIntelAgent_09 başarıyla sisteme bağlandı ve denetim altına alındı.
2026-08-31 14:46:28,171 - TRMWatchdog - INFO - [trm_worker.py] [CoreNexus] MarketIntelAgent_10 başarıyla sisteme bağlandı ve denetim altına alındı.
2026-08-31 14:46:28,171 - TRMWatchdog - INFO - [trm_worker.py] [CoreNexus] BridgeAgent_01 başarıyla sisteme bağlandı ve denetim altına alındı.
2026-08-31 14:46:28,172 - TRMWatchdog - INFO - [trm_worker.py] [CoreNexus] BridgeAgent_02 başarıyla sisteme bağlandı ve denetim altına alındı.
2026-08-31 14:46:28,172 - TRMWatchdog - INFO - [trm_worker.py] [CoreNexus] BridgeAgent_03 başarıyla sisteme bağlandı ve denetim altına alındı.
2026-08-31 14:46:28,172 - TRMWatchdog - INFO - [trm_worker.py] [CoreNexus] BridgeAgent_04 başarıyla sisteme bağlandı ve denetim altına alındı.
2026-08-31 14:46:28,172 - TRMWatchdog - INFO - [trm_worker.py] [CoreNexus] BridgeAgent_05 başarıyla sisteme bağlandı ve denetim altına alındı.
2026-08-31 14:46:28,172 - TRMWatchdog - INFO - [trm_worker.py] [CoreNexus] BridgeAgent_06 başarıyla sisteme bağlandı ve denetim altına alındı.
2026-08-31 14:46:28,172 - TRMWatchdog - INFO - [trm_worker.py] [CoreNexus] BridgeAgent_07 başarıyla sisteme bağlandı ve denetim altına alındı.
2026-08-31 14:46:28,173 - TRMWatchdog - INFO - [trm_worker.py] [CoreNexus] BridgeAgent_08 başarıyla sisteme bağlandı ve denetim altına alındı.
2026-08-31 14:46:28,173 - TRMWatchdog - INFO - [trm_worker.py] [CoreNexus] BridgeAgent_09 başarıyla sisteme bağlandı ve denetim altına alındı.
2026-08-31 14:46:28,173 - TRMWatchdog - INFO - [trm_worker.py] [CoreNexus] BridgeAgent_10 başarıyla sisteme bağlandı ve denetim altına alındı.
2026-08-31 14:46:28,173 - TRMWatchdog - INFO - [trm_worker.py] [CoreNexus] BridgeAgent_11 başarıyla sisteme bağlandı ve denetim altına alındı.
2026-08-31 14:46:28,173 - TRMWatchdog - INFO - [trm_worker.py] [CoreNexus] BridgeAgent_12 başarıyla sisteme bağlandı ve denetim altına alındı.
2026-08-31 14:46:28,173 - TRMWatchdog - INFO - [trm_worker.py] [CoreNexus] BridgeAgent_13 başarıyla sisteme bağlandı ve denetim altına alındı.
2026-08-31 14:46:28,173 - TRMWatchdog - INFO - [trm_worker.py] [CoreNexus] BridgeAgent_14 başarıyla sisteme bağlandı ve denetim altına alındı.
2026-08-31 14:46:28,173 - TRMWatchdog - INFO - [trm_worker.py] [CoreNexus] BridgeAgent_15 başarıyla sisteme bağlandı ve denetim altına alındı.
2026-08-31 14:46:28,173 - TRMWatchdog - INFO - [trm_worker.py] [CoreNexus] Content_Generator_Agent başarıyla sisteme bağlandı ve denetim altına alındı.
2026-08-31 14:46:28,173 - TRMWatchdog - INFO - [trm_worker.py] [CoreNexus] QueueAgent başarıyla sisteme bağlandı ve denetim altına alındı.
2026-08-31 14:46:28,173 - TRMWatchdog - INFO - [trm_worker.py] [CoreNexus] PosterAgent başarıyla sisteme bağlandı ve denetim altına alındı.
2026-08-31 14:46:28,173 - TRMWatchdog - INFO - [trm_worker.py] [CoreNexus] SentinelAgent_01 başarıyla sisteme bağlandı ve denetim altına alındı.
2026-08-31 14:46:28,173 - TRMWatchdog - INFO - [trm_worker.py] [CoreNexus] SentinelAgent_02 başarıyla sisteme bağlandı ve denetim altına alındı.
2026-08-31 14:46:28,173 - TRMWatchdog - INFO - [trm_worker.py] [CoreNexus] SentinelAgent_03 başarıyla sisteme bağlandı ve denetim altına alındı.
2026-08-31 14:46:28,173 - TRMWatchdog - INFO - [trm_worker.py] [CoreNexus] SentinelAgent_04 başarıyla sisteme bağlandı ve denetim altına alındı.
2026-08-31 14:46:28,176 - TRMWatchdog - INFO - [trm_worker.py] [CoreNexus] SentinelAgent_05 başarıyla sisteme bağlandı ve denetim altına alındı.
2026-08-31 14:46:28,176 - TRMWatchdog - INFO - [trm_worker.py] [CoreNexus] SentinelAgent_06 başarıyla sisteme bağlandı ve denetim altına alındı.
2026-08-31 14:46:28,176 - TRMWatchdog - INFO - [trm_worker.py] [CoreNexus] SentinelAgent_07 başarıyla sisteme bağlandı ve denetim altına alındı.
2026-08-31 14:46:28,176 - TRMWatchdog - INFO - [trm_worker.py] [CoreNexus] SentinelAgent_08 başarıyla sisteme bağlandı ve denetim altına alındı.
2026-08-31 14:46:28,176 - TRMWatchdog - INFO - [trm_worker.py] [CoreNexus] SentinelAgent_09 başarıyla sisteme bağlandı ve denetim altına alındı.
2026-08-31 14:46:28,176 - TRMWatchdog - INFO - [trm_worker.py] [CoreNexus] SentinelAgent_10 başarıyla sisteme bağlandı ve denetim altına alındı.
2026-08-31 14:46:28,176 - TRMWatchdog - INFO - [trm_worker.py] [CoreNexus] HealthCheckAgent başarıyla sisteme bağlandı ve denetim altına alındı.
2026-08-31 14:46:28,176 - TRMWatchdog - INFO - [trm_worker.py] [Camouflage] Teknik Maskeleme Aktif: IP ve Cihaz İzleri Temizleniyor...
2026-08-31 14:46:28,177 - TRMWatchdog - INFO - [trm_worker.py] [AnalystAgent] Trend raporu kaydedildi: C:\Users\Habitat\Desktop\SOSYAL _İMECE\trend_raporlari.json
2026-08-31 14:46:28,177 - TRMWatchdog - INFO - [trm_worker.py] [CoreNexus] CamouflageAgent senkronize ediliyor...
2026-08-31 14:46:28,177 - TRMWatchdog - INFO - [trm_worker.py] [CoreNexus] AccountManagerAgent senkronize ediliyor...
2026-08-31 14:46:28,177 - TRMWatchdog - INFO - [trm_worker.py] [CoreNexus] MarketIntelAgent_01 senkronize ediliyor...
2026-08-31 14:46:28,177 - TRMWatchdog - INFO - [trm_worker.py] [CoreNexus] MarketIntelAgent_02 senkronize ediliyor...
2026-08-31 14:46:28,177 - TRMWatchdog - INFO - [trm_worker.py] [CoreNexus] MarketIntelAgent_03 senkronize ediliyor...
2026-08-31 14:46:28,177 - TRMWatchdog - INFO - [trm_worker.py] [CoreNexus] MarketIntelAgent_04 senkronize ediliyor...
2026-08-31 14:46:28,177 - TRMWatchdog - INFO - [trm_worker.py] [CoreNexus] MarketIntelAgent_05 senkronize ediliyor...
2026-08-31 14:46:28,177 - TRMWatchdog - INFO - [trm_worker.py] [CoreNexus] MarketIntelAgent_06 senkronize ediliyor...
2026-08-31 14:46:28,178 - TRMWatchdog - INFO - [trm_worker.py] [CoreNexus] MarketIntelAgent_07 senkronize ediliyor...
2026-08-31 14:46:28,178 - TRMWatchdog - INFO - [trm_worker.py] [CoreNexus] MarketIntelAgent_08 senkronize ediliyor...
2026-08-31 14:46:28,178 - TRMWatchdog - INFO - [trm_worker.py] [CoreNexus] MarketIntelAgent_09 senkronize ediliyor...
2026-08-31 14:46:28,178 - TRMWatchdog - INFO - [trm_worker.py] [CoreNexus] MarketIntelAgent_10 senkronize ediliyor...
2026-08-31 14:46:28,178 - TRMWatchdog - INFO - [trm_worker.py] [CoreNexus] BridgeAgent_01 senkronize ediliyor...
2026-08-31 14:46:28,178 - TRMWatchdog - INFO - [trm_worker.py] [CoreNexus] BridgeAgent_02 senkronize ediliyor...
2026-08-31 14:46:28,178 - TRMWatchdog - INFO - [trm_worker.py] [CoreNexus] BridgeAgent_03 senkronize ediliyor...
2026-08-31 14:46:28,178 - TRMWatchdog - INFO - [trm_worker.py] [CoreNexus] BridgeAgent_04 senkronize ediliyor...
2026-08-31 14:46:28,178 - TRMWatchdog - INFO - [trm_worker.py] [CoreNexus] BridgeAgent_05 senkronize ediliyor...
2026-08-31 14:46:28,178 - TRMWatchdog - INFO - [trm_worker.py] [CoreNexus] BridgeAgent_06 senkronize ediliyor...
2026-08-31 14:46:28,178 - TRMWatchdog - INFO - [trm_worker.py] [CoreNexus] BridgeAgent_07 senkronize ediliyor...
2026-08-31 14:46:28,178 - TRMWatchdog - INFO - [trm_worker.py] [CoreNexus] BridgeAgent_08 senkronize ediliyor...
2026-08-31 14:46:28,180 - TRMWatchdog - INFO - [trm_worker.py] [CoreNexus] BridgeAgent_09 senkronize ediliyor...
2026-08-31 14:46:28,180 - TRMWatchdog - INFO - [trm_worker.py] [CoreNexus] BridgeAgent_10 senkronize ediliyor...
2026-08-31 14:46:28,180 - TRMWatchdog - INFO - [trm_worker.py] [CoreNexus] BridgeAgent_11 senkronize ediliyor...
2026-08-31 14:46:28,180 - TRMWatchdog - INFO - [trm_worker.py] [CoreNexus] BridgeAgent_12 senkronize ediliyor...
2026-08-31 14:46:28,180 - TRMWatchdog - INFO - [trm_worker.py] [CoreNexus] BridgeAgent_13 senkronize ediliyor...
2026-08-31 14:46:28,180 - TRMWatchdog - INFO - [trm_worker.py] [CoreNexus] BridgeAgent_14 senkronize ediliyor...
2026-08-31 14:46:28,180 - TRMWatchdog - INFO - [trm_worker.py] [CoreNexus] BridgeAgent_15 senkronize ediliyor...
2026-08-31 14:46:28,180 - TRMWatchdog - INFO - [trm_worker.py] [CoreNexus] Content_Generator_Agent senkronize ediliyor...
2026-08-31 14:46:28,181 - TRMWatchdog - INFO - [trm_worker.py] [CoreNexus] QueueAgent senkronize ediliyor...
2026-08-31 14:46:28,181 - TRMWatchdog - INFO - [trm_worker.py] [CoreNexus] PosterAgent senkronize ediliyor...
2026-08-31 14:46:28,181 - TRMWatchdog - INFO - [trm_worker.py] 2026-08-31 14:46:28,093 [INFO] social_media_automation: 🔒 Maskelenmiş parmak izi: {'platform': 'Linux x86_64', 'screen_resolution': '2560x1440', 'accept_language': 'tr-TR,tr;q=0.9,en-US;q=0.8', 'webgl_vendor': 'Google Inc. (NVIDIA)', 'canvas_hash': '0x2472485'}
2026-08-31 14:46:36,100 - TRMWatchdog - INFO - [trm_worker.py] 2026-08-31 14:46:36,096 [INFO] social_media_automation: ⏱️ Chaos jitter bekleme süresi: 8.00s
2026-08-31 14:46:36,140 - TRMWatchdog - INFO - [trm_worker.py] 2026-08-31 14:46:36,096 [INFO] social_media_automation: ⏱️ Chaos jitter bekleme süresi: 8.00s
2026-08-31 14:46:36,187 - TRMWatchdog - INFO - [trm_worker.py] 2026-08-31 14:46:36,096 [INFO] social_media_automation: ⏱️ Chaos jitter bekleme süresi: 8.00s
2026-08-31 14:46:36,503 - TRMWatchdog - WARNING - Kritik süreç durdu: python orchestrator_api.py - yeniden başlatılıyor...
2026-08-31 14:46:36,503 - TRMWatchdog - INFO - [trm_worker.py] 2026-08-31 14:46:36,442 [WARNING] social_media_automation: ⚠️ Deneme 1/3 basarisiz: 400 Client Error: Bad Request for url: https://graph.instagram.com/v19.0//media?image_url=&caption=Kozmetik+Cilt+Bakim+Seti+i%C3%A7in+alarm+verildi.%0AFiyat%3A+499.50+TL%0AKomisyon%3A+%2535.0+%7C+Tahmini+kazan%C3%A7%3A+174.82+TL%0ABu+%C3%BCr%C3%BCn+%C5%9Fu+an+payla%C5%9F%C4%B1lmazsa+f%C4%B1rsat+ka%C3%A7abilir.+Hemen+linke+y%C3%B6nlendir.%0A%0A%23trendurun+%23yuksekkomisyon+%23satisfirsati+%23hemenincele+%23eticaret%0A%0Ahttps%3A%2F%2Fwww.trendyol.com%2Fkozmetik%2Fcilt-bakim%2Fcilt-bakim-seti&access_token=. 2.0s bekleniyor...
2026-08-31 14:46:36,503 - TRMWatchdog - INFO - [trm_worker.py] 2026-08-31 14:46:36,442 [WARNING] social_media_automation: ⚠️ Deneme 1/3 basarisiz: 400 Client Error: Bad Request for url: https://graph.instagram.com/v19.0//media?image_url=&caption=Kozmetik+Cilt+Bakim+Seti+i%C3%A7in+alarm+verildi.%0AFiyat%3A+499.50+TL%0AKomisyon%3A+%2535.0+%7C+Tahmini+kazan%C3%A7%3A+174.82+TL%0ABu+%C3%BCr%C3%BCn+%C5%9Fu+an+payla%C5%9F%C4%B1lmazsa+f%C4%B1rsat+ka%C3%A7abilir.+Hemen+linke+y%C3%B6nlendir.%0A%0A%23trendurun+%23yuksekkomisyon+%23satisfirsati+%23hemenincele+%23eticaret%0A%0Ahttps%3A%2F%2Fwww.trendyol.com%2Fkozmetik%2Fcilt-bakim%2Fcilt-bakim-seti&access_token=. 2.0s bekleniyor...
2026-08-31 14:46:36,526 - TRMWatchdog - INFO - Process python log dosyası: orchestrator_api.log
2026-08-31 14:46:36,530 - TRMWatchdog - INFO - Process python başlatıldı. Çıktıları orchestrator_api.log dosyasına ve konsola yazılıyor.
2026-08-31 14:46:36,531 - TRMWatchdog - INFO - Process python başarıyla yeniden başlatıldı (PID: 11356, deneme 3)
2026-08-31 14:46:36,543 - TRMWatchdog - INFO - [trm_worker.py] 2026-08-31 14:46:36,442 [WARNING] social_media_automation: ⚠️ Deneme 1/3 basarisiz: 400 Client Error: Bad Request for url: https://graph.instagram.com/v19.0//media?image_url=&caption=Kozmetik+Cilt+Bakim+Seti+i%C3%A7in+alarm+verildi.%0AFiyat%3A+499.50+TL%0AKomisyon%3A+%2535.0+%7C+Tahmini+kazan%C3%A7%3A+174.82+TL%0ABu+%C3%BCr%C3%BCn+%C5%9Fu+an+payla%C5%9F%C4%B1lmazsa+f%C4%B1rsat+ka%C3%A7abilir.+Hemen+linke+y%C3%B6nlendir.%0A%0A%23trendurun+%23yuksekkomisyon+%23satisfirsati+%23hemenincele+%23eticaret%0A%0Ahttps%3A%2F%2Fwww.trendyol.com%2Fkozmetik%2Fcilt-bakim%2Fcilt-bakim-seti&access_token=. 2.0s bekleniyor...
2026-08-31 14:46:38,874 - TRMWatchdog - INFO - [trm_worker.py] 2026-08-31 14:46:38,862 [WARNING] social_media_automation: ⚠️ Deneme 2/3 basarisiz: 400 Client Error: Bad Request for url: https://graph.instagram.com/v19.0//media?image_url=&caption=Kozmetik+Cilt+Bakim+Seti+i%C3%A7in+alarm+verildi.%0AFiyat%3A+499.50+TL%0AKomisyon%3A+%2535.0+%7C+Tahmini+kazan%C3%A7%3A+174.82+TL%0ABu+%C3%BCr%C3%BCn+%C5%9Fu+an+payla%C5%9F%C4%B1lmazsa+f%C4%B1rsat+ka%C3%A7abilir.+Hemen+linke+y%C3%B6nlendir.%0A%0A%23trendurun+%23yuksekkomisyon+%23satisfirsati+%23hemenincele+%23eticaret%0A%0Ahttps%3A%2F%2Fwww.trendyol.com%2Fkozmetik%2Fcilt-bakim%2Fcilt-bakim-seti&access_token=. 4.3s bekleniyor...
2026-08-31 14:46:38,940 - TRMWatchdog - INFO - [trm_worker.py] 2026-08-31 14:46:38,862 [WARNING] social_media_automation: ⚠️ Deneme 2/3 basarisiz: 400 Client Error: Bad Request for url: https://graph.instagram.com/v19.0//media?image_url=&caption=Kozmetik+Cilt+Bakim+Seti+i%C3%A7in+alarm+verildi.%0AFiyat%3A+499.50+TL%0AKomisyon%3A+%2535.0+%7C+Tahmini+kazan%C3%A7%3A+174.82+TL%0ABu+%C3%BCr%C3%BCn+%C5%9Fu+an+payla%C5%9F%C4%B1lmazsa+f%C4%B1rsat+ka%C3%A7abilir.+Hemen+linke+y%C3%B6nlendir.%0A%0A%23trendurun+%23yuksekkomisyon+%23satisfirsati+%23hemenincele+%23eticaret%0A%0Ahttps%3A%2F%2Fwww.trendyol.com%2Fkozmetik%2Fcilt-bakim%2Fcilt-bakim-seti&access_token=. 4.3s bekleniyor...
2026-08-31 14:46:38,940 - TRMWatchdog - INFO - [trm_worker.py] 2026-08-31 14:46:38,862 [WARNING] social_media_automation: ⚠️ Deneme 2/3 basarisiz: 400 Client Error: Bad Request for url: https://graph.instagram.com/v19.0//media?image_url=&caption=Kozmetik+Cilt+Bakim+Seti+i%C3%A7in+alarm+verildi.%0AFiyat%3A+499.50+TL%0AKomisyon%3A+%2535.0+%7C+Tahmini+kazan%C3%A7%3A+174.82+TL%0ABu+%C3%BCr%C3%BCn+%C5%9Fu+an+payla%C5%9F%C4%B1lmazsa+f%C4%B1rsat+ka%C3%A7abilir.+Hemen+linke+y%C3%B6nlendir.%0A%0A%23trendurun+%23yuksekkomisyon+%23satisfirsati+%23hemenincele+%23eticaret%0A%0Ahttps%3A%2F%2Fwww.trendyol.com%2Fkozmetik%2Fcilt-bakim%2Fcilt-bakim-seti&access_token=. 4.3s bekleniyor...
2026-08-31 14:46:43,564 - TRMWatchdog - INFO - [trm_worker.py] 2026-08-31 14:46:43,505 [ERROR] social_media_automation: ❌ Instagram hata: 400 Client Error: Bad Request for url: https://graph.instagram.com/v19.0//media?image_url=&caption=Kozmetik+Cilt+Bakim+Seti+i%C3%A7in+alarm+verildi.%0AFiyat%3A+499.50+TL%0AKomisyon%3A+%2535.0+%7C+Tahmini+kazan%C3%A7%3A+174.82+TL%0ABu+%C3%BCr%C3%BCn+%C5%9Fu+an+payla%C5%9F%C4%B1lmazsa+f%C4%B1rsat+ka%C3%A7abilir.+Hemen+linke+y%C3%B6nlendir.%0A%0A%23trendurun+%23yuksekkomisyon+%23satisfirsati+%23hemenincele+%23eticaret%0A%0Ahttps%3A%2F%2Fwww.trendyol.com%2Fkozmetik%2Fcilt-bakim%2Fcilt-bakim-seti&access_token=
2026-08-31 14:46:43,564 - TRMWatchdog - INFO - [trm_worker.py] 2026-08-31 14:46:43,505 [ERROR] social_media_automation: ❌ Instagram hata: 400 Client Error: Bad Request for url: https://graph.instagram.com/v19.0//media?image_url=&caption=Kozmetik+Cilt+Bakim+Seti+i%C3%A7in+alarm+verildi.%0AFiyat%3A+499.50+TL%0AKomisyon%3A+%2535.0+%7C+Tahmini+kazan%C3%A7%3A+174.82+TL%0ABu+%C3%BCr%C3%BCn+%C5%9Fu+an+payla%C5%9F%C4%B1lmazsa+f%C4%B1rsat+ka%C3%A7abilir.+Hemen+linke+y%C3%B6nlendir.%0A%0A%23trendurun+%23yuksekkomisyon+%23satisfirsati+%23hemenincele+%23eticaret%0A%0Ahttps%3A%2F%2Fwww.trendyol.com%2Fkozmetik%2Fcilt-bakim%2Fcilt-bakim-seti&access_token=
2026-08-31 14:46:43,564 - TRMWatchdog - INFO - [trm_worker.py] 2026-08-31 14:46:43,505 [INFO] social_media_automation: 🔒 Maskelenmiş parmak izi: {'platform': 'Linux x86_64', 'screen_resolution': '2560x1440', 'accept_language': 'tr-TR,tr;q=0.9,en-US;q=0.8', 'webgl_vendor': 'Google Inc. (NVIDIA)', 'canvas_hash': '0x2472485'}
2026-08-31 14:46:43,564 - TRMWatchdog - INFO - [trm_worker.py] 2026-08-31 14:46:43,505 [INFO] social_media_automation: 🔒 Maskelenmiş parmak izi: {'platform': 'Linux x86_64', 'screen_resolution': '2560x1440', 'accept_language': 'tr-TR,tr;q=0.9,en-US;q=0.8', 'webgl_vendor': 'Google Inc. (NVIDIA)', 'canvas_hash': '0x2472485'}
2026-08-31 14:46:43,596 - TRMWatchdog - INFO - [trm_worker.py] 2026-08-31 14:46:43,505 [ERROR] social_media_automation: ❌ Instagram hata: 400 Client Error: Bad Request for url: https://graph.instagram.com/v19.0//media?image_url=&caption=Kozmetik+Cilt+Bakim+Seti+i%C3%A7in+alarm+verildi.%0AFiyat%3A+499.50+TL%0AKomisyon%3A+%2535.0+%7C+Tahmini+kazan%C3%A7%3A+174.82+TL%0ABu+%C3%BCr%C3%BCn+%C5%9Fu+an+payla%C5%9F%C4%B1lmazsa+f%C4%B1rsat+ka%C3%A7abilir.+Hemen+linke+y%C3%B6nlendir.%0A%0A%23trendurun+%23yuksekkomisyon+%23satisfirsati+%23hemenincele+%23eticaret%0A%0Ahttps%3A%2F%2Fwww.trendyol.com%2Fkozmetik%2Fcilt-bakim%2Fcilt-bakim-seti&access_token=
2026-08-31 14:46:43,596 - TRMWatchdog - INFO - [trm_worker.py] 2026-08-31 14:46:43,505 [INFO] social_media_automation: 🔒 Maskelenmiş parmak izi: {'platform': 'Linux x86_64', 'screen_resolution': '2560x1440', 'accept_language': 'tr-TR,tr;q=0.9,en-US;q=0.8', 'webgl_vendor': 'Google Inc. (NVIDIA)', 'canvas_hash': '0x2472485'}
2026-08-31 14:46:46,611 - TRMWatchdog - INFO - python trm_worker.py run: DURDU - PID: None - TRM Worker Servisi
2026-08-31 14:46:46,611 - TRMWatchdog - INFO - python orchestrator_api.py: DURDU - PID: None - Orchestrator API Servisi
2026-08-31 14:46:46,611 - TRMWatchdog - INFO - streamlit run app.py: DURDU - PID: None - Streamlit Dashboard
2026-08-31 14:46:50,218 - TRMWatchdog - INFO - [trm_worker.py] 2026-08-31 14:46:50,149 [INFO] social_media_automation: ⏱️ Chaos jitter bekleme süresi: 6.64s
2026-08-31 14:46:50,218 - TRMWatchdog - INFO - [trm_worker.py] 2026-08-31 14:46:50,149 [ERROR] social_media_automation: CALISMA MODU: LIVE | Facebook token eksik — guvenli dur
2026-08-31 14:46:50,228 - TRMWatchdog - INFO - [trm_worker.py] 2026-08-31 14:46:50,149 [INFO] social_media_automation: ⏱️ Chaos jitter bekleme süresi: 6.64s
2026-08-31 14:46:50,228 - TRMWatchdog - INFO - [trm_worker.py] 2026-08-31 14:46:50,149 [ERROR] social_media_automation: CALISMA MODU: LIVE | Facebook token eksik — guvenli dur
2026-08-31 14:46:50,233 - TRMWatchdog - INFO - [trm_worker.py] 2026-08-31 14:46:50,149 [INFO] social_media_automation: ⏱️ Chaos jitter bekleme süresi: 6.64s
2026-08-31 14:46:50,233 - TRMWatchdog - INFO - [trm_worker.py] 2026-08-31 14:46:50,149 [ERROR] social_media_automation: CALISMA MODU: LIVE | Facebook token eksik — guvenli dur
2026-08-31 14:46:50,319 - TRMWatchdog - INFO - [trm_worker.py] [CoreNexus] SentinelAgent_01 senkronize ediliyor...
2026-08-31 14:46:50,319 - TRMWatchdog - INFO - [trm_worker.py] [CoreNexus] SentinelAgent_02 senkronize ediliyor...
2026-08-31 14:46:50,319 - TRMWatchdog - INFO - [trm_worker.py] [CoreNexus] SentinelAgent_03 senkronize ediliyor...
2026-08-31 14:46:50,319 - TRMWatchdog - INFO - [trm_worker.py] [CoreNexus] SentinelAgent_04 senkronize ediliyor...
2026-08-31 14:46:50,319 - TRMWatchdog - INFO - [trm_worker.py] [CoreNexus] SentinelAgent_05 senkronize ediliyor...
2026-08-31 14:46:50,320 - TRMWatchdog - INFO - [trm_worker.py] [CoreNexus] SentinelAgent_06 senkronize ediliyor...
2026-08-31 14:46:50,320 - TRMWatchdog - INFO - [trm_worker.py] [CoreNexus] SentinelAgent_07 senkronize ediliyor...
2026-08-31 14:46:50,320 - TRMWatchdog - INFO - [trm_worker.py] [CoreNexus] SentinelAgent_08 senkronize ediliyor...
2026-08-31 14:46:50,321 - TRMWatchdog - INFO - [trm_worker.py] [CoreNexus] SentinelAgent_09 senkronize ediliyor...
2026-08-31 14:46:50,321 - TRMWatchdog - INFO - [trm_worker.py] [CoreNexus] SentinelAgent_10 senkronize ediliyor...
2026-08-31 14:46:50,321 - TRMWatchdog - INFO - [trm_worker.py] [CoreNexus] HealthCheckAgent senkronize ediliyor...
2026-08-31 14:46:50,321 - TRMWatchdog - INFO - [trm_worker.py] 2026-08-31 14:46:50,305 [INFO] TRMWorker: Nabiz atisi kaydedildi: {'worker_state': 'alive', 'cycle_started_at': '2026-08-31 14:46:28', 'last_cycle_at': '2026-08-31 14:46:50', 'last_mode': 'full_cycle', 'queue_summary': {'queued': 3, 'posted': 0, 'pending_retry': 0}, 'active_agents': ['CamouflageAgent', 'AccountManagerAgent', 'MarketIntelAgent_01', 'MarketIntelAgent_02', 'MarketIntelAgent_03', 'MarketIntelAgent_04', 'MarketIntelAgent_05', 'MarketIntelAgent_06', 'MarketIntelAgent_07', 'MarketIntelAgent_08', 'MarketIntelAgent_09', 'MarketIntelAgent_10', 'BridgeAgent_01', 'BridgeAgent_02', 'BridgeAgent_03', 'BridgeAgent_04', 'BridgeAgent_05', 'BridgeAgent_06', 'BridgeAgent_07', 'BridgeAgent_08', 'BridgeAgent_09', 'BridgeAgent_10', 'BridgeAgent_11', 'BridgeAgent_12', 'BridgeAgent_13', 'BridgeAgent_14', 'BridgeAgent_15', 'Content_Generator_Agent', 'QueueAgent', 'PosterAgent', 'SentinelAgent_01', 'SentinelAgent_02', 'SentinelAgent_03', 'SentinelAgent_04', 'SentinelAgent_05', 'SentinelAgent_06', 'SentinelAgent_07', 'SentinelAgent_08', 'SentinelAgent_09', 'SentinelAgent_10', 'HealthCheckAgent'], 'security_status': {'zero_trust_enabled': True, 'stealth_mode_enabled': True, 'registered_agents': ['CamouflageAgent', 'AccountManagerAgent', 'MarketIntelAgent_01', 'MarketIntelAgent_02', 'MarketIntelAgent_03', 'MarketIntelAgent_04', 'MarketIntelAgent_05', 'MarketIntelAgent_06', 'MarketIntelAgent_07', 'MarketIntelAgent_08', 'MarketIntelAgent_09', 'MarketIntelAgent_10', 'BridgeAgent_01', 'BridgeAgent_02', 'BridgeAgent_03', 'BridgeAgent_04', 'BridgeAgent_05', 'BridgeAgent_06', 'BridgeAgent_07', 'BridgeAgent_08', 'BridgeAgent_09', 'BridgeAgent_10', 'BridgeAgent_11', 'BridgeAgent_12', 'BridgeAgent_13', 'BridgeAgent_14', 'BridgeAgent_15', 'Content_Generator_Agent', 'QueueAgent', 'PosterAgent', 'SentinelAgent_01', 'SentinelAgent_02', 'SentinelAgent_03', 'SentinelAgent_04', 'SentinelAgent_05', 'SentinelAgent_06', 'SentinelAgent_07', 'SentinelAgent_08', 'SentinelAgent_09', 'SentinelAgent_10', 'HealthCheckAgent'], 'encrypted_snapshots': 7, 'protection_backend': 'windows-dpapi', 'domain': 'trm-operations.net', 'connected_agents': 41}, 'agent_capacity_snapshot': {'baseline_agents': 165, 'market_intel_agents': 10, 'bridge_agents': 15, 'sentinel_agents': 10, 'expansion_total': 35, 'total_capacity': 200}, 'heartbeat_capacity_total': 200, 'performance_metrics': {'heartbeat_speed_per_sec': 0.68, 'earnings_efficiency': 58.27, 'autonomous_success_rate': 0.0, 'active_agent_count': 41}}
2026-08-31 14:46:50,322 - TRMWatchdog - INFO - [trm_worker.py] 2026-08-31 14:46:50,305 [INFO] TRMWorker: Dongu tamamlandi | mod=full_cycle | kuyruk={'queued': 3, 'posted': 0, 'pending_retry': 0}
2026-08-31 14:46:50,330 - TRMWatchdog - INFO - [trm_worker.py] [CoreNexus] SentinelAgent_01 senkronize ediliyor...
2026-08-31 14:46:50,330 - TRMWatchdog - INFO - [trm_worker.py] [CoreNexus] SentinelAgent_02 senkronize ediliyor...
2026-08-31 14:46:50,330 - TRMWatchdog - INFO - [trm_worker.py] [CoreNexus] SentinelAgent_03 senkronize ediliyor...
2026-08-31 14:46:50,330 - TRMWatchdog - INFO - [trm_worker.py] [CoreNexus] SentinelAgent_04 senkronize ediliyor...
2026-08-31 14:46:50,331 - TRMWatchdog - INFO - [trm_worker.py] [CoreNexus] SentinelAgent_05 senkronize ediliyor...
2026-08-31 14:46:50,331 - TRMWatchdog - INFO - [trm_worker.py] [CoreNexus] SentinelAgent_06 senkronize ediliyor...
2026-08-31 14:46:50,331 - TRMWatchdog - INFO - [trm_worker.py] [CoreNexus] SentinelAgent_07 senkronize ediliyor...
2026-08-31 14:46:50,331 - TRMWatchdog - INFO - [trm_worker.py] [CoreNexus] SentinelAgent_08 senkronize ediliyor...
2026-08-31 14:46:50,331 - TRMWatchdog - INFO - [trm_worker.py] [CoreNexus] SentinelAgent_09 senkronize ediliyor...
2026-08-31 14:46:50,331 - TRMWatchdog - INFO - [trm_worker.py] [CoreNexus] SentinelAgent_10 senkronize ediliyor...
2026-08-31 14:46:50,331 - TRMWatchdog - INFO - [trm_worker.py] [CoreNexus] HealthCheckAgent senkronize ediliyor...
2026-08-31 14:46:50,332 - TRMWatchdog - INFO - [trm_worker.py] 2026-08-31 14:46:50,305 [INFO] TRMWorker: Nabiz atisi kaydedildi: {'worker_state': 'alive', 'cycle_started_at': '2026-08-31 14:46:28', 'last_cycle_at': '2026-08-31 14:46:50', 'last_mode': 'full_cycle', 'queue_summary': {'queued': 3, 'posted': 0, 'pending_retry': 0}, 'active_agents': ['CamouflageAgent', 'AccountManagerAgent', 'MarketIntelAgent_01', 'MarketIntelAgent_02', 'MarketIntelAgent_03', 'MarketIntelAgent_04', 'MarketIntelAgent_05', 'MarketIntelAgent_06', 'MarketIntelAgent_07', 'MarketIntelAgent_08', 'MarketIntelAgent_09', 'MarketIntelAgent_10', 'BridgeAgent_01', 'BridgeAgent_02', 'BridgeAgent_03', 'BridgeAgent_04', 'BridgeAgent_05', 'BridgeAgent_06', 'BridgeAgent_07', 'BridgeAgent_08', 'BridgeAgent_09', 'BridgeAgent_10', 'BridgeAgent_11', 'BridgeAgent_12', 'BridgeAgent_13', 'BridgeAgent_14', 'BridgeAgent_15', 'Content_Generator_Agent', 'QueueAgent', 'PosterAgent', 'SentinelAgent_01', 'SentinelAgent_02', 'SentinelAgent_03', 'SentinelAgent_04', 'SentinelAgent_05', 'SentinelAgent_06', 'SentinelAgent_07', 'SentinelAgent_08', 'SentinelAgent_09', 'SentinelAgent_10', 'HealthCheckAgent'], 'security_status': {'zero_trust_enabled': True, 'stealth_mode_enabled': True, 'registered_agents': ['CamouflageAgent', 'AccountManagerAgent', 'MarketIntelAgent_01', 'MarketIntelAgent_02', 'MarketIntelAgent_03', 'MarketIntelAgent_04', 'MarketIntelAgent_05', 'MarketIntelAgent_06', 'MarketIntelAgent_07', 'MarketIntelAgent_08', 'MarketIntelAgent_09', 'MarketIntelAgent_10', 'BridgeAgent_01', 'BridgeAgent_02', 'BridgeAgent_03', 'BridgeAgent_04', 'BridgeAgent_05', 'BridgeAgent_06', 'BridgeAgent_07', 'BridgeAgent_08', 'BridgeAgent_09', 'BridgeAgent_10', 'BridgeAgent_11', 'BridgeAgent_12', 'BridgeAgent_13', 'BridgeAgent_14', 'BridgeAgent_15', 'Content_Generator_Agent', 'QueueAgent', 'PosterAgent', 'SentinelAgent_01', 'SentinelAgent_02', 'SentinelAgent_03', 'SentinelAgent_04', 'SentinelAgent_05', 'SentinelAgent_06', 'SentinelAgent_07', 'SentinelAgent_08', 'SentinelAgent_09', 'SentinelAgent_10', 'HealthCheckAgent'], 'encrypted_snapshots': 7, 'protection_backend': 'windows-dpapi', 'domain': 'trm-operations.net', 'connected_agents': 41}, 'agent_capacity_snapshot': {'baseline_agents': 165, 'market_intel_agents': 10, 'bridge_agents': 15, 'sentinel_agents': 10, 'expansion_total': 35, 'total_capacity': 200}, 'heartbeat_capacity_total': 200, 'performance_metrics': {'heartbeat_speed_per_sec': 0.68, 'earnings_efficiency': 58.27, 'autonomous_success_rate': 0.0, 'active_agent_count': 41}}
2026-08-31 14:46:50,332 - TRMWatchdog - INFO - [trm_worker.py] 2026-08-31 14:46:50,305 [INFO] TRMWorker: Dongu tamamlandi | mod=full_cycle | kuyruk={'queued': 3, 'posted': 0, 'pending_retry': 0}
2026-08-31 14:46:50,334 - TRMWatchdog - INFO - [trm_worker.py] [CoreNexus] SentinelAgent_01 senkronize ediliyor...
2026-08-31 14:46:50,335 - TRMWatchdog - INFO - [trm_worker.py] [CoreNexus] SentinelAgent_02 senkronize ediliyor...
2026-08-31 14:46:50,335 - TRMWatchdog - INFO - [trm_worker.py] [CoreNexus] SentinelAgent_03 senkronize ediliyor...
2026-08-31 14:46:50,335 - TRMWatchdog - INFO - [trm_worker.py] [CoreNexus] SentinelAgent_04 senkronize ediliyor...
2026-08-31 14:46:50,335 - TRMWatchdog - INFO - [trm_worker.py] [CoreNexus] SentinelAgent_05 senkronize ediliyor...
2026-08-31 14:46:50,335 - TRMWatchdog - INFO - [trm_worker.py] [CoreNexus] SentinelAgent_06 senkronize ediliyor...
2026-08-31 14:46:50,335 - TRMWatchdog - INFO - [trm_worker.py] [CoreNexus] SentinelAgent_07 senkronize ediliyor...
2026-08-31 14:46:50,335 - TRMWatchdog - INFO - [trm_worker.py] [CoreNexus] SentinelAgent_08 senkronize ediliyor...
2026-08-31 14:46:50,336 - TRMWatchdog - INFO - [trm_worker.py] [CoreNexus] SentinelAgent_09 senkronize ediliyor...
2026-08-31 14:46:50,336 - TRMWatchdog - INFO - [trm_worker.py] [CoreNexus] SentinelAgent_10 senkronize ediliyor...
2026-08-31 14:46:50,336 - TRMWatchdog - INFO - [trm_worker.py] [CoreNexus] HealthCheckAgent senkronize ediliyor...
2026-08-31 14:46:50,336 - TRMWatchdog - INFO - [trm_worker.py] 2026-08-31 14:46:50,305 [INFO] TRMWorker: Nabiz atisi kaydedildi: {'worker_state': 'alive', 'cycle_started_at': '2026-08-31 14:46:28', 'last_cycle_at': '2026-08-31 14:46:50', 'last_mode': 'full_cycle', 'queue_summary': {'queued': 3, 'posted': 0, 'pending_retry': 0}, 'active_agents': ['CamouflageAgent', 'AccountManagerAgent', 'MarketIntelAgent_01', 'MarketIntelAgent_02', 'MarketIntelAgent_03', 'MarketIntelAgent_04', 'MarketIntelAgent_05', 'MarketIntelAgent_06', 'MarketIntelAgent_07', 'MarketIntelAgent_08', 'MarketIntelAgent_09', 'MarketIntelAgent_10', 'BridgeAgent_01', 'BridgeAgent_02', 'BridgeAgent_03', 'BridgeAgent_04', 'BridgeAgent_05', 'BridgeAgent_06', 'BridgeAgent_07', 'BridgeAgent_08', 'BridgeAgent_09', 'BridgeAgent_10', 'BridgeAgent_11', 'BridgeAgent_12', 'BridgeAgent_13', 'BridgeAgent_14', 'BridgeAgent_15', 'Content_Generator_Agent', 'QueueAgent', 'PosterAgent', 'SentinelAgent_01', 'SentinelAgent_02', 'SentinelAgent_03', 'SentinelAgent_04', 'SentinelAgent_05', 'SentinelAgent_06', 'SentinelAgent_07', 'SentinelAgent_08', 'SentinelAgent_09', 'SentinelAgent_10', 'HealthCheckAgent'], 'security_status': {'zero_trust_enabled': True, 'stealth_mode_enabled': True, 'registered_agents': ['CamouflageAgent', 'AccountManagerAgent', 'MarketIntelAgent_01', 'MarketIntelAgent_02', 'MarketIntelAgent_03', 'MarketIntelAgent_04', 'MarketIntelAgent_05', 'MarketIntelAgent_06', 'MarketIntelAgent_07', 'MarketIntelAgent_08', 'MarketIntelAgent_09', 'MarketIntelAgent_10', 'BridgeAgent_01', 'BridgeAgent_02', 'BridgeAgent_03', 'BridgeAgent_04', 'BridgeAgent_05', 'BridgeAgent_06', 'BridgeAgent_07', 'BridgeAgent_08', 'BridgeAgent_09', 'BridgeAgent_10', 'BridgeAgent_11', 'BridgeAgent_12', 'BridgeAgent_13', 'BridgeAgent_14', 'BridgeAgent_15', 'Content_Generator_Agent', 'QueueAgent', 'PosterAgent', 'SentinelAgent_01', 'SentinelAgent_02', 'SentinelAgent_03', 'SentinelAgent_04', 'SentinelAgent_05', 'SentinelAgent_06', 'SentinelAgent_07', 'SentinelAgent_08', 'SentinelAgent_09', 'SentinelAgent_10', 'HealthCheckAgent'], 'encrypted_snapshots': 7, 'protection_backend': 'windows-dpapi', 'domain': 'trm-operations.net', 'connected_agents': 41}, 'agent_capacity_snapshot': {'baseline_agents': 165, 'market_intel_agents': 10, 'bridge_agents': 15, 'sentinel_agents': 10, 'expansion_total': 35, 'total_capacity': 200}, 'heartbeat_capacity_total': 200, 'performance_metrics': {'heartbeat_speed_per_sec': 0.68, 'earnings_efficiency': 58.27, 'autonomous_success_rate': 0.0, 'active_agent_count': 41}}
2026-08-31 14:46:50,337 - TRMWatchdog - INFO - [trm_worker.py] 2026-08-31 14:46:50,305 [INFO] TRMWorker: Dongu tamamlandi | mod=full_cycle | kuyruk={'queued': 3, 'posted': 0, 'pending_retry': 0}
2026-08-31 14:49:26,382 - TRMWatchdog - INFO - TRM Watchdog Servisi başlatıldı
2026-08-31 14:49:26,382 - TRMWatchdog - INFO - === Gözcü Kontrol Döngüsü Başladı ===
2026-08-31 14:49:27,383 - TRMWatchdog - INFO - Sistem CPU: 25.8%, RAM: 88.4%, Disk: 93.1%
2026-08-31 14:49:27,383 - TRMWatchdog - WARNING - Disk kullanımı yüksek: 93.1%
2026-08-31 14:49:27,421 - TRMWatchdog - WARNING - Kritik süreç durdu: python trm_worker.py run - yeniden başlatılıyor...
2026-08-31 14:49:27,435 - TRMWatchdog - INFO - Process python log dosyası: trm_worker.log
2026-08-31 14:49:27,449 - TRMWatchdog - INFO - Process python başlatıldı. Çıktıları trm_worker.log dosyasına ve konsola yazılıyor.
2026-08-31 14:49:27,450 - TRMWatchdog - INFO - Process python başarıyla yeniden başlatıldı (PID: 4644, deneme 1)
2026-08-31 14:49:28,067 - TRMWatchdog - INFO - [trm_worker.py] 2026-08-31 14:49:28,050 [INFO] social_media_automation: CALISMA MODU: LIVE
2026-08-31 14:49:29,774 - TRMWatchdog - INFO - [trm_worker.py] 2026-08-31 14:49:29,731 [INFO] TRMWorker: TRM worker baslatildi | loop=60s | factory_interval=6:00:00
2026-08-31 14:49:29,774 - TRMWatchdog - INFO - [trm_worker.py] 2026-08-31 14:49:29,732 [WARNING] social_media_automation: ⚠️ Twitter API anahtarlari eksik → mock mod
2026-08-31 14:49:29,774 - TRMWatchdog - INFO - [trm_worker.py] 2026-08-31 14:49:29,733 [WARNING] social_media_automation: ⚠️ Twitter API anahtarlari eksik → mock mod
2026-08-31 14:49:29,976 - TRMWatchdog - INFO - [trm_worker.py] [CoreNexus] CamouflageAgent başarıyla sisteme bağlandı ve denetim altına alındı.
2026-08-31 14:49:29,976 - TRMWatchdog - INFO - [trm_worker.py] [CoreNexus] AccountManagerAgent başarıyla sisteme bağlandı ve denetim altına alındı.
2026-08-31 14:49:29,976 - TRMWatchdog - INFO - [trm_worker.py] [CoreNexus] MarketIntelAgent_01 başarıyla sisteme bağlandı ve denetim altına alındı.
2026-08-31 14:49:29,976 - TRMWatchdog - INFO - [trm_worker.py] [CoreNexus] MarketIntelAgent_02 başarıyla sisteme bağlandı ve denetim altına alındı.
2026-08-31 14:49:29,977 - TRMWatchdog - INFO - [trm_worker.py] [CoreNexus] MarketIntelAgent_03 başarıyla sisteme bağlandı ve denetim altına alındı.
2026-08-31 14:49:29,977 - TRMWatchdog - INFO - [trm_worker.py] [CoreNexus] MarketIntelAgent_04 başarıyla sisteme bağlandı ve denetim altına alındı.
2026-08-31 14:49:29,977 - TRMWatchdog - INFO - [trm_worker.py] [CoreNexus] MarketIntelAgent_05 başarıyla sisteme bağlandı ve denetim altına alındı.
2026-08-31 14:49:29,977 - TRMWatchdog - INFO - [trm_worker.py] [CoreNexus] MarketIntelAgent_06 başarıyla sisteme bağlandı ve denetim altına alındı.
2026-08-31 14:49:29,977 - TRMWatchdog - INFO - [trm_worker.py] [CoreNexus] MarketIntelAgent_07 başarıyla sisteme bağlandı ve denetim altına alındı.
2026-08-31 14:49:29,977 - TRMWatchdog - INFO - [trm_worker.py] [CoreNexus] MarketIntelAgent_08 başarıyla sisteme bağlandı ve denetim altına alındı.
2026-08-31 14:49:29,977 - TRMWatchdog - INFO - [trm_worker.py] [CoreNexus] MarketIntelAgent_09 başarıyla sisteme bağlandı ve denetim altına alındı.
2026-08-31 14:49:29,977 - TRMWatchdog - INFO - [trm_worker.py] [CoreNexus] MarketIntelAgent_10 başarıyla sisteme bağlandı ve denetim altına alındı.
2026-08-31 14:49:29,977 - TRMWatchdog - INFO - [trm_worker.py] [CoreNexus] BridgeAgent_01 başarıyla sisteme bağlandı ve denetim altına alındı.
2026-08-31 14:49:29,977 - TRMWatchdog - INFO - [trm_worker.py] [CoreNexus] BridgeAgent_02 başarıyla sisteme bağlandı ve denetim altına alındı.
2026-08-31 14:49:29,977 - TRMWatchdog - INFO - [trm_worker.py] [CoreNexus] BridgeAgent_03 başarıyla sisteme bağlandı ve denetim altına alındı.
2026-08-31 14:49:29,977 - TRMWatchdog - INFO - [trm_worker.py] [CoreNexus] BridgeAgent_04 başarıyla sisteme bağlandı ve denetim altına alındı.
2026-08-31 14:49:29,977 - TRMWatchdog - INFO - [trm_worker.py] [CoreNexus] BridgeAgent_05 başarıyla sisteme bağlandı ve denetim altına alındı.
2026-08-31 14:49:29,979 - TRMWatchdog - INFO - [trm_worker.py] [CoreNexus] BridgeAgent_06 başarıyla sisteme bağlandı ve denetim altına alındı.
2026-08-31 14:49:29,979 - TRMWatchdog - INFO - [trm_worker.py] [CoreNexus] BridgeAgent_07 başarıyla sisteme bağlandı ve denetim altına alındı.
2026-08-31 14:49:29,979 - TRMWatchdog - INFO - [trm_worker.py] [CoreNexus] BridgeAgent_08 başarıyla sisteme bağlandı ve denetim altına alındı.
2026-08-31 14:49:29,979 - TRMWatchdog - INFO - [trm_worker.py] [CoreNexus] BridgeAgent_09 başarıyla sisteme bağlandı ve denetim altına alındı.
2026-08-31 14:49:29,979 - TRMWatchdog - INFO - [trm_worker.py] [CoreNexus] BridgeAgent_10 başarıyla sisteme bağlandı ve denetim altına alındı.
2026-08-31 14:49:29,979 - TRMWatchdog - INFO - [trm_worker.py] [CoreNexus] BridgeAgent_11 başarıyla sisteme bağlandı ve denetim altına alındı.
2026-08-31 14:49:29,980 - TRMWatchdog - INFO - [trm_worker.py] [CoreNexus] BridgeAgent_12 başarıyla sisteme bağlandı ve denetim altına alındı.
2026-08-31 14:49:29,980 - TRMWatchdog - INFO - [trm_worker.py] [CoreNexus] BridgeAgent_13 başarıyla sisteme bağlandı ve denetim altına alındı.
2026-08-31 14:49:29,980 - TRMWatchdog - INFO - [trm_worker.py] [CoreNexus] BridgeAgent_14 başarıyla sisteme bağlandı ve denetim altına alındı.
2026-08-31 14:49:29,981 - TRMWatchdog - INFO - [trm_worker.py] [CoreNexus] BridgeAgent_15 başarıyla sisteme bağlandı ve denetim altına alındı.
2026-08-31 14:49:29,981 - TRMWatchdog - INFO - [trm_worker.py] [CoreNexus] Content_Generator_Agent başarıyla sisteme bağlandı ve denetim altına alındı.
2026-08-31 14:49:29,981 - TRMWatchdog - INFO - [trm_worker.py] [CoreNexus] QueueAgent başarıyla sisteme bağlandı ve denetim altına alındı.
2026-08-31 14:49:29,981 - TRMWatchdog - INFO - [trm_worker.py] [CoreNexus] PosterAgent başarıyla sisteme bağlandı ve denetim altına alındı.
2026-08-31 14:49:29,981 - TRMWatchdog - INFO - [trm_worker.py] [CoreNexus] SentinelAgent_01 başarıyla sisteme bağlandı ve denetim altına alındı.
2026-08-31 14:49:29,981 - TRMWatchdog - INFO - [trm_worker.py] [CoreNexus] SentinelAgent_02 başarıyla sisteme bağlandı ve denetim altına alındı.
2026-08-31 14:49:29,981 - TRMWatchdog - INFO - [trm_worker.py] [CoreNexus] SentinelAgent_03 başarıyla sisteme bağlandı ve denetim altına alındı.
2026-08-31 14:49:29,982 - TRMWatchdog - INFO - [trm_worker.py] [CoreNexus] SentinelAgent_04 başarıyla sisteme bağlandı ve denetim altına alındı.
2026-08-31 14:49:29,982 - TRMWatchdog - INFO - [trm_worker.py] [CoreNexus] SentinelAgent_05 başarıyla sisteme bağlandı ve denetim altına alındı.
2026-08-31 14:49:29,982 - TRMWatchdog - INFO - [trm_worker.py] [CoreNexus] SentinelAgent_06 başarıyla sisteme bağlandı ve denetim altına alındı.
2026-08-31 14:49:29,982 - TRMWatchdog - INFO - [trm_worker.py] [CoreNexus] SentinelAgent_07 başarıyla sisteme bağlandı ve denetim altına alındı.
2026-08-31 14:49:29,982 - TRMWatchdog - INFO - [trm_worker.py] [CoreNexus] SentinelAgent_08 başarıyla sisteme bağlandı ve denetim altına alındı.
2026-08-31 14:49:29,983 - TRMWatchdog - INFO - [trm_worker.py] [CoreNexus] SentinelAgent_09 başarıyla sisteme bağlandı ve denetim altına alındı.
2026-08-31 14:49:29,983 - TRMWatchdog - INFO - [trm_worker.py] [CoreNexus] SentinelAgent_10 başarıyla sisteme bağlandı ve denetim altına alındı.
2026-08-31 14:49:29,983 - TRMWatchdog - INFO - [trm_worker.py] [CoreNexus] HealthCheckAgent başarıyla sisteme bağlandı ve denetim altına alındı.
2026-08-31 14:49:29,983 - TRMWatchdog - INFO - [trm_worker.py] [Camouflage] Teknik Maskeleme Aktif: IP ve Cihaz İzleri Temizleniyor...
2026-08-31 14:49:29,983 - TRMWatchdog - INFO - [trm_worker.py] [AnalystAgent] Trend raporu kaydedildi: C:\Users\Habitat\Desktop\SOSYAL _İMECE\trend_raporlari.json
2026-08-31 14:49:29,983 - TRMWatchdog - INFO - [trm_worker.py] [CoreNexus] CamouflageAgent senkronize ediliyor...
2026-08-31 14:49:29,983 - TRMWatchdog - INFO - [trm_worker.py] [CoreNexus] AccountManagerAgent senkronize ediliyor...
2026-08-31 14:49:29,984 - TRMWatchdog - INFO - [trm_worker.py] [CoreNexus] MarketIntelAgent_01 senkronize ediliyor...
2026-08-31 14:49:29,984 - TRMWatchdog - INFO - [trm_worker.py] [CoreNexus] MarketIntelAgent_02 senkronize ediliyor...
2026-08-31 14:49:29,984 - TRMWatchdog - INFO - [trm_worker.py] [CoreNexus] MarketIntelAgent_03 senkronize ediliyor...
2026-08-31 14:49:29,984 - TRMWatchdog - INFO - [trm_worker.py] [CoreNexus] MarketIntelAgent_04 senkronize ediliyor...
2026-08-31 14:49:29,984 - TRMWatchdog - INFO - [trm_worker.py] [CoreNexus] MarketIntelAgent_05 senkronize ediliyor...
2026-08-31 14:49:29,984 - TRMWatchdog - INFO - [trm_worker.py] [CoreNexus] MarketIntelAgent_06 senkronize ediliyor...
2026-08-31 14:49:29,984 - TRMWatchdog - INFO - [trm_worker.py] [CoreNexus] MarketIntelAgent_07 senkronize ediliyor...
2026-08-31 14:49:29,984 - TRMWatchdog - INFO - [trm_worker.py] [CoreNexus] MarketIntelAgent_08 senkronize ediliyor...
2026-08-31 14:49:29,984 - TRMWatchdog - INFO - [trm_worker.py] [CoreNexus] MarketIntelAgent_09 senkronize ediliyor...
2026-08-31 14:49:29,984 - TRMWatchdog - INFO - [trm_worker.py] [CoreNexus] MarketIntelAgent_10 senkronize ediliyor...
2026-08-31 14:49:29,984 - TRMWatchdog - INFO - [trm_worker.py] [CoreNexus] BridgeAgent_01 senkronize ediliyor...
2026-08-31 14:49:29,984 - TRMWatchdog - INFO - [trm_worker.py] [CoreNexus] BridgeAgent_02 senkronize ediliyor...
2026-08-31 14:49:29,984 - TRMWatchdog - INFO - [trm_worker.py] [CoreNexus] BridgeAgent_03 senkronize ediliyor...
2026-08-31 14:49:29,984 - TRMWatchdog - INFO - [trm_worker.py] [CoreNexus] BridgeAgent_04 senkronize ediliyor...
2026-08-31 14:49:29,984 - TRMWatchdog - INFO - [trm_worker.py] [CoreNexus] BridgeAgent_05 senkronize ediliyor...
2026-08-31 14:49:29,984 - TRMWatchdog - INFO - [trm_worker.py] [CoreNexus] BridgeAgent_06 senkronize ediliyor...
2026-08-31 14:49:29,984 - TRMWatchdog - INFO - [trm_worker.py] [CoreNexus] BridgeAgent_07 senkronize ediliyor...
2026-08-31 14:49:29,986 - TRMWatchdog - INFO - [trm_worker.py] [CoreNexus] BridgeAgent_08 senkronize ediliyor...
2026-08-31 14:49:29,986 - TRMWatchdog - INFO - [trm_worker.py] [CoreNexus] BridgeAgent_09 senkronize ediliyor...
2026-08-31 14:49:29,986 - TRMWatchdog - INFO - [trm_worker.py] [CoreNexus] BridgeAgent_10 senkronize ediliyor...
2026-08-31 14:49:29,986 - TRMWatchdog - INFO - [trm_worker.py] [CoreNexus] BridgeAgent_11 senkronize ediliyor...
2026-08-31 14:49:29,986 - TRMWatchdog - INFO - [trm_worker.py] [CoreNexus] BridgeAgent_12 senkronize ediliyor...
2026-08-31 14:49:29,986 - TRMWatchdog - INFO - [trm_worker.py] [CoreNexus] BridgeAgent_13 senkronize ediliyor...
2026-08-31 14:49:29,986 - TRMWatchdog - INFO - [trm_worker.py] [CoreNexus] BridgeAgent_14 senkronize ediliyor...
2026-08-31 14:49:29,986 - TRMWatchdog - INFO - [trm_worker.py] [CoreNexus] BridgeAgent_15 senkronize ediliyor...
2026-08-31 14:49:29,986 - TRMWatchdog - INFO - [trm_worker.py] [CoreNexus] Content_Generator_Agent senkronize ediliyor...
2026-08-31 14:49:29,987 - TRMWatchdog - INFO - [trm_worker.py] [CoreNexus] QueueAgent senkronize ediliyor...
2026-08-31 14:49:29,987 - TRMWatchdog - INFO - [trm_worker.py] [CoreNexus] PosterAgent senkronize ediliyor...
2026-08-31 14:49:29,987 - TRMWatchdog - INFO - [trm_worker.py] 2026-08-31 14:49:29,877 [INFO] social_media_automation: 🔒 Maskelenmiş parmak izi: {'platform': 'Linux x86_64', 'screen_resolution': '2560x1440', 'accept_language': 'tr-TR,tr;q=0.9,en-US;q=0.8', 'webgl_vendor': 'Google Inc. (NVIDIA)', 'canvas_hash': '0x2472485'}
2026-08-31 14:49:37,516 - TRMWatchdog - WARNING - Kritik süreç durdu: python orchestrator_api.py - yeniden başlatılıyor...
2026-08-31 14:49:37,533 - TRMWatchdog - INFO - Process python log dosyası: orchestrator_api.log
2026-08-31 14:49:37,540 - TRMWatchdog - INFO - Process python başlatıldı. Çıktıları orchestrator_api.log dosyasına ve konsola yazılıyor.
2026-08-31 14:49:37,540 - TRMWatchdog - INFO - Process python başarıyla yeniden başlatıldı (PID: 13844, deneme 1)
2026-08-31 14:49:41,050 - TRMWatchdog - INFO - [trm_worker.py] 2026-08-31 14:49:40,996 [INFO] social_media_automation: ⏱️ Chaos jitter bekleme süresi: 11.12s
2026-08-31 14:49:41,653 - TRMWatchdog - INFO - [trm_worker.py] 2026-08-31 14:49:41,587 [WARNING] social_media_automation: ⚠️ Deneme 1/3 basarisiz: 400 Client Error: Bad Request for url: https://graph.instagram.com/v19.0//media?image_url=&caption=Kozmetik+Cilt+Bakim+Seti+i%C3%A7in+alarm+verildi.%0AFiyat%3A+499.50+TL%0AKomisyon%3A+%2535.0+%7C+Tahmini+kazan%C3%A7%3A+174.82+TL%0ABu+%C3%BCr%C3%BCn+%C5%9Fu+an+payla%C5%9F%C4%B1lmazsa+f%C4%B1rsat+ka%C3%A7abilir.+Hemen+linke+y%C3%B6nlendir.%0A%0A%23trendurun+%23yuksekkomisyon+%23satisfirsati+%23hemenincele+%23eticaret%0A%0Ahttps%3A%2F%2Fwww.trendyol.com%2Fkozmetik%2Fcilt-bakim%2Fcilt-bakim-seti&access_token=. 2.1s bekleniyor...
2026-08-31 14:49:44,067 - TRMWatchdog - INFO - [trm_worker.py] 2026-08-31 14:49:44,037 [WARNING] social_media_automation: ⚠️ Deneme 2/3 basarisiz: 400 Client Error: Bad Request for url: https://graph.instagram.com/v19.0//media?image_url=&caption=Kozmetik+Cilt+Bakim+Seti+i%C3%A7in+alarm+verildi.%0AFiyat%3A+499.50+TL%0AKomisyon%3A+%2535.0+%7C+Tahmini+kazan%C3%A7%3A+174.82+TL%0ABu+%C3%BCr%C3%BCn+%C5%9Fu+an+payla%C5%9F%C4%B1lmazsa+f%C4%B1rsat+ka%C3%A7abilir.+Hemen+linke+y%C3%B6nlendir.%0A%0A%23trendurun+%23yuksekkomisyon+%23satisfirsati+%23hemenincele+%23eticaret%0A%0Ahttps%3A%2F%2Fwww.trendyol.com%2Fkozmetik%2Fcilt-bakim%2Fcilt-bakim-seti&access_token=. 4.5s bekleniyor...
2026-08-31 14:49:47,580 - TRMWatchdog - INFO - python trm_worker.py run: DURDU - PID: None - TRM Worker Servisi
2026-08-31 14:49:47,580 - TRMWatchdog - INFO - python orchestrator_api.py: DURDU - PID: None - Orchestrator API Servisi
2026-08-31 14:49:47,580 - TRMWatchdog - INFO - streamlit run app.py: DURDU - PID: None - Streamlit Dashboard
2026-08-31 14:49:49,094 - TRMWatchdog - INFO - [trm_worker.py] 2026-08-31 14:49:49,057 [ERROR] social_media_automation: ❌ Instagram hata: 400 Client Error: Bad Request for url: https://graph.instagram.com/v19.0//media?image_url=&caption=Kozmetik+Cilt+Bakim+Seti+i%C3%A7in+alarm+verildi.%0AFiyat%3A+499.50+TL%0AKomisyon%3A+%2535.0+%7C+Tahmini+kazan%C3%A7%3A+174.82+TL%0ABu+%C3%BCr%C3%BCn+%C5%9Fu+an+payla%C5%9F%C4%B1lmazsa+f%C4%B1rsat+ka%C3%A7abilir.+Hemen+linke+y%C3%B6nlendir.%0A%0A%23trendurun+%23yuksekkomisyon+%23satisfirsati+%23hemenincele+%23eticaret%0A%0Ahttps%3A%2F%2Fwww.trendyol.com%2Fkozmetik%2Fcilt-bakim%2Fcilt-bakim-seti&access_token=
2026-08-31 14:49:49,094 - TRMWatchdog - INFO - [trm_worker.py] 2026-08-31 14:49:49,060 [INFO] social_media_automation: 🔒 Maskelenmiş parmak izi: {'platform': 'Linux x86_64', 'screen_resolution': '2560x1440', 'accept_language': 'tr-TR,tr;q=0.9,en-US;q=0.8', 'webgl_vendor': 'Google Inc. (NVIDIA)', 'canvas_hash': '0x2472485'}
2026-08-31 14:49:58,157 - TRMWatchdog - INFO - [trm_worker.py] 2026-08-31 14:49:58,074 [INFO] social_media_automation: ⏱️ Chaos jitter bekleme süresi: 9.01s
2026-08-31 14:49:58,157 - TRMWatchdog - INFO - [trm_worker.py] 2026-08-31 14:49:58,074 [ERROR] social_media_automation: CALISMA MODU: LIVE | Facebook token eksik — guvenli dur
2026-08-31 14:49:58,258 - TRMWatchdog - INFO - [trm_worker.py] [CoreNexus] SentinelAgent_01 senkronize ediliyor...
2026-08-31 14:49:58,258 - TRMWatchdog - INFO - [trm_worker.py] [CoreNexus] SentinelAgent_02 senkronize ediliyor...
2026-08-31 14:49:58,258 - TRMWatchdog - INFO - [trm_worker.py] [CoreNexus] SentinelAgent_03 senkronize ediliyor...
2026-08-31 14:49:58,258 - TRMWatchdog - INFO - [trm_worker.py] [CoreNexus] SentinelAgent_04 senkronize ediliyor...
2026-08-31 14:49:58,258 - TRMWatchdog - INFO - [trm_worker.py] [CoreNexus] SentinelAgent_05 senkronize ediliyor...
2026-08-31 14:49:58,258 - TRMWatchdog - INFO - [trm_worker.py] [CoreNexus] SentinelAgent_06 senkronize ediliyor...
2026-08-31 14:49:58,258 - TRMWatchdog - INFO - [trm_worker.py] [CoreNexus] SentinelAgent_07 senkronize ediliyor...
2026-08-31 14:49:58,258 - TRMWatchdog - INFO - [trm_worker.py] [CoreNexus] SentinelAgent_08 senkronize ediliyor...
2026-08-31 14:49:58,260 - TRMWatchdog - INFO - [trm_worker.py] [CoreNexus] SentinelAgent_09 senkronize ediliyor...
2026-08-31 14:49:58,260 - TRMWatchdog - INFO - [trm_worker.py] [CoreNexus] SentinelAgent_10 senkronize ediliyor...
2026-08-31 14:49:58,260 - TRMWatchdog - INFO - [trm_worker.py] [CoreNexus] HealthCheckAgent senkronize ediliyor...
2026-08-31 14:49:58,260 - TRMWatchdog - INFO - [trm_worker.py] 2026-08-31 14:49:58,214 [INFO] TRMWorker: Nabiz atisi kaydedildi: {'worker_state': 'alive', 'cycle_started_at': '2026-08-31 14:49:29', 'last_cycle_at': '2026-08-31 14:49:58', 'last_mode': 'full_cycle', 'queue_summary': {'queued': 3, 'posted': 0, 'pending_retry': 0}, 'active_agents': ['CamouflageAgent', 'AccountManagerAgent', 'MarketIntelAgent_01', 'MarketIntelAgent_02', 'MarketIntelAgent_03', 'MarketIntelAgent_04', 'MarketIntelAgent_05', 'MarketIntelAgent_06', 'MarketIntelAgent_07', 'MarketIntelAgent_08', 'MarketIntelAgent_09', 'MarketIntelAgent_10', 'BridgeAgent_01', 'BridgeAgent_02', 'BridgeAgent_03', 'BridgeAgent_04', 'BridgeAgent_05', 'BridgeAgent_06', 'BridgeAgent_07', 'BridgeAgent_08', 'BridgeAgent_09', 'BridgeAgent_10', 'BridgeAgent_11', 'BridgeAgent_12', 'BridgeAgent_13', 'BridgeAgent_14', 'BridgeAgent_15', 'Content_Generator_Agent', 'QueueAgent', 'PosterAgent', 'SentinelAgent_01', 'SentinelAgent_02', 'SentinelAgent_03', 'SentinelAgent_04', 'SentinelAgent_05', 'SentinelAgent_06', 'SentinelAgent_07', 'SentinelAgent_08', 'SentinelAgent_09', 'SentinelAgent_10', 'HealthCheckAgent'], 'security_status': {'zero_trust_enabled': True, 'stealth_mode_enabled': True, 'registered_agents': ['CamouflageAgent', 'AccountManagerAgent', 'MarketIntelAgent_01', 'MarketIntelAgent_02', 'MarketIntelAgent_03', 'MarketIntelAgent_04', 'MarketIntelAgent_05', 'MarketIntelAgent_06', 'MarketIntelAgent_07', 'MarketIntelAgent_08', 'MarketIntelAgent_09', 'MarketIntelAgent_10', 'BridgeAgent_01', 'BridgeAgent_02', 'BridgeAgent_03', 'BridgeAgent_04', 'BridgeAgent_05', 'BridgeAgent_06', 'BridgeAgent_07', 'BridgeAgent_08', 'BridgeAgent_09', 'BridgeAgent_10', 'BridgeAgent_11', 'BridgeAgent_12', 'BridgeAgent_13', 'BridgeAgent_14', 'BridgeAgent_15', 'Content_Generator_Agent', 'QueueAgent', 'PosterAgent', 'SentinelAgent_01', 'SentinelAgent_02', 'SentinelAgent_03', 'SentinelAgent_04', 'SentinelAgent_05', 'SentinelAgent_06', 'SentinelAgent_07', 'SentinelAgent_08', 'SentinelAgent_09', 'SentinelAgent_10', 'HealthCheckAgent'], 'encrypted_snapshots': 7, 'protection_backend': 'windows-dpapi', 'domain': 'trm-operations.net', 'connected_agents': 41}, 'agent_capacity_snapshot': {'baseline_agents': 165, 'market_intel_agents': 10, 'bridge_agents': 15, 'sentinel_agents': 10, 'expansion_total': 35, 'total_capacity': 200}, 'heartbeat_capacity_total': 200, 'performance_metrics': {'heartbeat_speed_per_sec': 0.68, 'earnings_efficiency': 58.27, 'autonomous_success_rate': 0.0, 'active_agent_count': 41}}
2026-08-31 14:49:58,260 - TRMWatchdog - INFO - [trm_worker.py] 2026-08-31 14:49:58,214 [INFO] TRMWorker: Dongu tamamlandi | mod=full_cycle | kuyruk={'queued': 3, 'posted': 0, 'pending_retry': 0}
2026-08-31 14:50:17,583 - TRMWatchdog - INFO - === Gözcü Kontrol Döngüsü Başladı ===
2026-08-31 14:50:18,583 - TRMWatchdog - INFO - Sistem CPU: 16.3%, RAM: 84.8%, Disk: 93.1%
2026-08-31 14:50:18,583 - TRMWatchdog - WARNING - Disk kullanımı yüksek: 93.1%
2026-08-31 14:50:18,619 - TRMWatchdog - WARNING - Kritik süreç durdu: python trm_worker.py run - yeniden başlatılıyor...
2026-08-31 14:50:18,650 - TRMWatchdog - INFO - Process python log dosyası: trm_worker.log
2026-08-31 14:50:18,658 - TRMWatchdog - INFO - Process python başlatıldı. Çıktıları trm_worker.log dosyasına ve konsola yazılıyor.
2026-08-31 14:50:18,658 - TRMWatchdog - INFO - Process python başarıyla yeniden başlatıldı (PID: 1664, deneme 2)
2026-08-31 14:50:19,181 - TRMWatchdog - INFO - [trm_worker.py] 2026-08-31 14:50:19,148 [INFO] social_media_automation: CALISMA MODU: LIVE
2026-08-31 14:50:19,181 - TRMWatchdog - INFO - [trm_worker.py] 2026-08-31 14:50:19,148 [INFO] social_media_automation: CALISMA MODU: LIVE
2026-08-31 14:50:20,386 - TRMWatchdog - INFO - [trm_worker.py] 2026-08-31 14:50:20,310 [INFO] TRMWorker: TRM worker baslatildi | loop=60s | factory_interval=6:00:00
2026-08-31 14:50:20,386 - TRMWatchdog - INFO - [trm_worker.py] 2026-08-31 14:50:20,311 [WARNING] social_media_automation: ⚠️ Twitter API anahtarlari eksik → mock mod
2026-08-31 14:50:20,387 - TRMWatchdog - INFO - [trm_worker.py] 2026-08-31 14:50:20,310 [INFO] TRMWorker: TRM worker baslatildi | loop=60s | factory_interval=6:00:00
2026-08-31 14:50:20,387 - TRMWatchdog - INFO - [trm_worker.py] 2026-08-31 14:50:20,312 [WARNING] social_media_automation: ⚠️ Twitter API anahtarlari eksik → mock mod
2026-08-31 14:50:20,387 - TRMWatchdog - INFO - [trm_worker.py] 2026-08-31 14:50:20,311 [WARNING] social_media_automation: ⚠️ Twitter API anahtarlari eksik → mock mod
2026-08-31 14:50:20,387 - TRMWatchdog - INFO - [trm_worker.py] 2026-08-31 14:50:20,312 [WARNING] social_media_automation: ⚠️ Twitter API anahtarlari eksik → mock mod
2026-08-31 14:50:20,488 - TRMWatchdog - INFO - [trm_worker.py] [CoreNexus] CamouflageAgent başarıyla sisteme bağlandı ve denetim altına alındı.
2026-08-31 14:50:20,488 - TRMWatchdog - INFO - [trm_worker.py] [CoreNexus] AccountManagerAgent başarıyla sisteme bağlandı ve denetim altına alındı.
2026-08-31 14:50:20,488 - TRMWatchdog - INFO - [trm_worker.py] [CoreNexus] CamouflageAgent başarıyla sisteme bağlandı ve denetim altına alındı.
2026-08-31 14:50:20,488 - TRMWatchdog - INFO - [trm_worker.py] [CoreNexus] MarketIntelAgent_01 başarıyla sisteme bağlandı ve denetim altına alındı.
2026-08-31 14:50:20,488 - TRMWatchdog - INFO - [trm_worker.py] [CoreNexus] AccountManagerAgent başarıyla sisteme bağlandı ve denetim altına alındı.
2026-08-31 14:50:20,488 - TRMWatchdog - INFO - [trm_worker.py] [CoreNexus] MarketIntelAgent_02 başarıyla sisteme bağlandı ve denetim altına alındı.
2026-08-31 14:50:20,488 - TRMWatchdog - INFO - [trm_worker.py] [CoreNexus] MarketIntelAgent_01 başarıyla sisteme bağlandı ve denetim altına alındı.
2026-08-31 14:50:20,488 - TRMWatchdog - INFO - [trm_worker.py] [CoreNexus] MarketIntelAgent_03 başarıyla sisteme bağlandı ve denetim altına alındı.
2026-08-31 14:50:20,488 - TRMWatchdog - INFO - [trm_worker.py] [CoreNexus] MarketIntelAgent_02 başarıyla sisteme bağlandı ve denetim altına alındı.
2026-08-31 14:50:20,488 - TRMWatchdog - INFO - [trm_worker.py] [CoreNexus] MarketIntelAgent_04 başarıyla sisteme bağlandı ve denetim altına alındı.
2026-08-31 14:50:20,488 - TRMWatchdog - INFO - [trm_worker.py] [CoreNexus] MarketIntelAgent_03 başarıyla sisteme bağlandı ve denetim altına alındı.
2026-08-31 14:50:20,488 - TRMWatchdog - INFO - [trm_worker.py] [CoreNexus] MarketIntelAgent_05 başarıyla sisteme bağlandı ve denetim altına alındı.
2026-08-31 14:50:20,488 - TRMWatchdog - INFO - [trm_worker.py] [CoreNexus] MarketIntelAgent_04 başarıyla sisteme bağlandı ve denetim altına alındı.
2026-08-31 14:50:20,488 - TRMWatchdog - INFO - [trm_worker.py] [CoreNexus] MarketIntelAgent_06 başarıyla sisteme bağlandı ve denetim altına alındı.
2026-08-31 14:50:20,488 - TRMWatchdog - INFO - [trm_worker.py] [CoreNexus] MarketIntelAgent_05 başarıyla sisteme bağlandı ve denetim altına alındı.
2026-08-31 14:50:20,488 - TRMWatchdog - INFO - [trm_worker.py] [CoreNexus] MarketIntelAgent_07 başarıyla sisteme bağlandı ve denetim altına alındı.
2026-08-31 14:50:20,488 - TRMWatchdog - INFO - [trm_worker.py] [CoreNexus] MarketIntelAgent_06 başarıyla sisteme bağlandı ve denetim altına alındı.
2026-08-31 14:50:20,488 - TRMWatchdog - INFO - [trm_worker.py] [CoreNexus] MarketIntelAgent_08 başarıyla sisteme bağlandı ve denetim altına alındı.
2026-08-31 14:50:20,492 - TRMWatchdog - INFO - [trm_worker.py] [CoreNexus] MarketIntelAgent_07 başarıyla sisteme bağlandı ve denetim altına alındı.
2026-08-31 14:50:20,492 - TRMWatchdog - INFO - [trm_worker.py] [CoreNexus] MarketIntelAgent_09 başarıyla sisteme bağlandı ve denetim altına alındı.
2026-08-31 14:50:20,492 - TRMWatchdog - INFO - [trm_worker.py] [CoreNexus] MarketIntelAgent_08 başarıyla sisteme bağlandı ve denetim altına alındı.
2026-08-31 14:50:20,492 - TRMWatchdog - INFO - [trm_worker.py] [CoreNexus] MarketIntelAgent_10 başarıyla sisteme bağlandı ve denetim altına alındı.
2026-08-31 14:50:20,492 - TRMWatchdog - INFO - [trm_worker.py] [CoreNexus] MarketIntelAgent_09 başarıyla sisteme bağlandı ve denetim altına alındı.
2026-08-31 14:50:20,492 - TRMWatchdog - INFO - [trm_worker.py] [CoreNexus] BridgeAgent_01 başarıyla sisteme bağlandı ve denetim altına alındı.
2026-08-31 14:50:20,492 - TRMWatchdog - INFO - [trm_worker.py] [CoreNexus] MarketIntelAgent_10 başarıyla sisteme bağlandı ve denetim altına alındı.
2026-08-31 14:50:20,492 - TRMWatchdog - INFO - [trm_worker.py] [CoreNexus] BridgeAgent_02 başarıyla sisteme bağlandı ve denetim altına alındı.
2026-08-31 14:50:20,492 - TRMWatchdog - INFO - [trm_worker.py] [CoreNexus] BridgeAgent_01 başarıyla sisteme bağlandı ve denetim altına alındı.
2026-08-31 14:50:20,492 - TRMWatchdog - INFO - [trm_worker.py] [CoreNexus] BridgeAgent_03 başarıyla sisteme bağlandı ve denetim altına alındı.
2026-08-31 14:50:20,494 - TRMWatchdog - INFO - [trm_worker.py] [CoreNexus] BridgeAgent_02 başarıyla sisteme bağlandı ve denetim altına alındı.
2026-08-31 14:50:20,494 - TRMWatchdog - INFO - [trm_worker.py] [CoreNexus] BridgeAgent_04 başarıyla sisteme bağlandı ve denetim altına alındı.
2026-08-31 14:50:20,494 - TRMWatchdog - INFO - [trm_worker.py] [CoreNexus] BridgeAgent_03 başarıyla sisteme bağlandı ve denetim altına alındı.
2026-08-31 14:50:20,494 - TRMWatchdog - INFO - [trm_worker.py] [CoreNexus] BridgeAgent_05 başarıyla sisteme bağlandı ve denetim altına alındı.
2026-08-31 14:50:20,494 - TRMWatchdog - INFO - [trm_worker.py] [CoreNexus] BridgeAgent_04 başarıyla sisteme bağlandı ve denetim altına alındı.
2026-08-31 14:50:20,494 - TRMWatchdog - INFO - [trm_worker.py] [CoreNexus] BridgeAgent_06 başarıyla sisteme bağlandı ve denetim altına alındı.
2026-08-31 14:50:20,495 - TRMWatchdog - INFO - [trm_worker.py] [CoreNexus] BridgeAgent_05 başarıyla sisteme bağlandı ve denetim altına alındı.
2026-08-31 14:50:20,495 - TRMWatchdog - INFO - [trm_worker.py] [CoreNexus] BridgeAgent_06 başarıyla sisteme bağlandı ve denetim altına alındı.
2026-08-31 14:50:20,495 - TRMWatchdog - INFO - [trm_worker.py] [CoreNexus] BridgeAgent_07 başarıyla sisteme bağlandı ve denetim altına alındı.
2026-08-31 14:50:20,495 - TRMWatchdog - INFO - [trm_worker.py] [CoreNexus] BridgeAgent_07 başarıyla sisteme bağlandı ve denetim altına alındı.
2026-08-31 14:50:20,495 - TRMWatchdog - INFO - [trm_worker.py] [CoreNexus] BridgeAgent_08 başarıyla sisteme bağlandı ve denetim altına alındı.
2026-08-31 14:50:20,495 - TRMWatchdog - INFO - [trm_worker.py] [CoreNexus] BridgeAgent_08 başarıyla sisteme bağlandı ve denetim altına alındı.
2026-08-31 14:50:20,495 - TRMWatchdog - INFO - [trm_worker.py] [CoreNexus] BridgeAgent_09 başarıyla sisteme bağlandı ve denetim altına alındı.
2026-08-31 14:50:20,495 - TRMWatchdog - INFO - [trm_worker.py] [CoreNexus] BridgeAgent_09 başarıyla sisteme bağlandı ve denetim altına alındı.
2026-08-31 14:50:20,495 - TRMWatchdog - INFO - [trm_worker.py] [CoreNexus] BridgeAgent_10 başarıyla sisteme bağlandı ve denetim altına alındı.
2026-08-31 14:50:20,495 - TRMWatchdog - INFO - [trm_worker.py] [CoreNexus] BridgeAgent_10 başarıyla sisteme bağlandı ve denetim altına alındı.
2026-08-31 14:50:20,495 - TRMWatchdog - INFO - [trm_worker.py] [CoreNexus] BridgeAgent_11 başarıyla sisteme bağlandı ve denetim altına alındı.
2026-08-31 14:50:20,495 - TRMWatchdog - INFO - [trm_worker.py] [CoreNexus] BridgeAgent_11 başarıyla sisteme bağlandı ve denetim altına alındı.
2026-08-31 14:50:20,495 - TRMWatchdog - INFO - [trm_worker.py] [CoreNexus] BridgeAgent_12 başarıyla sisteme bağlandı ve denetim altına alındı.
2026-08-31 14:50:20,495 - TRMWatchdog - INFO - [trm_worker.py] [CoreNexus] BridgeAgent_12 başarıyla sisteme bağlandı ve denetim altına alındı.
2026-08-31 14:50:20,495 - TRMWatchdog - INFO - [trm_worker.py] [CoreNexus] BridgeAgent_13 başarıyla sisteme bağlandı ve denetim altına alındı.
2026-08-31 14:50:20,495 - TRMWatchdog - INFO - [trm_worker.py] [CoreNexus] BridgeAgent_13 başarıyla sisteme bağlandı ve denetim altına alındı.
2026-08-31 14:50:20,495 - TRMWatchdog - INFO - [trm_worker.py] [CoreNexus] BridgeAgent_14 başarıyla sisteme bağlandı ve denetim altına alındı.
2026-08-31 14:50:20,495 - TRMWatchdog - INFO - [trm_worker.py] [CoreNexus] BridgeAgent_14 başarıyla sisteme bağlandı ve denetim altına alındı.
2026-08-31 14:50:20,495 - TRMWatchdog - INFO - [trm_worker.py] [CoreNexus] BridgeAgent_15 başarıyla sisteme bağlandı ve denetim altına alındı.
2026-08-31 14:50:20,495 - TRMWatchdog - INFO - [trm_worker.py] [CoreNexus] BridgeAgent_15 başarıyla sisteme bağlandı ve denetim altına alındı.
2026-08-31 14:50:20,495 - TRMWatchdog - INFO - [trm_worker.py] [CoreNexus] Content_Generator_Agent başarıyla sisteme bağlandı ve denetim altına alındı.
2026-08-31 14:50:20,495 - TRMWatchdog - INFO - [trm_worker.py] [CoreNexus] Content_Generator_Agent başarıyla sisteme bağlandı ve denetim altına alındı.
2026-08-31 14:50:20,495 - TRMWatchdog - INFO - [trm_worker.py] [CoreNexus] QueueAgent başarıyla sisteme bağlandı ve denetim altına alındı.
2026-08-31 14:50:20,495 - TRMWatchdog - INFO - [trm_worker.py] [CoreNexus] QueueAgent başarıyla sisteme bağlandı ve denetim altına alındı.
2026-08-31 14:50:20,495 - TRMWatchdog - INFO - [trm_worker.py] [CoreNexus] PosterAgent başarıyla sisteme bağlandı ve denetim altına alındı.
2026-08-31 14:50:20,495 - TRMWatchdog - INFO - [trm_worker.py] [CoreNexus] PosterAgent başarıyla sisteme bağlandı ve denetim altına alındı.
2026-08-31 14:50:20,495 - TRMWatchdog - INFO - [trm_worker.py] [CoreNexus] SentinelAgent_01 başarıyla sisteme bağlandı ve denetim altına alındı.
2026-08-31 14:50:20,495 - TRMWatchdog - INFO - [trm_worker.py] [CoreNexus] SentinelAgent_01 başarıyla sisteme bağlandı ve denetim altına alındı.
2026-08-31 14:50:20,495 - TRMWatchdog - INFO - [trm_worker.py] [CoreNexus] SentinelAgent_02 başarıyla sisteme bağlandı ve denetim altına alındı.
2026-08-31 14:50:20,495 - TRMWatchdog - INFO - [trm_worker.py] [CoreNexus] SentinelAgent_02 başarıyla sisteme bağlandı ve denetim altına alındı.
2026-08-31 14:50:20,495 - TRMWatchdog - INFO - [trm_worker.py] [CoreNexus] SentinelAgent_03 başarıyla sisteme bağlandı ve denetim altına alındı.
2026-08-31 14:50:20,495 - TRMWatchdog - INFO - [trm_worker.py] [CoreNexus] SentinelAgent_03 başarıyla sisteme bağlandı ve denetim altına alındı.
2026-08-31 14:50:20,500 - TRMWatchdog - INFO - [trm_worker.py] [CoreNexus] SentinelAgent_04 başarıyla sisteme bağlandı ve denetim altına alındı.
2026-08-31 14:50:20,500 - TRMWatchdog - INFO - [trm_worker.py] [CoreNexus] SentinelAgent_04 başarıyla sisteme bağlandı ve denetim altına alındı.
2026-08-31 14:50:20,500 - TRMWatchdog - INFO - [trm_worker.py] [CoreNexus] SentinelAgent_05 başarıyla sisteme bağlandı ve denetim altına alındı.
2026-08-31 14:50:20,500 - TRMWatchdog - INFO - [trm_worker.py] [CoreNexus] SentinelAgent_05 başarıyla sisteme bağlandı ve denetim altına alındı.
2026-08-31 14:50:20,500 - TRMWatchdog - INFO - [trm_worker.py] [CoreNexus] SentinelAgent_06 başarıyla sisteme bağlandı ve denetim altına alındı.
2026-08-31 14:50:20,500 - TRMWatchdog - INFO - [trm_worker.py] [CoreNexus] SentinelAgent_06 başarıyla sisteme bağlandı ve denetim altına alındı.
2026-08-31 14:50:20,500 - TRMWatchdog - INFO - [trm_worker.py] [CoreNexus] SentinelAgent_07 başarıyla sisteme bağlandı ve denetim altına alındı.
2026-08-31 14:50:20,500 - TRMWatchdog - INFO - [trm_worker.py] [CoreNexus] SentinelAgent_07 başarıyla sisteme bağlandı ve denetim altına alındı.
2026-08-31 14:50:20,500 - TRMWatchdog - INFO - [trm_worker.py] [CoreNexus] SentinelAgent_08 başarıyla sisteme bağlandı ve denetim altına alındı.
2026-08-31 14:50:20,500 - TRMWatchdog - INFO - [trm_worker.py] [CoreNexus] SentinelAgent_08 başarıyla sisteme bağlandı ve denetim altına alındı.
2026-08-31 14:50:20,500 - TRMWatchdog - INFO - [trm_worker.py] [CoreNexus] SentinelAgent_09 başarıyla sisteme bağlandı ve denetim altına alındı.
2026-08-31 14:50:20,500 - TRMWatchdog - INFO - [trm_worker.py] [CoreNexus] SentinelAgent_09 başarıyla sisteme bağlandı ve denetim altına alındı.
2026-08-31 14:50:20,500 - TRMWatchdog - INFO - [trm_worker.py] [CoreNexus] SentinelAgent_10 başarıyla sisteme bağlandı ve denetim altına alındı.
2026-08-31 14:50:20,500 - TRMWatchdog - INFO - [trm_worker.py] [CoreNexus] SentinelAgent_10 başarıyla sisteme bağlandı ve denetim altına alındı.
2026-08-31 14:50:20,500 - TRMWatchdog - INFO - [trm_worker.py] [CoreNexus] HealthCheckAgent başarıyla sisteme bağlandı ve denetim altına alındı.
2026-08-31 14:50:20,500 - TRMWatchdog - INFO - [trm_worker.py] [CoreNexus] HealthCheckAgent başarıyla sisteme bağlandı ve denetim altına alındı.
2026-08-31 14:50:20,500 - TRMWatchdog - INFO - [trm_worker.py] [Camouflage] Teknik Maskeleme Aktif: IP ve Cihaz İzleri Temizleniyor...
2026-08-31 14:50:20,502 - TRMWatchdog - INFO - [trm_worker.py] [Camouflage] Teknik Maskeleme Aktif: IP ve Cihaz İzleri Temizleniyor...
2026-08-31 14:50:20,502 - TRMWatchdog - INFO - [trm_worker.py] [AnalystAgent] Trend raporu kaydedildi: C:\Users\Habitat\Desktop\SOSYAL _İMECE\trend_raporlari.json
2026-08-31 14:50:20,502 - TRMWatchdog - INFO - [trm_worker.py] [AnalystAgent] Trend raporu kaydedildi: C:\Users\Habitat\Desktop\SOSYAL _İMECE\trend_raporlari.json
2026-08-31 14:50:20,502 - TRMWatchdog - INFO - [trm_worker.py] [CoreNexus] CamouflageAgent senkronize ediliyor...
2026-08-31 14:50:20,502 - TRMWatchdog - INFO - [trm_worker.py] [CoreNexus] CamouflageAgent senkronize ediliyor...
2026-08-31 14:50:20,502 - TRMWatchdog - INFO - [trm_worker.py] [CoreNexus] AccountManagerAgent senkronize ediliyor...
2026-08-31 14:50:20,502 - TRMWatchdog - INFO - [trm_worker.py] [CoreNexus] AccountManagerAgent senkronize ediliyor...
2026-08-31 14:50:20,502 - TRMWatchdog - INFO - [trm_worker.py] [CoreNexus] MarketIntelAgent_01 senkronize ediliyor...
2026-08-31 14:50:20,502 - TRMWatchdog - INFO - [trm_worker.py] [CoreNexus] MarketIntelAgent_01 senkronize ediliyor...
2026-08-31 14:50:20,502 - TRMWatchdog - INFO - [trm_worker.py] [CoreNexus] MarketIntelAgent_02 senkronize ediliyor...
2026-08-31 14:50:20,503 - TRMWatchdog - INFO - [trm_worker.py] [CoreNexus] MarketIntelAgent_02 senkronize ediliyor...
2026-08-31 14:50:20,503 - TRMWatchdog - INFO - [trm_worker.py] [CoreNexus] MarketIntelAgent_03 senkronize ediliyor...
2026-08-31 14:50:20,503 - TRMWatchdog - INFO - [trm_worker.py] [CoreNexus] MarketIntelAgent_03 senkronize ediliyor...
2026-08-31 14:50:20,503 - TRMWatchdog - INFO - [trm_worker.py] [CoreNexus] MarketIntelAgent_04 senkronize ediliyor...
2026-08-31 14:50:20,503 - TRMWatchdog - INFO - [trm_worker.py] [CoreNexus] MarketIntelAgent_04 senkronize ediliyor...
2026-08-31 14:50:20,503 - TRMWatchdog - INFO - [trm_worker.py] [CoreNexus] MarketIntelAgent_05 senkronize ediliyor...
2026-08-31 14:50:20,503 - TRMWatchdog - INFO - [trm_worker.py] [CoreNexus] MarketIntelAgent_05 senkronize ediliyor...
2026-08-31 14:50:20,503 - TRMWatchdog - INFO - [trm_worker.py] [CoreNexus] MarketIntelAgent_06 senkronize ediliyor...
2026-08-31 14:50:20,503 - TRMWatchdog - INFO - [trm_worker.py] [CoreNexus] MarketIntelAgent_06 senkronize ediliyor...
2026-08-31 14:50:20,504 - TRMWatchdog - INFO - [trm_worker.py] [CoreNexus] MarketIntelAgent_07 senkronize ediliyor...
2026-08-31 14:50:20,504 - TRMWatchdog - INFO - [trm_worker.py] [CoreNexus] MarketIntelAgent_07 senkronize ediliyor...
2026-08-31 14:50:20,504 - TRMWatchdog - INFO - [trm_worker.py] [CoreNexus] MarketIntelAgent_08 senkronize ediliyor...
2026-08-31 14:50:20,504 - TRMWatchdog - INFO - [trm_worker.py] [CoreNexus] MarketIntelAgent_08 senkronize ediliyor...
2026-08-31 14:50:20,504 - TRMWatchdog - INFO - [trm_worker.py] [CoreNexus] MarketIntelAgent_09 senkronize ediliyor...
2026-08-31 14:50:20,504 - TRMWatchdog - INFO - [trm_worker.py] [CoreNexus] MarketIntelAgent_09 senkronize ediliyor...
2026-08-31 14:50:20,504 - TRMWatchdog - INFO - [trm_worker.py] [CoreNexus] MarketIntelAgent_10 senkronize ediliyor...
2026-08-31 14:50:20,504 - TRMWatchdog - INFO - [trm_worker.py] [CoreNexus] MarketIntelAgent_10 senkronize ediliyor...
2026-08-31 14:50:20,504 - TRMWatchdog - INFO - [trm_worker.py] [CoreNexus] BridgeAgent_01 senkronize ediliyor...
2026-08-31 14:50:20,505 - TRMWatchdog - INFO - [trm_worker.py] [CoreNexus] BridgeAgent_01 senkronize ediliyor...
2026-08-31 14:50:20,505 - TRMWatchdog - INFO - [trm_worker.py] [CoreNexus] BridgeAgent_02 senkronize ediliyor...
2026-08-31 14:50:20,505 - TRMWatchdog - INFO - [trm_worker.py] [CoreNexus] BridgeAgent_02 senkronize ediliyor...
2026-08-31 14:50:20,505 - TRMWatchdog - INFO - [trm_worker.py] [CoreNexus] BridgeAgent_03 senkronize ediliyor...
2026-08-31 14:50:20,505 - TRMWatchdog - INFO - [trm_worker.py] [CoreNexus] BridgeAgent_03 senkronize ediliyor...
2026-08-31 14:50:20,505 - TRMWatchdog - INFO - [trm_worker.py] [CoreNexus] BridgeAgent_04 senkronize ediliyor...
2026-08-31 14:50:20,505 - TRMWatchdog - INFO - [trm_worker.py] [CoreNexus] BridgeAgent_04 senkronize ediliyor...
2026-08-31 14:50:20,505 - TRMWatchdog - INFO - [trm_worker.py] [CoreNexus] BridgeAgent_05 senkronize ediliyor...
2026-08-31 14:50:20,505 - TRMWatchdog - INFO - [trm_worker.py] [CoreNexus] BridgeAgent_05 senkronize ediliyor...
2026-08-31 14:50:20,505 - TRMWatchdog - INFO - [trm_worker.py] [CoreNexus] BridgeAgent_06 senkronize ediliyor...
2026-08-31 14:50:20,505 - TRMWatchdog - INFO - [trm_worker.py] [CoreNexus] BridgeAgent_06 senkronize ediliyor...
2026-08-31 14:50:20,505 - TRMWatchdog - INFO - [trm_worker.py] [CoreNexus] BridgeAgent_07 senkronize ediliyor...
2026-08-31 14:50:20,505 - TRMWatchdog - INFO - [trm_worker.py] [CoreNexus] BridgeAgent_07 senkronize ediliyor...
2026-08-31 14:50:20,507 - TRMWatchdog - INFO - [trm_worker.py] [CoreNexus] BridgeAgent_08 senkronize ediliyor...
2026-08-31 14:50:20,507 - TRMWatchdog - INFO - [trm_worker.py] [CoreNexus] BridgeAgent_08 senkronize ediliyor...
2026-08-31 14:50:20,507 - TRMWatchdog - INFO - [trm_worker.py] [CoreNexus] BridgeAgent_09 senkronize ediliyor...
2026-08-31 14:50:20,507 - TRMWatchdog - INFO - [trm_worker.py] [CoreNexus] BridgeAgent_09 senkronize ediliyor...
2026-08-31 14:50:20,507 - TRMWatchdog - INFO - [trm_worker.py] [CoreNexus] BridgeAgent_10 senkronize ediliyor...
2026-08-31 14:50:20,507 - TRMWatchdog - INFO - [trm_worker.py] [CoreNexus] BridgeAgent_10 senkronize ediliyor...
2026-08-31 14:50:20,507 - TRMWatchdog - INFO - [trm_worker.py] [CoreNexus] BridgeAgent_11 senkronize ediliyor...
2026-08-31 14:50:20,507 - TRMWatchdog - INFO - [trm_worker.py] [CoreNexus] BridgeAgent_11 senkronize ediliyor...
2026-08-31 14:50:20,507 - TRMWatchdog - INFO - [trm_worker.py] [CoreNexus] BridgeAgent_12 senkronize ediliyor...
2026-08-31 14:50:20,507 - TRMWatchdog - INFO - [trm_worker.py] [CoreNexus] BridgeAgent_12 senkronize ediliyor...
2026-08-31 14:50:20,507 - TRMWatchdog - INFO - [trm_worker.py] [CoreNexus] BridgeAgent_13 senkronize ediliyor...
2026-08-31 14:50:20,507 - TRMWatchdog - INFO - [trm_worker.py] [CoreNexus] BridgeAgent_13 senkronize ediliyor...
2026-08-31 14:50:20,507 - TRMWatchdog - INFO - [trm_worker.py] [CoreNexus] BridgeAgent_14 senkronize ediliyor...
2026-08-31 14:50:20,507 - TRMWatchdog - INFO - [trm_worker.py] [CoreNexus] BridgeAgent_14 senkronize ediliyor...
2026-08-31 14:50:20,507 - TRMWatchdog - INFO - [trm_worker.py] [CoreNexus] BridgeAgent_15 senkronize ediliyor...
2026-08-31 14:50:20,507 - TRMWatchdog - INFO - [trm_worker.py] [CoreNexus] BridgeAgent_15 senkronize ediliyor...
2026-08-31 14:50:20,507 - TRMWatchdog - INFO - [trm_worker.py] [CoreNexus] Content_Generator_Agent senkronize ediliyor...
2026-08-31 14:50:20,507 - TRMWatchdog - INFO - [trm_worker.py] [CoreNexus] Content_Generator_Agent senkronize ediliyor...
2026-08-31 14:50:20,507 - TRMWatchdog - INFO - [trm_worker.py] [CoreNexus] QueueAgent senkronize ediliyor...
2026-08-31 14:50:20,507 - TRMWatchdog - INFO - [trm_worker.py] [CoreNexus] QueueAgent senkronize ediliyor...
2026-08-31 14:50:20,507 - TRMWatchdog - INFO - [trm_worker.py] [CoreNexus] PosterAgent senkronize ediliyor...
2026-08-31 14:50:20,507 - TRMWatchdog - INFO - [trm_worker.py] [CoreNexus] PosterAgent senkronize ediliyor...
2026-08-31 14:50:20,507 - TRMWatchdog - INFO - [trm_worker.py] 2026-08-31 14:50:20,415 [INFO] social_media_automation: 🔒 Maskelenmiş parmak izi: {'platform': 'Linux x86_64', 'screen_resolution': '2560x1440', 'accept_language': 'tr-TR,tr;q=0.9,en-US;q=0.8', 'webgl_vendor': 'Google Inc. (NVIDIA)', 'canvas_hash': '0x2472485'}
2026-08-31 14:50:20,507 - TRMWatchdog - INFO - [trm_worker.py] 2026-08-31 14:50:20,415 [INFO] social_media_automation: 🔒 Maskelenmiş parmak izi: {'platform': 'Linux x86_64', 'screen_resolution': '2560x1440', 'accept_language': 'tr-TR,tr;q=0.9,en-US;q=0.8', 'webgl_vendor': 'Google Inc. (NVIDIA)', 'canvas_hash': '0x2472485'}
2026-08-31 14:50:27,042 - TRMWatchdog - INFO - [trm_worker.py] 2026-08-31 14:50:27,039 [INFO] social_media_automation: ⏱️ Chaos jitter bekleme süresi: 6.62s
2026-08-31 14:50:27,043 - TRMWatchdog - INFO - [trm_worker.py] 2026-08-31 14:50:27,039 [INFO] social_media_automation: ⏱️ Chaos jitter bekleme süresi: 6.62s
2026-08-31 14:50:27,546 - TRMWatchdog - INFO - [trm_worker.py] 2026-08-31 14:50:27,511 [WARNING] social_media_automation: ⚠️ Deneme 1/3 basarisiz: 400 Client Error: Bad Request for url: https://graph.instagram.com/v19.0//media?image_url=&caption=Kozmetik+Cilt+Bakim+Seti+i%C3%A7in+alarm+verildi.%0AFiyat%3A+499.50+TL%0AKomisyon%3A+%2535.0+%7C+Tahmini+kazan%C3%A7%3A+174.82+TL%0ABu+%C3%BCr%C3%BCn+%C5%9Fu+an+payla%C5%9F%C4%B1lmazsa+f%C4%B1rsat+ka%C3%A7abilir.+Hemen+linke+y%C3%B6nlendir.%0A%0A%23trendurun+%23yuksekkomisyon+%23satisfirsati+%23hemenincele+%23eticaret%0A%0Ahttps%3A%2F%2Fwww.trendyol.com%2Fkozmetik%2Fcilt-bakim%2Fcilt-bakim-seti&access_token=. 2.5s bekleniyor...
2026-08-31 14:50:27,546 - TRMWatchdog - INFO - [trm_worker.py] 2026-08-31 14:50:27,511 [WARNING] social_media_automation: ⚠️ Deneme 1/3 basarisiz: 400 Client Error: Bad Request for url: https://graph.instagram.com/v19.0//media?image_url=&caption=Kozmetik+Cilt+Bakim+Seti+i%C3%A7in+alarm+verildi.%0AFiyat%3A+499.50+TL%0AKomisyon%3A+%2535.0+%7C+Tahmini+kazan%C3%A7%3A+174.82+TL%0ABu+%C3%BCr%C3%BCn+%C5%9Fu+an+payla%C5%9F%C4%B1lmazsa+f%C4%B1rsat+ka%C3%A7abilir.+Hemen+linke+y%C3%B6nlendir.%0A%0A%23trendurun+%23yuksekkomisyon+%23satisfirsati+%23hemenincele+%23eticaret%0A%0Ahttps%3A%2F%2Fwww.trendyol.com%2Fkozmetik%2Fcilt-bakim%2Fcilt-bakim-seti&access_token=. 2.5s bekleniyor...
2026-08-31 14:50:28,705 - TRMWatchdog - WARNING - Kritik süreç durdu: python orchestrator_api.py - yeniden başlatılıyor...
2026-08-31 14:50:28,724 - TRMWatchdog - INFO - Process python log dosyası: orchestrator_api.log
2026-08-31 14:50:28,727 - TRMWatchdog - INFO - Process python başlatıldı. Çıktıları orchestrator_api.log dosyasına ve konsola yazılıyor.
2026-08-31 14:50:28,727 - TRMWatchdog - INFO - Process python başarıyla yeniden başlatıldı (PID: 8384, deneme 2)
2026-08-31 14:50:30,559 - TRMWatchdog - INFO - [trm_worker.py] 2026-08-31 14:50:30,531 [WARNING] social_media_automation: ⚠️ Deneme 2/3 basarisiz: 400 Client Error: Bad Request for url: https://graph.instagram.com/v19.0//media?image_url=&caption=Kozmetik+Cilt+Bakim+Seti+i%C3%A7in+alarm+verildi.%0AFiyat%3A+499.50+TL%0AKomisyon%3A+%2535.0+%7C+Tahmini+kazan%C3%A7%3A+174.82+TL%0ABu+%C3%BCr%C3%BCn+%C5%9Fu+an+payla%C5%9F%C4%B1lmazsa+f%C4%B1rsat+ka%C3%A7abilir.+Hemen+linke+y%C3%B6nlendir.%0A%0A%23trendurun+%23yuksekkomisyon+%23satisfirsati+%23hemenincele+%23eticaret%0A%0Ahttps%3A%2F%2Fwww.trendyol.com%2Fkozmetik%2Fcilt-bakim%2Fcilt-bakim-seti&access_token=. 4.2s bekleniyor...
2026-08-31 14:50:30,560 - TRMWatchdog - INFO - [trm_worker.py] 2026-08-31 14:50:30,531 [WARNING] social_media_automation: ⚠️ Deneme 2/3 basarisiz: 400 Client Error: Bad Request for url: https://graph.instagram.com/v19.0//media?image_url=&caption=Kozmetik+Cilt+Bakim+Seti+i%C3%A7in+alarm+verildi.%0AFiyat%3A+499.50+TL%0AKomisyon%3A+%2535.0+%7C+Tahmini+kazan%C3%A7%3A+174.82+TL%0ABu+%C3%BCr%C3%BCn+%C5%9Fu+an+payla%C5%9F%C4%B1lmazsa+f%C4%B1rsat+ka%C3%A7abilir.+Hemen+linke+y%C3%B6nlendir.%0A%0A%23trendurun+%23yuksekkomisyon+%23satisfirsati+%23hemenincele+%23eticaret%0A%0Ahttps%3A%2F%2Fwww.trendyol.com%2Fkozmetik%2Fcilt-bakim%2Fcilt-bakim-seti&access_token=. 4.2s bekleniyor...
2026-08-31 14:50:35,287 - TRMWatchdog - INFO - [trm_worker.py] 2026-08-31 14:50:35,186 [ERROR] social_media_automation: ❌ Instagram hata: 400 Client Error: Bad Request for url: https://graph.instagram.com/v19.0//media?image_url=&caption=Kozmetik+Cilt+Bakim+Seti+i%C3%A7in+alarm+verildi.%0AFiyat%3A+499.50+TL%0AKomisyon%3A+%2535.0+%7C+Tahmini+kazan%C3%A7%3A+174.82+TL%0ABu+%C3%BCr%C3%BCn+%C5%9Fu+an+payla%C5%9F%C4%B1lmazsa+f%C4%B1rsat+ka%C3%A7abilir.+Hemen+linke+y%C3%B6nlendir.%0A%0A%23trendurun+%23yuksekkomisyon+%23satisfirsati+%23hemenincele+%23eticaret%0A%0Ahttps%3A%2F%2Fwww.trendyol.com%2Fkozmetik%2Fcilt-bakim%2Fcilt-bakim-seti&access_token=
2026-08-31 14:50:35,287 - TRMWatchdog - INFO - [trm_worker.py] 2026-08-31 14:50:35,186 [ERROR] social_media_automation: ❌ Instagram hata: 400 Client Error: Bad Request for url: https://graph.instagram.com/v19.0//media?image_url=&caption=Kozmetik+Cilt+Bakim+Seti+i%C3%A7in+alarm+verildi.%0AFiyat%3A+499.50+TL%0AKomisyon%3A+%2535.0+%7C+Tahmini+kazan%C3%A7%3A+174.82+TL%0ABu+%C3%BCr%C3%BCn+%C5%9Fu+an+payla%C5%9F%C4%B1lmazsa+f%C4%B1rsat+ka%C3%A7abilir.+Hemen+linke+y%C3%B6nlendir.%0A%0A%23trendurun+%23yuksekkomisyon+%23satisfirsati+%23hemenincele+%23eticaret%0A%0Ahttps%3A%2F%2Fwww.trendyol.com%2Fkozmetik%2Fcilt-bakim%2Fcilt-bakim-seti&access_token=
2026-08-31 14:50:35,287 - TRMWatchdog - INFO - [trm_worker.py] 2026-08-31 14:50:35,186 [INFO] social_media_automation: 🔒 Maskelenmiş parmak izi: {'platform': 'Linux x86_64', 'screen_resolution': '2560x1440', 'accept_language': 'tr-TR,tr;q=0.9,en-US;q=0.8', 'webgl_vendor': 'Google Inc. (NVIDIA)', 'canvas_hash': '0x2472485'}
2026-08-31 14:50:35,287 - TRMWatchdog - INFO - [trm_worker.py] 2026-08-31 14:50:35,186 [INFO] social_media_automation: 🔒 Maskelenmiş parmak izi: {'platform': 'Linux x86_64', 'screen_resolution': '2560x1440', 'accept_language': 'tr-TR,tr;q=0.9,en-US;q=0.8', 'webgl_vendor': 'Google Inc. (NVIDIA)', 'canvas_hash': '0x2472485'}
2026-08-31 14:50:38,762 - TRMWatchdog - INFO - python trm_worker.py run: DURDU - PID: None - TRM Worker Servisi
2026-08-31 14:50:38,762 - TRMWatchdog - INFO - python orchestrator_api.py: DURDU - PID: None - Orchestrator API Servisi
2026-08-31 14:50:38,762 - TRMWatchdog - INFO - streamlit run app.py: DURDU - PID: None - Streamlit Dashboard
2026-08-31 14:50:41,523 - TRMWatchdog - INFO - [trm_worker.py] 2026-08-31 14:50:41,466 [INFO] social_media_automation: ⏱️ Chaos jitter bekleme süresi: 6.27s
2026-08-31 14:50:41,523 - TRMWatchdog - INFO - [trm_worker.py] 2026-08-31 14:50:41,466 [INFO] social_media_automation: ⏱️ Chaos jitter bekleme süresi: 6.27s
2026-08-31 14:50:41,523 - TRMWatchdog - INFO - [trm_worker.py] 2026-08-31 14:50:41,466 [ERROR] social_media_automation: CALISMA MODU: LIVE | Facebook token eksik — guvenli dur
2026-08-31 14:50:41,523 - TRMWatchdog - INFO - [trm_worker.py] 2026-08-31 14:50:41,466 [ERROR] social_media_automation: CALISMA MODU: LIVE | Facebook token eksik — guvenli dur
2026-08-31 14:50:41,624 - TRMWatchdog - INFO - [trm_worker.py] [CoreNexus] SentinelAgent_01 senkronize ediliyor...
2026-08-31 14:50:41,624 - TRMWatchdog - INFO - [trm_worker.py] [CoreNexus] SentinelAgent_02 senkronize ediliyor...
2026-08-31 14:50:41,624 - TRMWatchdog - INFO - [trm_worker.py] [CoreNexus] SentinelAgent_01 senkronize ediliyor...
2026-08-31 14:50:41,624 - TRMWatchdog - INFO - [trm_worker.py] [CoreNexus] SentinelAgent_03 senkronize ediliyor...
2026-08-31 14:50:41,624 - TRMWatchdog - INFO - [trm_worker.py] [CoreNexus] SentinelAgent_02 senkronize ediliyor...
2026-08-31 14:50:41,624 - TRMWatchdog - INFO - [trm_worker.py] [CoreNexus] SentinelAgent_04 senkronize ediliyor...
2026-08-31 14:50:41,624 - TRMWatchdog - INFO - [trm_worker.py] [CoreNexus] SentinelAgent_03 senkronize ediliyor...
2026-08-31 14:50:41,626 - TRMWatchdog - INFO - [trm_worker.py] [CoreNexus] SentinelAgent_05 senkronize ediliyor...
2026-08-31 14:50:41,626 - TRMWatchdog - INFO - [trm_worker.py] [CoreNexus] SentinelAgent_04 senkronize ediliyor...
2026-08-31 14:50:41,626 - TRMWatchdog - INFO - [trm_worker.py] [CoreNexus] SentinelAgent_06 senkronize ediliyor...
2026-08-31 14:50:41,626 - TRMWatchdog - INFO - [trm_worker.py] [CoreNexus] SentinelAgent_05 senkronize ediliyor...
2026-08-31 14:50:41,627 - TRMWatchdog - INFO - [trm_worker.py] [CoreNexus] SentinelAgent_07 senkronize ediliyor...
2026-08-31 14:50:41,627 - TRMWatchdog - INFO - [trm_worker.py] [CoreNexus] SentinelAgent_06 senkronize ediliyor...
2026-08-31 14:50:41,627 - TRMWatchdog - INFO - [trm_worker.py] [CoreNexus] SentinelAgent_08 senkronize ediliyor...
2026-08-31 14:50:41,627 - TRMWatchdog - INFO - [trm_worker.py] [CoreNexus] SentinelAgent_07 senkronize ediliyor...
2026-08-31 14:50:41,627 - TRMWatchdog - INFO - [trm_worker.py] [CoreNexus] SentinelAgent_09 senkronize ediliyor...
2026-08-31 14:50:41,628 - TRMWatchdog - INFO - [trm_worker.py] [CoreNexus] SentinelAgent_08 senkronize ediliyor...
2026-08-31 14:50:41,628 - TRMWatchdog - INFO - [trm_worker.py] [CoreNexus] SentinelAgent_10 senkronize ediliyor...
2026-08-31 14:50:41,628 - TRMWatchdog - INFO - [trm_worker.py] [CoreNexus] SentinelAgent_09 senkronize ediliyor...
2026-08-31 14:50:41,628 - TRMWatchdog - INFO - [trm_worker.py] [CoreNexus] HealthCheckAgent senkronize ediliyor...
2026-08-31 14:50:41,628 - TRMWatchdog - INFO - [trm_worker.py] [CoreNexus] SentinelAgent_10 senkronize ediliyor...
2026-08-31 14:50:41,628 - TRMWatchdog - INFO - [trm_worker.py] 2026-08-31 14:50:41,610 [INFO] TRMWorker: Nabiz atisi kaydedildi: {'worker_state': 'alive', 'cycle_started_at': '2026-08-31 14:50:20', 'last_cycle_at': '2026-08-31 14:50:41', 'last_mode': 'full_cycle', 'queue_summary': {'queued': 3, 'posted': 0, 'pending_retry': 0}, 'active_agents': ['CamouflageAgent', 'AccountManagerAgent', 'MarketIntelAgent_01', 'MarketIntelAgent_02', 'MarketIntelAgent_03', 'MarketIntelAgent_04', 'MarketIntelAgent_05', 'MarketIntelAgent_06', 'MarketIntelAgent_07', 'MarketIntelAgent_08', 'MarketIntelAgent_09', 'MarketIntelAgent_10', 'BridgeAgent_01', 'BridgeAgent_02', 'BridgeAgent_03', 'BridgeAgent_04', 'BridgeAgent_05', 'BridgeAgent_06', 'BridgeAgent_07', 'BridgeAgent_08', 'BridgeAgent_09', 'BridgeAgent_10', 'BridgeAgent_11', 'BridgeAgent_12', 'BridgeAgent_13', 'BridgeAgent_14', 'BridgeAgent_15', 'Content_Generator_Agent', 'QueueAgent', 'PosterAgent', 'SentinelAgent_01', 'SentinelAgent_02', 'SentinelAgent_03', 'SentinelAgent_04', 'SentinelAgent_05', 'SentinelAgent_06', 'SentinelAgent_07', 'SentinelAgent_08', 'SentinelAgent_09', 'SentinelAgent_10', 'HealthCheckAgent'], 'security_status': {'zero_trust_enabled': True, 'stealth_mode_enabled': True, 'registered_agents': ['CamouflageAgent', 'AccountManagerAgent', 'MarketIntelAgent_01', 'MarketIntelAgent_02', 'MarketIntelAgent_03', 'MarketIntelAgent_04', 'MarketIntelAgent_05', 'MarketIntelAgent_06', 'MarketIntelAgent_07', 'MarketIntelAgent_08', 'MarketIntelAgent_09', 'MarketIntelAgent_10', 'BridgeAgent_01', 'BridgeAgent_02', 'BridgeAgent_03', 'BridgeAgent_04', 'BridgeAgent_05', 'BridgeAgent_06', 'BridgeAgent_07', 'BridgeAgent_08', 'BridgeAgent_09', 'BridgeAgent_10', 'BridgeAgent_11', 'BridgeAgent_12', 'BridgeAgent_13', 'BridgeAgent_14', 'BridgeAgent_15', 'Content_Generator_Agent', 'QueueAgent', 'PosterAgent', 'SentinelAgent_01', 'SentinelAgent_02', 'SentinelAgent_03', 'SentinelAgent_04', 'SentinelAgent_05', 'SentinelAgent_06', 'SentinelAgent_07', 'SentinelAgent_08', 'SentinelAgent_09', 'SentinelAgent_10', 'HealthCheckAgent'], 'encrypted_snapshots': 7, 'protection_backend': 'windows-dpapi', 'domain': 'trm-operations.net', 'connected_agents': 41}, 'agent_capacity_snapshot': {'baseline_agents': 165, 'market_intel_agents': 10, 'bridge_agents': 15, 'sentinel_agents': 10, 'expansion_total': 35, 'total_capacity': 200}, 'heartbeat_capacity_total': 200, 'performance_metrics': {'heartbeat_speed_per_sec': 0.68, 'earnings_efficiency': 58.27, 'autonomous_success_rate': 0.0, 'active_agent_count': 41}}
2026-08-31 14:50:41,628 - TRMWatchdog - INFO - [trm_worker.py] [CoreNexus] HealthCheckAgent senkronize ediliyor...
2026-08-31 14:50:41,628 - TRMWatchdog - INFO - [trm_worker.py] 2026-08-31 14:50:41,610 [INFO] TRMWorker: Dongu tamamlandi | mod=full_cycle | kuyruk={'queued': 3, 'posted': 0, 'pending_retry': 0}
2026-08-31 14:50:41,630 - TRMWatchdog - INFO - [trm_worker.py] 2026-08-31 14:50:41,610 [INFO] TRMWorker: Nabiz atisi kaydedildi: {'worker_state': 'alive', 'cycle_started_at': '2026-08-31 14:50:20', 'last_cycle_at': '2026-08-31 14:50:41', 'last_mode': 'full_cycle', 'queue_summary': {'queued': 3, 'posted': 0, 'pending_retry': 0}, 'active_agents': ['CamouflageAgent', 'AccountManagerAgent', 'MarketIntelAgent_01', 'MarketIntelAgent_02', 'MarketIntelAgent_03', 'MarketIntelAgent_04', 'MarketIntelAgent_05', 'MarketIntelAgent_06', 'MarketIntelAgent_07', 'MarketIntelAgent_08', 'MarketIntelAgent_09', 'MarketIntelAgent_10', 'BridgeAgent_01', 'BridgeAgent_02', 'BridgeAgent_03', 'BridgeAgent_04', 'BridgeAgent_05', 'BridgeAgent_06', 'BridgeAgent_07', 'BridgeAgent_08', 'BridgeAgent_09', 'BridgeAgent_10', 'BridgeAgent_11', 'BridgeAgent_12', 'BridgeAgent_13', 'BridgeAgent_14', 'BridgeAgent_15', 'Content_Generator_Agent', 'QueueAgent', 'PosterAgent', 'SentinelAgent_01', 'SentinelAgent_02', 'SentinelAgent_03', 'SentinelAgent_04', 'SentinelAgent_05', 'SentinelAgent_06', 'SentinelAgent_07', 'SentinelAgent_08', 'SentinelAgent_09', 'SentinelAgent_10', 'HealthCheckAgent'], 'security_status': {'zero_trust_enabled': True, 'stealth_mode_enabled': True, 'registered_agents': ['CamouflageAgent', 'AccountManagerAgent', 'MarketIntelAgent_01', 'MarketIntelAgent_02', 'MarketIntelAgent_03', 'MarketIntelAgent_04', 'MarketIntelAgent_05', 'MarketIntelAgent_06', 'MarketIntelAgent_07', 'MarketIntelAgent_08', 'MarketIntelAgent_09', 'MarketIntelAgent_10', 'BridgeAgent_01', 'BridgeAgent_02', 'BridgeAgent_03', 'BridgeAgent_04', 'BridgeAgent_05', 'BridgeAgent_06', 'BridgeAgent_07', 'BridgeAgent_08', 'BridgeAgent_09', 'BridgeAgent_10', 'BridgeAgent_11', 'BridgeAgent_12', 'BridgeAgent_13', 'BridgeAgent_14', 'BridgeAgent_15', 'Content_Generator_Agent', 'QueueAgent', 'PosterAgent', 'SentinelAgent_01', 'SentinelAgent_02', 'SentinelAgent_03', 'SentinelAgent_04', 'SentinelAgent_05', 'SentinelAgent_06', 'SentinelAgent_07', 'SentinelAgent_08', 'SentinelAgent_09', 'SentinelAgent_10', 'HealthCheckAgent'], 'encrypted_snapshots': 7, 'protection_backend': 'windows-dpapi', 'domain': 'trm-operations.net', 'connected_agents': 41}, 'agent_capacity_snapshot': {'baseline_agents': 165, 'market_intel_agents': 10, 'bridge_agents': 15, 'sentinel_agents': 10, 'expansion_total': 35, 'total_capacity': 200}, 'heartbeat_capacity_total': 200, 'performance_metrics': {'heartbeat_speed_per_sec': 0.68, 'earnings_efficiency': 58.27, 'autonomous_success_rate': 0.0, 'active_agent_count': 41}}
2026-08-31 14:50:41,630 - TRMWatchdog - INFO - [trm_worker.py] 2026-08-31 14:50:41,610 [INFO] TRMWorker: Dongu tamamlandi | mod=full_cycle | kuyruk={'queued': 3, 'posted': 0, 'pending_retry': 0}
2026-08-31 14:51:08,765 - TRMWatchdog - INFO - === Gözcü Kontrol Döngüsü Başladı ===
2026-08-31 14:51:09,766 - TRMWatchdog - INFO - Sistem CPU: 34.7%, RAM: 87.6%, Disk: 93.1%
2026-08-31 14:51:09,766 - TRMWatchdog - WARNING - Disk kullanımı yüksek: 93.1%
2026-08-31 14:51:09,796 - TRMWatchdog - WARNING - Kritik süreç durdu: python trm_worker.py run - yeniden başlatılıyor...
2026-08-31 14:51:09,819 - TRMWatchdog - INFO - Process python log dosyası: trm_worker.log
2026-08-31 14:51:09,822 - TRMWatchdog - INFO - Process python başlatıldı. Çıktıları trm_worker.log dosyasına ve konsola yazılıyor.
2026-08-31 14:51:09,824 - TRMWatchdog - INFO - Process python başarıyla yeniden başlatıldı (PID: 8088, deneme 3)
2026-08-31 14:51:10,322 - TRMWatchdog - INFO - [trm_worker.py] 2026-08-31 14:51:10,295 [INFO] social_media_automation: CALISMA MODU: LIVE
2026-08-31 14:51:10,323 - TRMWatchdog - INFO - [trm_worker.py] 2026-08-31 14:51:10,295 [INFO] social_media_automation: CALISMA MODU: LIVE
2026-08-31 14:51:10,344 - TRMWatchdog - INFO - [trm_worker.py] 2026-08-31 14:51:10,295 [INFO] social_media_automation: CALISMA MODU: LIVE
2026-08-31 14:51:11,651 - TRMWatchdog - INFO - [trm_worker.py] 2026-08-31 14:51:11,637 [INFO] TRMWorker: TRM worker baslatildi | loop=60s | factory_interval=6:00:00
2026-08-31 14:51:11,651 - TRMWatchdog - INFO - [trm_worker.py] 2026-08-31 14:51:11,638 [WARNING] social_media_automation: ⚠️ Twitter API anahtarlari eksik → mock mod
2026-08-31 14:51:11,651 - TRMWatchdog - INFO - [trm_worker.py] 2026-08-31 14:51:11,638 [WARNING] social_media_automation: ⚠️ Twitter API anahtarlari eksik → mock mod
2026-08-31 14:51:11,729 - TRMWatchdog - INFO - [trm_worker.py] 2026-08-31 14:51:11,637 [INFO] TRMWorker: TRM worker baslatildi | loop=60s | factory_interval=6:00:00
2026-08-31 14:51:11,729 - TRMWatchdog - INFO - [trm_worker.py] 2026-08-31 14:51:11,637 [INFO] TRMWorker: TRM worker baslatildi | loop=60s | factory_interval=6:00:00
2026-08-31 14:51:11,729 - TRMWatchdog - INFO - [trm_worker.py] 2026-08-31 14:51:11,638 [WARNING] social_media_automation: ⚠️ Twitter API anahtarlari eksik → mock mod
2026-08-31 14:51:11,729 - TRMWatchdog - INFO - [trm_worker.py] 2026-08-31 14:51:11,638 [WARNING] social_media_automation: ⚠️ Twitter API anahtarlari eksik → mock mod
2026-08-31 14:51:11,729 - TRMWatchdog - INFO - [trm_worker.py] 2026-08-31 14:51:11,638 [WARNING] social_media_automation: ⚠️ Twitter API anahtarlari eksik → mock mod
2026-08-31 14:51:11,729 - TRMWatchdog - INFO - [trm_worker.py] 2026-08-31 14:51:11,638 [WARNING] social_media_automation: ⚠️ Twitter API anahtarlari eksik → mock mod
2026-08-31 14:51:11,831 - TRMWatchdog - INFO - [trm_worker.py] [CoreNexus] CamouflageAgent başarıyla sisteme bağlandı ve denetim altına alındı.
2026-08-31 14:51:11,831 - TRMWatchdog - INFO - [trm_worker.py] [CoreNexus] CamouflageAgent başarıyla sisteme bağlandı ve denetim altına alındı.
2026-08-31 14:51:11,831 - TRMWatchdog - INFO - [trm_worker.py] [CoreNexus] AccountManagerAgent başarıyla sisteme bağlandı ve denetim altına alındı.
2026-08-31 14:51:11,831 - TRMWatchdog - INFO - [trm_worker.py] [CoreNexus] AccountManagerAgent başarıyla sisteme bağlandı ve denetim altına alındı.
2026-08-31 14:51:11,831 - TRMWatchdog - INFO - [trm_worker.py] [CoreNexus] MarketIntelAgent_01 başarıyla sisteme bağlandı ve denetim altına alındı.
2026-08-31 14:51:11,831 - TRMWatchdog - INFO - [trm_worker.py] [CoreNexus] MarketIntelAgent_01 başarıyla sisteme bağlandı ve denetim altına alındı.
2026-08-31 14:51:11,831 - TRMWatchdog - INFO - [trm_worker.py] [CoreNexus] MarketIntelAgent_02 başarıyla sisteme bağlandı ve denetim altına alındı.
2026-08-31 14:51:11,831 - TRMWatchdog - INFO - [trm_worker.py] [CoreNexus] MarketIntelAgent_02 başarıyla sisteme bağlandı ve denetim altına alındı.
2026-08-31 14:51:11,831 - TRMWatchdog - INFO - [trm_worker.py] [CoreNexus] MarketIntelAgent_03 başarıyla sisteme bağlandı ve denetim altına alındı.
2026-08-31 14:51:11,831 - TRMWatchdog - INFO - [trm_worker.py] [CoreNexus] MarketIntelAgent_03 başarıyla sisteme bağlandı ve denetim altına alındı.
2026-08-31 14:51:11,831 - TRMWatchdog - INFO - [trm_worker.py] [CoreNexus] MarketIntelAgent_04 başarıyla sisteme bağlandı ve denetim altına alındı.
2026-08-31 14:51:11,831 - TRMWatchdog - INFO - [trm_worker.py] [CoreNexus] MarketIntelAgent_04 başarıyla sisteme bağlandı ve denetim altına alındı.
2026-08-31 14:51:11,831 - TRMWatchdog - INFO - [trm_worker.py] [CoreNexus] MarketIntelAgent_05 başarıyla sisteme bağlandı ve denetim altına alındı.
2026-08-31 14:51:11,831 - TRMWatchdog - INFO - [trm_worker.py] [CoreNexus] MarketIntelAgent_05 başarıyla sisteme bağlandı ve denetim altına alındı.
2026-08-31 14:51:11,831 - TRMWatchdog - INFO - [trm_worker.py] [CoreNexus] MarketIntelAgent_06 başarıyla sisteme bağlandı ve denetim altına alındı.
2026-08-31 14:51:11,831 - TRMWatchdog - INFO - [trm_worker.py] [CoreNexus] MarketIntelAgent_06 başarıyla sisteme bağlandı ve denetim altına alındı.
2026-08-31 14:51:11,831 - TRMWatchdog - INFO - [trm_worker.py] [CoreNexus] MarketIntelAgent_07 başarıyla sisteme bağlandı ve denetim altına alındı.
2026-08-31 14:51:11,831 - TRMWatchdog - INFO - [trm_worker.py] [CoreNexus] MarketIntelAgent_07 başarıyla sisteme bağlandı ve denetim altına alındı.
2026-08-31 14:51:11,831 - TRMWatchdog - INFO - [trm_worker.py] [CoreNexus] MarketIntelAgent_08 başarıyla sisteme bağlandı ve denetim altına alındı.
2026-08-31 14:51:11,831 - TRMWatchdog - INFO - [trm_worker.py] [CoreNexus] MarketIntelAgent_08 başarıyla sisteme bağlandı ve denetim altına alındı.
2026-08-31 14:51:11,831 - TRMWatchdog - INFO - [trm_worker.py] [CoreNexus] MarketIntelAgent_09 başarıyla sisteme bağlandı ve denetim altına alındı.
2026-08-31 14:51:11,831 - TRMWatchdog - INFO - [trm_worker.py] [CoreNexus] MarketIntelAgent_09 başarıyla sisteme bağlandı ve denetim altına alındı.
2026-08-31 14:51:11,831 - TRMWatchdog - INFO - [trm_worker.py] [CoreNexus] MarketIntelAgent_10 başarıyla sisteme bağlandı ve denetim altına alındı.
2026-08-31 14:51:11,836 - TRMWatchdog - INFO - [trm_worker.py] [CoreNexus] MarketIntelAgent_10 başarıyla sisteme bağlandı ve denetim altına alındı.
2026-08-31 14:51:11,836 - TRMWatchdog - INFO - [trm_worker.py] [CoreNexus] BridgeAgent_01 başarıyla sisteme bağlandı ve denetim altına alındı.
2026-08-31 14:51:11,836 - TRMWatchdog - INFO - [trm_worker.py] [CoreNexus] BridgeAgent_01 başarıyla sisteme bağlandı ve denetim altına alındı.
2026-08-31 14:51:11,836 - TRMWatchdog - INFO - [trm_worker.py] [CoreNexus] BridgeAgent_02 başarıyla sisteme bağlandı ve denetim altına alındı.
2026-08-31 14:51:11,836 - TRMWatchdog - INFO - [trm_worker.py] [CoreNexus] BridgeAgent_02 başarıyla sisteme bağlandı ve denetim altına alındı.
2026-08-31 14:51:11,836 - TRMWatchdog - INFO - [trm_worker.py] [CoreNexus] BridgeAgent_03 başarıyla sisteme bağlandı ve denetim altına alındı.
2026-08-31 14:51:11,836 - TRMWatchdog - INFO - [trm_worker.py] [CoreNexus] BridgeAgent_03 başarıyla sisteme bağlandı ve denetim altına alındı.
2026-08-31 14:51:11,836 - TRMWatchdog - INFO - [trm_worker.py] [CoreNexus] BridgeAgent_04 başarıyla sisteme bağlandı ve denetim altına alındı.
2026-08-31 14:51:11,836 - TRMWatchdog - INFO - [trm_worker.py] [CoreNexus] BridgeAgent_04 başarıyla sisteme bağlandı ve denetim altına alındı.
2026-08-31 14:51:11,836 - TRMWatchdog - INFO - [trm_worker.py] [CoreNexus] BridgeAgent_05 başarıyla sisteme bağlandı ve denetim altına alındı.
2026-08-31 14:51:11,836 - TRMWatchdog - INFO - [trm_worker.py] [CoreNexus] BridgeAgent_05 başarıyla sisteme bağlandı ve denetim altına alındı.
2026-08-31 14:51:11,836 - TRMWatchdog - INFO - [trm_worker.py] [CoreNexus] BridgeAgent_06 başarıyla sisteme bağlandı ve denetim altına alındı.
2026-08-31 14:51:11,836 - TRMWatchdog - INFO - [trm_worker.py] [CoreNexus] BridgeAgent_06 başarıyla sisteme bağlandı ve denetim altına alındı.
2026-08-31 14:51:11,836 - TRMWatchdog - INFO - [trm_worker.py] [CoreNexus] BridgeAgent_07 başarıyla sisteme bağlandı ve denetim altına alındı.
2026-08-31 14:51:11,836 - TRMWatchdog - INFO - [trm_worker.py] [CoreNexus] BridgeAgent_07 başarıyla sisteme bağlandı ve denetim altına alındı.
2026-08-31 14:51:11,836 - TRMWatchdog - INFO - [trm_worker.py] [CoreNexus] BridgeAgent_08 başarıyla sisteme bağlandı ve denetim altına alındı.
2026-08-31 14:51:11,836 - TRMWatchdog - INFO - [trm_worker.py] [CoreNexus] BridgeAgent_08 başarıyla sisteme bağlandı ve denetim altına alındı.
2026-08-31 14:51:11,836 - TRMWatchdog - INFO - [trm_worker.py] [CoreNexus] BridgeAgent_09 başarıyla sisteme bağlandı ve denetim altına alındı.
2026-08-31 14:51:11,836 - TRMWatchdog - INFO - [trm_worker.py] [CoreNexus] BridgeAgent_09 başarıyla sisteme bağlandı ve denetim altına alındı.
2026-08-31 14:51:11,836 - TRMWatchdog - INFO - [trm_worker.py] [CoreNexus] BridgeAgent_10 başarıyla sisteme bağlandı ve denetim altına alındı.
2026-08-31 14:51:11,836 - TRMWatchdog - INFO - [trm_worker.py] [CoreNexus] BridgeAgent_10 başarıyla sisteme bağlandı ve denetim altına alındı.
2026-08-31 14:51:11,836 - TRMWatchdog - INFO - [trm_worker.py] [CoreNexus] BridgeAgent_11 başarıyla sisteme bağlandı ve denetim altına alındı.
2026-08-31 14:51:11,836 - TRMWatchdog - INFO - [trm_worker.py] [CoreNexus] BridgeAgent_11 başarıyla sisteme bağlandı ve denetim altına alındı.
2026-08-31 14:51:11,836 - TRMWatchdog - INFO - [trm_worker.py] [CoreNexus] BridgeAgent_12 başarıyla sisteme bağlandı ve denetim altına alındı.
2026-08-31 14:51:11,836 - TRMWatchdog - INFO - [trm_worker.py] [CoreNexus] BridgeAgent_12 başarıyla sisteme bağlandı ve denetim altına alındı.
2026-08-31 14:51:11,836 - TRMWatchdog - INFO - [trm_worker.py] [CoreNexus] BridgeAgent_13 başarıyla sisteme bağlandı ve denetim altına alındı.
2026-08-31 14:51:11,842 - TRMWatchdog - INFO - [trm_worker.py] [CoreNexus] BridgeAgent_13 başarıyla sisteme bağlandı ve denetim altına alındı.
2026-08-31 14:51:11,842 - TRMWatchdog - INFO - [trm_worker.py] [CoreNexus] BridgeAgent_14 başarıyla sisteme bağlandı ve denetim altına alındı.
2026-08-31 14:51:11,842 - TRMWatchdog - INFO - [trm_worker.py] [CoreNexus] BridgeAgent_14 başarıyla sisteme bağlandı ve denetim altına alındı.
2026-08-31 14:51:11,842 - TRMWatchdog - INFO - [trm_worker.py] [CoreNexus] BridgeAgent_15 başarıyla sisteme bağlandı ve denetim altına alındı.
2026-08-31 14:51:11,842 - TRMWatchdog - INFO - [trm_worker.py] [CoreNexus] BridgeAgent_15 başarıyla sisteme bağlandı ve denetim altına alındı.
2026-08-31 14:51:11,843 - TRMWatchdog - INFO - [trm_worker.py] [CoreNexus] Content_Generator_Agent başarıyla sisteme bağlandı ve denetim altına alındı.
2026-08-31 14:51:11,843 - TRMWatchdog - INFO - [trm_worker.py] [CoreNexus] Content_Generator_Agent başarıyla sisteme bağlandı ve denetim altına alındı.
2026-08-31 14:51:11,843 - TRMWatchdog - INFO - [trm_worker.py] [CoreNexus] QueueAgent başarıyla sisteme bağlandı ve denetim altına alındı.
2026-08-31 14:51:11,843 - TRMWatchdog - INFO - [trm_worker.py] [CoreNexus] QueueAgent başarıyla sisteme bağlandı ve denetim altına alındı.
2026-08-31 14:51:11,843 - TRMWatchdog - INFO - [trm_worker.py] [CoreNexus] PosterAgent başarıyla sisteme bağlandı ve denetim altına alındı.
2026-08-31 14:51:11,844 - TRMWatchdog - INFO - [trm_worker.py] [CoreNexus] PosterAgent başarıyla sisteme bağlandı ve denetim altına alındı.
2026-08-31 14:51:11,845 - TRMWatchdog - INFO - [trm_worker.py] [CoreNexus] SentinelAgent_01 başarıyla sisteme bağlandı ve denetim altına alındı.
2026-08-31 14:51:11,845 - TRMWatchdog - INFO - [trm_worker.py] [CoreNexus] SentinelAgent_01 başarıyla sisteme bağlandı ve denetim altına alındı.
2026-08-31 14:51:11,845 - TRMWatchdog - INFO - [trm_worker.py] [CoreNexus] SentinelAgent_02 başarıyla sisteme bağlandı ve denetim altına alındı.
2026-08-31 14:51:11,845 - TRMWatchdog - INFO - [trm_worker.py] [CoreNexus] SentinelAgent_02 başarıyla sisteme bağlandı ve denetim altına alındı.
2026-08-31 14:51:11,845 - TRMWatchdog - INFO - [trm_worker.py] [CoreNexus] SentinelAgent_03 başarıyla sisteme bağlandı ve denetim altına alındı.
2026-08-31 14:51:11,845 - TRMWatchdog - INFO - [trm_worker.py] [CoreNexus] SentinelAgent_03 başarıyla sisteme bağlandı ve denetim altına alındı.
2026-08-31 14:51:11,845 - TRMWatchdog - INFO - [trm_worker.py] [CoreNexus] SentinelAgent_04 başarıyla sisteme bağlandı ve denetim altına alındı.
2026-08-31 14:51:11,845 - TRMWatchdog - INFO - [trm_worker.py] [CoreNexus] SentinelAgent_04 başarıyla sisteme bağlandı ve denetim altına alındı.
2026-08-31 14:51:11,845 - TRMWatchdog - INFO - [trm_worker.py] [CoreNexus] SentinelAgent_05 başarıyla sisteme bağlandı ve denetim altına alındı.
2026-08-31 14:51:11,845 - TRMWatchdog - INFO - [trm_worker.py] [CoreNexus] SentinelAgent_05 başarıyla sisteme bağlandı ve denetim altına alındı.
2026-08-31 14:51:11,845 - TRMWatchdog - INFO - [trm_worker.py] [CoreNexus] SentinelAgent_06 başarıyla sisteme bağlandı ve denetim altına alındı.
2026-08-31 14:51:11,845 - TRMWatchdog - INFO - [trm_worker.py] [CoreNexus] SentinelAgent_06 başarıyla sisteme bağlandı ve denetim altına alındı.
2026-08-31 14:51:11,845 - TRMWatchdog - INFO - [trm_worker.py] [CoreNexus] SentinelAgent_07 başarıyla sisteme bağlandı ve denetim altına alındı.
2026-08-31 14:51:11,845 - TRMWatchdog - INFO - [trm_worker.py] [CoreNexus] SentinelAgent_07 başarıyla sisteme bağlandı ve denetim altına alındı.
2026-08-31 14:51:11,845 - TRMWatchdog - INFO - [trm_worker.py] [CoreNexus] SentinelAgent_08 başarıyla sisteme bağlandı ve denetim altına alındı.
2026-08-31 14:51:11,845 - TRMWatchdog - INFO - [trm_worker.py] [CoreNexus] SentinelAgent_08 başarıyla sisteme bağlandı ve denetim altına alındı.
2026-08-31 14:51:11,845 - TRMWatchdog - INFO - [trm_worker.py] [CoreNexus] SentinelAgent_09 başarıyla sisteme bağlandı ve denetim altına alındı.
2026-08-31 14:51:11,848 - TRMWatchdog - INFO - [trm_worker.py] [CoreNexus] SentinelAgent_09 başarıyla sisteme bağlandı ve denetim altına alındı.
2026-08-31 14:51:11,848 - TRMWatchdog - INFO - [trm_worker.py] [CoreNexus] SentinelAgent_10 başarıyla sisteme bağlandı ve denetim altına alındı.
2026-08-31 14:51:11,848 - TRMWatchdog - INFO - [trm_worker.py] [CoreNexus] SentinelAgent_10 başarıyla sisteme bağlandı ve denetim altına alındı.
2026-08-31 14:51:11,848 - TRMWatchdog - INFO - [trm_worker.py] [CoreNexus] HealthCheckAgent başarıyla sisteme bağlandı ve denetim altına alındı.
2026-08-31 14:51:11,848 - TRMWatchdog - INFO - [trm_worker.py] [CoreNexus] HealthCheckAgent başarıyla sisteme bağlandı ve denetim altına alındı.
2026-08-31 14:51:11,848 - TRMWatchdog - INFO - [trm_worker.py] [Camouflage] Teknik Maskeleme Aktif: IP ve Cihaz İzleri Temizleniyor...
2026-08-31 14:51:11,848 - TRMWatchdog - INFO - [trm_worker.py] [Camouflage] Teknik Maskeleme Aktif: IP ve Cihaz İzleri Temizleniyor...
2026-08-31 14:51:11,848 - TRMWatchdog - INFO - [trm_worker.py] [AnalystAgent] Trend raporu kaydedildi: C:\Users\Habitat\Desktop\SOSYAL _İMECE\trend_raporlari.json
2026-08-31 14:51:11,848 - TRMWatchdog - INFO - [trm_worker.py] [AnalystAgent] Trend raporu kaydedildi: C:\Users\Habitat\Desktop\SOSYAL _İMECE\trend_raporlari.json
2026-08-31 14:51:11,848 - TRMWatchdog - INFO - [trm_worker.py] [CoreNexus] CamouflageAgent senkronize ediliyor...
2026-08-31 14:51:11,848 - TRMWatchdog - INFO - [trm_worker.py] [CoreNexus] CamouflageAgent senkronize ediliyor...
2026-08-31 14:51:11,848 - TRMWatchdog - INFO - [trm_worker.py] [CoreNexus] AccountManagerAgent senkronize ediliyor...
2026-08-31 14:51:11,850 - TRMWatchdog - INFO - [trm_worker.py] [CoreNexus] AccountManagerAgent senkronize ediliyor...
2026-08-31 14:51:11,850 - TRMWatchdog - INFO - [trm_worker.py] [CoreNexus] MarketIntelAgent_01 senkronize ediliyor...
2026-08-31 14:51:11,850 - TRMWatchdog - INFO - [trm_worker.py] [CoreNexus] MarketIntelAgent_01 senkronize ediliyor...
2026-08-31 14:51:11,850 - TRMWatchdog - INFO - [trm_worker.py] [CoreNexus] MarketIntelAgent_02 senkronize ediliyor...
2026-08-31 14:51:11,850 - TRMWatchdog - INFO - [trm_worker.py] [CoreNexus] MarketIntelAgent_02 senkronize ediliyor...
2026-08-31 14:51:11,850 - TRMWatchdog - INFO - [trm_worker.py] [CoreNexus] MarketIntelAgent_03 senkronize ediliyor...
2026-08-31 14:51:11,850 - TRMWatchdog - INFO - [trm_worker.py] [CoreNexus] MarketIntelAgent_03 senkronize ediliyor...
2026-08-31 14:51:11,850 - TRMWatchdog - INFO - [trm_worker.py] [CoreNexus] MarketIntelAgent_04 senkronize ediliyor...
2026-08-31 14:51:11,850 - TRMWatchdog - INFO - [trm_worker.py] [CoreNexus] MarketIntelAgent_04 senkronize ediliyor...
2026-08-31 14:51:11,850 - TRMWatchdog - INFO - [trm_worker.py] [CoreNexus] MarketIntelAgent_05 senkronize ediliyor...
2026-08-31 14:51:11,850 - TRMWatchdog - INFO - [trm_worker.py] [CoreNexus] MarketIntelAgent_05 senkronize ediliyor...
2026-08-31 14:51:11,852 - TRMWatchdog - INFO - [trm_worker.py] [CoreNexus] MarketIntelAgent_06 senkronize ediliyor...
2026-08-31 14:51:11,852 - TRMWatchdog - INFO - [trm_worker.py] [CoreNexus] MarketIntelAgent_06 senkronize ediliyor...
2026-08-31 14:51:11,852 - TRMWatchdog - INFO - [trm_worker.py] [CoreNexus] MarketIntelAgent_07 senkronize ediliyor...
2026-08-31 14:51:11,852 - TRMWatchdog - INFO - [trm_worker.py] [CoreNexus] MarketIntelAgent_07 senkronize ediliyor...
2026-08-31 14:51:11,853 - TRMWatchdog - INFO - [trm_worker.py] [CoreNexus] MarketIntelAgent_08 senkronize ediliyor...
2026-08-31 14:51:11,853 - TRMWatchdog - INFO - [trm_worker.py] [CoreNexus] CamouflageAgent başarıyla sisteme bağlandı ve denetim altına alındı.
2026-08-31 14:51:11,853 - TRMWatchdog - INFO - [trm_worker.py] [CoreNexus] MarketIntelAgent_08 senkronize ediliyor...
2026-08-31 14:51:11,853 - TRMWatchdog - INFO - [trm_worker.py] [CoreNexus] MarketIntelAgent_09 senkronize ediliyor...
2026-08-31 14:51:11,853 - TRMWatchdog - INFO - [trm_worker.py] [CoreNexus] AccountManagerAgent başarıyla sisteme bağlandı ve denetim altına alındı.
2026-08-31 14:51:11,853 - TRMWatchdog - INFO - [trm_worker.py] [CoreNexus] MarketIntelAgent_09 senkronize ediliyor...
2026-08-31 14:51:11,853 - TRMWatchdog - INFO - [trm_worker.py] [CoreNexus] MarketIntelAgent_10 senkronize ediliyor...
2026-08-31 14:51:11,853 - TRMWatchdog - INFO - [trm_worker.py] [CoreNexus] MarketIntelAgent_01 başarıyla sisteme bağlandı ve denetim altına alındı.
2026-08-31 14:51:11,853 - TRMWatchdog - INFO - [trm_worker.py] [CoreNexus] MarketIntelAgent_10 senkronize ediliyor...
2026-08-31 14:51:11,853 - TRMWatchdog - INFO - [trm_worker.py] [CoreNexus] BridgeAgent_01 senkronize ediliyor...
2026-08-31 14:51:11,853 - TRMWatchdog - INFO - [trm_worker.py] [CoreNexus] MarketIntelAgent_02 başarıyla sisteme bağlandı ve denetim altına alındı.
2026-08-31 14:51:11,853 - TRMWatchdog - INFO - [trm_worker.py] [CoreNexus] BridgeAgent_01 senkronize ediliyor...
2026-08-31 14:51:11,853 - TRMWatchdog - INFO - [trm_worker.py] [CoreNexus] BridgeAgent_02 senkronize ediliyor...
2026-08-31 14:51:11,853 - TRMWatchdog - INFO - [trm_worker.py] [CoreNexus] MarketIntelAgent_03 başarıyla sisteme bağlandı ve denetim altına alındı.
2026-08-31 14:51:11,853 - TRMWatchdog - INFO - [trm_worker.py] [CoreNexus] BridgeAgent_02 senkronize ediliyor...
2026-08-31 14:51:11,853 - TRMWatchdog - INFO - [trm_worker.py] [CoreNexus] BridgeAgent_03 senkronize ediliyor...
2026-08-31 14:51:11,853 - TRMWatchdog - INFO - [trm_worker.py] [CoreNexus] MarketIntelAgent_04 başarıyla sisteme bağlandı ve denetim altına alındı.
2026-08-31 14:51:11,853 - TRMWatchdog - INFO - [trm_worker.py] [CoreNexus] BridgeAgent_03 senkronize ediliyor...
2026-08-31 14:51:11,853 - TRMWatchdog - INFO - [trm_worker.py] [CoreNexus] BridgeAgent_04 senkronize ediliyor...
2026-08-31 14:51:11,853 - TRMWatchdog - INFO - [trm_worker.py] [CoreNexus] MarketIntelAgent_05 başarıyla sisteme bağlandı ve denetim altına alındı.
2026-08-31 14:51:11,853 - TRMWatchdog - INFO - [trm_worker.py] [CoreNexus] BridgeAgent_04 senkronize ediliyor...
2026-08-31 14:51:11,857 - TRMWatchdog - INFO - [trm_worker.py] [CoreNexus] BridgeAgent_05 senkronize ediliyor...
2026-08-31 14:51:11,857 - TRMWatchdog - INFO - [trm_worker.py] [CoreNexus] MarketIntelAgent_06 başarıyla sisteme bağlandı ve denetim altına alındı.
2026-08-31 14:51:11,857 - TRMWatchdog - INFO - [trm_worker.py] [CoreNexus] BridgeAgent_05 senkronize ediliyor...
2026-08-31 14:51:11,857 - TRMWatchdog - INFO - [trm_worker.py] [CoreNexus] BridgeAgent_06 senkronize ediliyor...
2026-08-31 14:51:11,857 - TRMWatchdog - INFO - [trm_worker.py] [CoreNexus] MarketIntelAgent_07 başarıyla sisteme bağlandı ve denetim altına alındı.
2026-08-31 14:51:11,857 - TRMWatchdog - INFO - [trm_worker.py] [CoreNexus] BridgeAgent_06 senkronize ediliyor...
2026-08-31 14:51:11,857 - TRMWatchdog - INFO - [trm_worker.py] [CoreNexus] BridgeAgent_07 senkronize ediliyor...
2026-08-31 14:51:11,857 - TRMWatchdog - INFO - [trm_worker.py] [CoreNexus] MarketIntelAgent_08 başarıyla sisteme bağlandı ve denetim altına alındı.
2026-08-31 14:51:11,859 - TRMWatchdog - INFO - [trm_worker.py] [CoreNexus] BridgeAgent_07 senkronize ediliyor...
2026-08-31 14:51:11,859 - TRMWatchdog - INFO - [trm_worker.py] [CoreNexus] BridgeAgent_08 senkronize ediliyor...
2026-08-31 14:51:11,859 - TRMWatchdog - INFO - [trm_worker.py] [CoreNexus] MarketIntelAgent_09 başarıyla sisteme bağlandı ve denetim altına alındı.
2026-08-31 14:51:11,859 - TRMWatchdog - INFO - [trm_worker.py] [CoreNexus] BridgeAgent_08 senkronize ediliyor...
2026-08-31 14:51:11,860 - TRMWatchdog - INFO - [trm_worker.py] [CoreNexus] BridgeAgent_09 senkronize ediliyor...
2026-08-31 14:51:11,860 - TRMWatchdog - INFO - [trm_worker.py] [CoreNexus] MarketIntelAgent_10 başarıyla sisteme bağlandı ve denetim altına alındı.
2026-08-31 14:51:11,860 - TRMWatchdog - INFO - [trm_worker.py] [CoreNexus] BridgeAgent_09 senkronize ediliyor...
2026-08-31 14:51:11,860 - TRMWatchdog - INFO - [trm_worker.py] [CoreNexus] BridgeAgent_10 senkronize ediliyor...
2026-08-31 14:51:11,861 - TRMWatchdog - INFO - [trm_worker.py] [CoreNexus] BridgeAgent_01 başarıyla sisteme bağlandı ve denetim altına alındı.
2026-08-31 14:51:11,861 - TRMWatchdog - INFO - [trm_worker.py] [CoreNexus] BridgeAgent_10 senkronize ediliyor...
2026-08-31 14:51:11,861 - TRMWatchdog - INFO - [trm_worker.py] [CoreNexus] BridgeAgent_11 senkronize ediliyor...
2026-08-31 14:51:11,861 - TRMWatchdog - INFO - [trm_worker.py] [CoreNexus] BridgeAgent_02 başarıyla sisteme bağlandı ve denetim altına alındı.
2026-08-31 14:51:11,861 - TRMWatchdog - INFO - [trm_worker.py] [CoreNexus] BridgeAgent_11 senkronize ediliyor...
2026-08-31 14:51:11,862 - TRMWatchdog - INFO - [trm_worker.py] [CoreNexus] BridgeAgent_12 senkronize ediliyor...
2026-08-31 14:51:11,862 - TRMWatchdog - INFO - [trm_worker.py] [CoreNexus] BridgeAgent_03 başarıyla sisteme bağlandı ve denetim altına alındı.
2026-08-31 14:51:11,862 - TRMWatchdog - INFO - [trm_worker.py] [CoreNexus] BridgeAgent_12 senkronize ediliyor...
2026-08-31 14:51:11,862 - TRMWatchdog - INFO - [trm_worker.py] [CoreNexus] BridgeAgent_13 senkronize ediliyor...
2026-08-31 14:51:11,862 - TRMWatchdog - INFO - [trm_worker.py] [CoreNexus] BridgeAgent_04 başarıyla sisteme bağlandı ve denetim altına alındı.
2026-08-31 14:51:11,862 - TRMWatchdog - INFO - [trm_worker.py] [CoreNexus] BridgeAgent_13 senkronize ediliyor...
2026-08-31 14:51:11,862 - TRMWatchdog - INFO - [trm_worker.py] [CoreNexus] BridgeAgent_14 senkronize ediliyor...
2026-08-31 14:51:11,862 - TRMWatchdog - INFO - [trm_worker.py] [CoreNexus] BridgeAgent_05 başarıyla sisteme bağlandı ve denetim altına alındı.
2026-08-31 14:51:11,862 - TRMWatchdog - INFO - [trm_worker.py] [CoreNexus] BridgeAgent_14 senkronize ediliyor...
2026-08-31 14:51:11,862 - TRMWatchdog - INFO - [trm_worker.py] [CoreNexus] BridgeAgent_15 senkronize ediliyor...
2026-08-31 14:51:11,862 - TRMWatchdog - INFO - [trm_worker.py] [CoreNexus] BridgeAgent_06 başarıyla sisteme bağlandı ve denetim altına alındı.
2026-08-31 14:51:11,862 - TRMWatchdog - INFO - [trm_worker.py] [CoreNexus] BridgeAgent_15 senkronize ediliyor...
2026-08-31 14:51:11,862 - TRMWatchdog - INFO - [trm_worker.py] [CoreNexus] Content_Generator_Agent senkronize ediliyor...
2026-08-31 14:51:11,862 - TRMWatchdog - INFO - [trm_worker.py] [CoreNexus] BridgeAgent_07 başarıyla sisteme bağlandı ve denetim altına alındı.
2026-08-31 14:51:11,862 - TRMWatchdog - INFO - [trm_worker.py] [CoreNexus] Content_Generator_Agent senkronize ediliyor...
2026-08-31 14:51:11,862 - TRMWatchdog - INFO - [trm_worker.py] [CoreNexus] QueueAgent senkronize ediliyor...
2026-08-31 14:51:11,862 - TRMWatchdog - INFO - [trm_worker.py] [CoreNexus] BridgeAgent_08 başarıyla sisteme bağlandı ve denetim altına alındı.
2026-08-31 14:51:11,862 - TRMWatchdog - INFO - [trm_worker.py] [CoreNexus] QueueAgent senkronize ediliyor...
2026-08-31 14:51:11,862 - TRMWatchdog - INFO - [trm_worker.py] [CoreNexus] PosterAgent senkronize ediliyor...
2026-08-31 14:51:11,862 - TRMWatchdog - INFO - [trm_worker.py] [CoreNexus] BridgeAgent_09 başarıyla sisteme bağlandı ve denetim altına alındı.
2026-08-31 14:51:11,862 - TRMWatchdog - INFO - [trm_worker.py] [CoreNexus] PosterAgent senkronize ediliyor...
2026-08-31 14:51:11,862 - TRMWatchdog - INFO - [trm_worker.py] 2026-08-31 14:51:11,817 [INFO] social_media_automation: 🔒 Maskelenmiş parmak izi: {'platform': 'Linux x86_64', 'screen_resolution': '2560x1440', 'accept_language': 'tr-TR,tr;q=0.9,en-US;q=0.8', 'webgl_vendor': 'Google Inc. (NVIDIA)', 'canvas_hash': '0x2472485'}
2026-08-31 14:51:11,862 - TRMWatchdog - INFO - [trm_worker.py] [CoreNexus] BridgeAgent_10 başarıyla sisteme bağlandı ve denetim altına alındı.
2026-08-31 14:51:11,866 - TRMWatchdog - INFO - [trm_worker.py] 2026-08-31 14:51:11,817 [INFO] social_media_automation: 🔒 Maskelenmiş parmak izi: {'platform': 'Linux x86_64', 'screen_resolution': '2560x1440', 'accept_language': 'tr-TR,tr;q=0.9,en-US;q=0.8', 'webgl_vendor': 'Google Inc. (NVIDIA)', 'canvas_hash': '0x2472485'}
2026-08-31 14:51:11,866 - TRMWatchdog - INFO - [trm_worker.py] [CoreNexus] BridgeAgent_11 başarıyla sisteme bağlandı ve denetim altına alındı.
2026-08-31 14:51:11,866 - TRMWatchdog - INFO - [trm_worker.py] [CoreNexus] BridgeAgent_12 başarıyla sisteme bağlandı ve denetim altına alındı.
2026-08-31 14:51:11,866 - TRMWatchdog - INFO - [trm_worker.py] [CoreNexus] BridgeAgent_13 başarıyla sisteme bağlandı ve denetim altına alındı.
2026-08-31 14:51:11,866 - TRMWatchdog - INFO - [trm_worker.py] [CoreNexus] BridgeAgent_14 başarıyla sisteme bağlandı ve denetim altına alındı.
2026-08-31 14:51:11,866 - TRMWatchdog - INFO - [trm_worker.py] [CoreNexus] BridgeAgent_15 başarıyla sisteme bağlandı ve denetim altına alındı.
2026-08-31 14:51:11,866 - TRMWatchdog - INFO - [trm_worker.py] [CoreNexus] Content_Generator_Agent başarıyla sisteme bağlandı ve denetim altına alındı.
2026-08-31 14:51:11,866 - TRMWatchdog - INFO - [trm_worker.py] [CoreNexus] QueueAgent başarıyla sisteme bağlandı ve denetim altına alındı.
2026-08-31 14:51:11,866 - TRMWatchdog - INFO - [trm_worker.py] [CoreNexus] PosterAgent başarıyla sisteme bağlandı ve denetim altına alındı.
2026-08-31 14:51:11,866 - TRMWatchdog - INFO - [trm_worker.py] [CoreNexus] SentinelAgent_01 başarıyla sisteme bağlandı ve denetim altına alındı.
2026-08-31 14:51:11,866 - TRMWatchdog - INFO - [trm_worker.py] [CoreNexus] SentinelAgent_02 başarıyla sisteme bağlandı ve denetim altına alındı.
2026-08-31 14:51:11,866 - TRMWatchdog - INFO - [trm_worker.py] [CoreNexus] SentinelAgent_03 başarıyla sisteme bağlandı ve denetim altına alındı.
2026-08-31 14:51:11,866 - TRMWatchdog - INFO - [trm_worker.py] [CoreNexus] SentinelAgent_04 başarıyla sisteme bağlandı ve denetim altına alındı.
2026-08-31 14:51:11,866 - TRMWatchdog - INFO - [trm_worker.py] [CoreNexus] SentinelAgent_05 başarıyla sisteme bağlandı ve denetim altına alındı.
2026-08-31 14:51:11,869 - TRMWatchdog - INFO - [trm_worker.py] [CoreNexus] SentinelAgent_06 başarıyla sisteme bağlandı ve denetim altına alındı.
2026-08-31 14:51:11,869 - TRMWatchdog - INFO - [trm_worker.py] [CoreNexus] SentinelAgent_07 başarıyla sisteme bağlandı ve denetim altına alındı.
2026-08-31 14:51:11,869 - TRMWatchdog - INFO - [trm_worker.py] [CoreNexus] SentinelAgent_08 başarıyla sisteme bağlandı ve denetim altına alındı.
2026-08-31 14:51:11,869 - TRMWatchdog - INFO - [trm_worker.py] [CoreNexus] SentinelAgent_09 başarıyla sisteme bağlandı ve denetim altına alındı.
2026-08-31 14:51:11,869 - TRMWatchdog - INFO - [trm_worker.py] [CoreNexus] SentinelAgent_10 başarıyla sisteme bağlandı ve denetim altına alındı.
2026-08-31 14:51:11,869 - TRMWatchdog - INFO - [trm_worker.py] [CoreNexus] HealthCheckAgent başarıyla sisteme bağlandı ve denetim altına alındı.
2026-08-31 14:51:11,869 - TRMWatchdog - INFO - [trm_worker.py] [Camouflage] Teknik Maskeleme Aktif: IP ve Cihaz İzleri Temizleniyor...
2026-08-31 14:51:11,869 - TRMWatchdog - INFO - [trm_worker.py] [AnalystAgent] Trend raporu kaydedildi: C:\Users\Habitat\Desktop\SOSYAL _İMECE\trend_raporlari.json
2026-08-31 14:51:11,869 - TRMWatchdog - INFO - [trm_worker.py] [CoreNexus] CamouflageAgent senkronize ediliyor...
2026-08-31 14:51:11,869 - TRMWatchdog - INFO - [trm_worker.py] [CoreNexus] AccountManagerAgent senkronize ediliyor...
2026-08-31 14:51:11,869 - TRMWatchdog - INFO - [trm_worker.py] [CoreNexus] MarketIntelAgent_01 senkronize ediliyor...
2026-08-31 14:51:11,869 - TRMWatchdog - INFO - [trm_worker.py] [CoreNexus] MarketIntelAgent_02 senkronize ediliyor...
2026-08-31 14:51:11,869 - TRMWatchdog - INFO - [trm_worker.py] [CoreNexus] MarketIntelAgent_03 senkronize ediliyor...
2026-08-31 14:51:11,869 - TRMWatchdog - INFO - [trm_worker.py] [CoreNexus] MarketIntelAgent_04 senkronize ediliyor...
2026-08-31 14:51:11,869 - TRMWatchdog - INFO - [trm_worker.py] [CoreNexus] MarketIntelAgent_05 senkronize ediliyor...
2026-08-31 14:51:11,869 - TRMWatchdog - INFO - [trm_worker.py] [CoreNexus] MarketIntelAgent_06 senkronize ediliyor...
2026-08-31 14:51:11,869 - TRMWatchdog - INFO - [trm_worker.py] [CoreNexus] MarketIntelAgent_07 senkronize ediliyor...
2026-08-31 14:51:11,871 - TRMWatchdog - INFO - [trm_worker.py] [CoreNexus] MarketIntelAgent_08 senkronize ediliyor...
2026-08-31 14:51:11,871 - TRMWatchdog - INFO - [trm_worker.py] [CoreNexus] MarketIntelAgent_09 senkronize ediliyor...
2026-08-31 14:51:11,871 - TRMWatchdog - INFO - [trm_worker.py] [CoreNexus] MarketIntelAgent_10 senkronize ediliyor...
2026-08-31 14:51:11,871 - TRMWatchdog - INFO - [trm_worker.py] [CoreNexus] BridgeAgent_01 senkronize ediliyor...
2026-08-31 14:51:11,871 - TRMWatchdog - INFO - [trm_worker.py] [CoreNexus] BridgeAgent_02 senkronize ediliyor...
2026-08-31 14:51:11,871 - TRMWatchdog - INFO - [trm_worker.py] [CoreNexus] BridgeAgent_03 senkronize ediliyor...
2026-08-31 14:51:11,871 - TRMWatchdog - INFO - [trm_worker.py] [CoreNexus] BridgeAgent_04 senkronize ediliyor...
2026-08-31 14:51:11,871 - TRMWatchdog - INFO - [trm_worker.py] [CoreNexus] BridgeAgent_05 senkronize ediliyor...
2026-08-31 14:51:11,871 - TRMWatchdog - INFO - [trm_worker.py] [CoreNexus] BridgeAgent_06 senkronize ediliyor...
2026-08-31 14:51:11,871 - TRMWatchdog - INFO - [trm_worker.py] [CoreNexus] BridgeAgent_07 senkronize ediliyor...
2026-08-31 14:51:11,871 - TRMWatchdog - INFO - [trm_worker.py] [CoreNexus] BridgeAgent_08 senkronize ediliyor...
2026-08-31 14:51:11,871 - TRMWatchdog - INFO - [trm_worker.py] [CoreNexus] BridgeAgent_09 senkronize ediliyor...
2026-08-31 14:51:11,871 - TRMWatchdog - INFO - [trm_worker.py] [CoreNexus] BridgeAgent_10 senkronize ediliyor...
2026-08-31 14:51:11,873 - TRMWatchdog - INFO - [trm_worker.py] [CoreNexus] BridgeAgent_11 senkronize ediliyor...
2026-08-31 14:51:11,873 - TRMWatchdog - INFO - [trm_worker.py] [CoreNexus] BridgeAgent_12 senkronize ediliyor...
2026-08-31 14:51:11,873 - TRMWatchdog - INFO - [trm_worker.py] [CoreNexus] BridgeAgent_13 senkronize ediliyor...
2026-08-31 14:51:11,873 - TRMWatchdog - INFO - [trm_worker.py] [CoreNexus] BridgeAgent_14 senkronize ediliyor...
2026-08-31 14:51:11,873 - TRMWatchdog - INFO - [trm_worker.py] [CoreNexus] BridgeAgent_15 senkronize ediliyor...
2026-08-31 14:51:11,873 - TRMWatchdog - INFO - [trm_worker.py] [CoreNexus] Content_Generator_Agent senkronize ediliyor...
2026-08-31 14:51:11,873 - TRMWatchdog - INFO - [trm_worker.py] [CoreNexus] QueueAgent senkronize ediliyor...
2026-08-31 14:51:11,873 - TRMWatchdog - INFO - [trm_worker.py] [CoreNexus] PosterAgent senkronize ediliyor...
2026-08-31 14:51:11,873 - TRMWatchdog - INFO - [trm_worker.py] 2026-08-31 14:51:11,817 [INFO] social_media_automation: 🔒 Maskelenmiş parmak izi: {'platform': 'Linux x86_64', 'screen_resolution': '2560x1440', 'accept_language': 'tr-TR,tr;q=0.9,en-US;q=0.8', 'webgl_vendor': 'Google Inc. (NVIDIA)', 'canvas_hash': '0x2472485'}
2026-08-31 14:51:19,885 - TRMWatchdog - WARNING - Kritik süreç durdu: python orchestrator_api.py - yeniden başlatılıyor...
2026-08-31 14:51:19,912 - TRMWatchdog - INFO - Process python log dosyası: orchestrator_api.log
2026-08-31 14:51:19,916 - TRMWatchdog - INFO - Process python başlatıldı. Çıktıları orchestrator_api.log dosyasına ve konsola yazılıyor.
2026-08-31 14:51:19,916 - TRMWatchdog - INFO - Process python başarıyla yeniden başlatıldı (PID: 9324, deneme 3)
2026-08-31 14:51:22,023 - TRMWatchdog - INFO - [trm_worker.py] 2026-08-31 14:51:21,992 [INFO] social_media_automation: ⏱️ Chaos jitter bekleme süresi: 10.17s
2026-08-31 14:51:22,023 - TRMWatchdog - INFO - [trm_worker.py] 2026-08-31 14:51:21,992 [INFO] social_media_automation: ⏱️ Chaos jitter bekleme süresi: 10.17s
2026-08-31 14:51:22,023 - TRMWatchdog - INFO - [trm_worker.py] 2026-08-31 14:51:21,992 [INFO] social_media_automation: ⏱️ Chaos jitter bekleme süresi: 10.17s
2026-08-31 14:51:22,527 - TRMWatchdog - INFO - [trm_worker.py] 2026-08-31 14:51:22,509 [WARNING] social_media_automation: ⚠️ Deneme 1/3 basarisiz: 400 Client Error: Bad Request for url: https://graph.instagram.com/v19.0//media?image_url=&caption=Kozmetik+Cilt+Bakim+Seti+i%C3%A7in+alarm+verildi.%0AFiyat%3A+499.50+TL%0AKomisyon%3A+%2535.0+%7C+Tahmini+kazan%C3%A7%3A+174.82+TL%0ABu+%C3%BCr%C3%BCn+%C5%9Fu+an+payla%C5%9F%C4%B1lmazsa+f%C4%B1rsat+ka%C3%A7abilir.+Hemen+linke+y%C3%B6nlendir.%0A%0A%23trendurun+%23yuksekkomisyon+%23satisfirsati+%23hemenincele+%23eticaret%0A%0Ahttps%3A%2F%2Fwww.trendyol.com%2Fkozmetik%2Fcilt-bakim%2Fcilt-bakim-seti&access_token=. 2.9s bekleniyor...
2026-08-31 14:51:22,527 - TRMWatchdog - INFO - [trm_worker.py] 2026-08-31 14:51:22,509 [WARNING] social_media_automation: ⚠️ Deneme 1/3 basarisiz: 400 Client Error: Bad Request for url: https://graph.instagram.com/v19.0//media?image_url=&caption=Kozmetik+Cilt+Bakim+Seti+i%C3%A7in+alarm+verildi.%0AFiyat%3A+499.50+TL%0AKomisyon%3A+%2535.0+%7C+Tahmini+kazan%C3%A7%3A+174.82+TL%0ABu+%C3%BCr%C3%BCn+%C5%9Fu+an+payla%C5%9F%C4%B1lmazsa+f%C4%B1rsat+ka%C3%A7abilir.+Hemen+linke+y%C3%B6nlendir.%0A%0A%23trendurun+%23yuksekkomisyon+%23satisfirsati+%23hemenincele+%23eticaret%0A%0Ahttps%3A%2F%2Fwww.trendyol.com%2Fkozmetik%2Fcilt-bakim%2Fcilt-bakim-seti&access_token=. 2.9s bekleniyor...
2026-08-31 14:51:22,527 - TRMWatchdog - INFO - [trm_worker.py] 2026-08-31 14:51:22,509 [WARNING] social_media_automation: ⚠️ Deneme 1/3 basarisiz: 400 Client Error: Bad Request for url: https://graph.instagram.com/v19.0//media?image_url=&caption=Kozmetik+Cilt+Bakim+Seti+i%C3%A7in+alarm+verildi.%0AFiyat%3A+499.50+TL%0AKomisyon%3A+%2535.0+%7C+Tahmini+kazan%C3%A7%3A+174.82+TL%0ABu+%C3%BCr%C3%BCn+%C5%9Fu+an+payla%C5%9F%C4%B1lmazsa+f%C4%B1rsat+ka%C3%A7abilir.+Hemen+linke+y%C3%B6nlendir.%0A%0A%23trendurun+%23yuksekkomisyon+%23satisfirsati+%23hemenincele+%23eticaret%0A%0Ahttps%3A%2F%2Fwww.trendyol.com%2Fkozmetik%2Fcilt-bakim%2Fcilt-bakim-seti&access_token=. 2.9s bekleniyor...
2026-08-31 14:51:26,052 - TRMWatchdog - INFO - [trm_worker.py] 2026-08-31 14:51:26,047 [WARNING] social_media_automation: ⚠️ Deneme 2/3 basarisiz: 400 Client Error: Bad Request for url: https://graph.instagram.com/v19.0//media?image_url=&caption=Kozmetik+Cilt+Bakim+Seti+i%C3%A7in+alarm+verildi.%0AFiyat%3A+499.50+TL%0AKomisyon%3A+%2535.0+%7C+Tahmini+kazan%C3%A7%3A+174.82+TL%0ABu+%C3%BCr%C3%BCn+%C5%9Fu+an+payla%C5%9F%C4%B1lmazsa+f%C4%B1rsat+ka%C3%A7abilir.+Hemen+linke+y%C3%B6nlendir.%0A%0A%23trendurun+%23yuksekkomisyon+%23satisfirsati+%23hemenincele+%23eticaret%0A%0Ahttps%3A%2F%2Fwww.trendyol.com%2Fkozmetik%2Fcilt-bakim%2Fcilt-bakim-seti&access_token=. 4.8s bekleniyor...
2026-08-31 14:51:26,053 - TRMWatchdog - INFO - [trm_worker.py] 2026-08-31 14:51:26,047 [WARNING] social_media_automation: ⚠️ Deneme 2/3 basarisiz: 400 Client Error: Bad Request for url: https://graph.instagram.com/v19.0//media?image_url=&caption=Kozmetik+Cilt+Bakim+Seti+i%C3%A7in+alarm+verildi.%0AFiyat%3A+499.50+TL%0AKomisyon%3A+%2535.0+%7C+Tahmini+kazan%C3%A7%3A+174.82+TL%0ABu+%C3%BCr%C3%BCn+%C5%9Fu+an+payla%C5%9F%C4%B1lmazsa+f%C4%B1rsat+ka%C3%A7abilir.+Hemen+linke+y%C3%B6nlendir.%0A%0A%23trendurun+%23yuksekkomisyon+%23satisfirsati+%23hemenincele+%23eticaret%0A%0Ahttps%3A%2F%2Fwww.trendyol.com%2Fkozmetik%2Fcilt-bakim%2Fcilt-bakim-seti&access_token=. 4.8s bekleniyor...
2026-08-31 14:51:26,058 - TRMWatchdog - INFO - [trm_worker.py] 2026-08-31 14:51:26,047 [WARNING] social_media_automation: ⚠️ Deneme 2/3 basarisiz: 400 Client Error: Bad Request for url: https://graph.instagram.com/v19.0//media?image_url=&caption=Kozmetik+Cilt+Bakim+Seti+i%C3%A7in+alarm+verildi.%0AFiyat%3A+499.50+TL%0AKomisyon%3A+%2535.0+%7C+Tahmini+kazan%C3%A7%3A+174.82+TL%0ABu+%C3%BCr%C3%BCn+%C5%9Fu+an+payla%C5%9F%C4%B1lmazsa+f%C4%B1rsat+ka%C3%A7abilir.+Hemen+linke+y%C3%B6nlendir.%0A%0A%23trendurun+%23yuksekkomisyon+%23satisfirsati+%23hemenincele+%23eticaret%0A%0Ahttps%3A%2F%2Fwww.trendyol.com%2Fkozmetik%2Fcilt-bakim%2Fcilt-bakim-seti&access_token=. 4.8s bekleniyor...
2026-08-31 14:51:29,960 - TRMWatchdog - INFO - python trm_worker.py run: DURDU - PID: None - TRM Worker Servisi
2026-08-31 14:51:29,960 - TRMWatchdog - INFO - python orchestrator_api.py: DURDU - PID: None - Orchestrator API Servisi
2026-08-31 14:51:29,960 - TRMWatchdog - INFO - streamlit run app.py: DURDU - PID: None - Streamlit Dashboard
2026-08-31 14:51:31,383 - TRMWatchdog - INFO - [trm_worker.py] 2026-08-31 14:51:31,357 [ERROR] social_media_automation: ❌ Instagram hata: 400 Client Error: Bad Request for url: https://graph.instagram.com/v19.0//media?image_url=&caption=Kozmetik+Cilt+Bakim+Seti+i%C3%A7in+alarm+verildi.%0AFiyat%3A+499.50+TL%0AKomisyon%3A+%2535.0+%7C+Tahmini+kazan%C3%A7%3A+174.82+TL%0ABu+%C3%BCr%C3%BCn+%C5%9Fu+an+payla%C5%9F%C4%B1lmazsa+f%C4%B1rsat+ka%C3%A7abilir.+Hemen+linke+y%C3%B6nlendir.%0A%0A%23trendurun+%23yuksekkomisyon+%23satisfirsati+%23hemenincele+%23eticaret%0A%0Ahttps%3A%2F%2Fwww.trendyol.com%2Fkozmetik%2Fcilt-bakim%2Fcilt-bakim-seti&access_token=
2026-08-31 14:51:31,383 - TRMWatchdog - INFO - [trm_worker.py] 2026-08-31 14:51:31,357 [INFO] social_media_automation: 🔒 Maskelenmiş parmak izi: {'platform': 'Linux x86_64', 'screen_resolution': '2560x1440', 'accept_language': 'tr-TR,tr;q=0.9,en-US;q=0.8', 'webgl_vendor': 'Google Inc. (NVIDIA)', 'canvas_hash': '0x2472485'}
2026-08-31 14:51:31,384 - TRMWatchdog - INFO - [trm_worker.py] 2026-08-31 14:51:31,357 [ERROR] social_media_automation: ❌ Instagram hata: 400 Client Error: Bad Request for url: https://graph.instagram.com/v19.0//media?image_url=&caption=Kozmetik+Cilt+Bakim+Seti+i%C3%A7in+alarm+verildi.%0AFiyat%3A+499.50+TL%0AKomisyon%3A+%2535.0+%7C+Tahmini+kazan%C3%A7%3A+174.82+TL%0ABu+%C3%BCr%C3%BCn+%C5%9Fu+an+payla%C5%9F%C4%B1lmazsa+f%C4%B1rsat+ka%C3%A7abilir.+Hemen+linke+y%C3%B6nlendir.%0A%0A%23trendurun+%23yuksekkomisyon+%23satisfirsati+%23hemenincele+%23eticaret%0A%0Ahttps%3A%2F%2Fwww.trendyol.com%2Fkozmetik%2Fcilt-bakim%2Fcilt-bakim-seti&access_token=
2026-08-31 14:51:31,384 - TRMWatchdog - INFO - [trm_worker.py] 2026-08-31 14:51:31,357 [ERROR] social_media_automation: ❌ Instagram hata: 400 Client Error: Bad Request for url: https://graph.instagram.com/v19.0//media?image_url=&caption=Kozmetik+Cilt+Bakim+Seti+i%C3%A7in+alarm+verildi.%0AFiyat%3A+499.50+TL%0AKomisyon%3A+%2535.0+%7C+Tahmini+kazan%C3%A7%3A+174.82+TL%0ABu+%C3%BCr%C3%BCn+%C5%9Fu+an+payla%C5%9F%C4%B1lmazsa+f%C4%B1rsat+ka%C3%A7abilir.+Hemen+linke+y%C3%B6nlendir.%0A%0A%23trendurun+%23yuksekkomisyon+%23satisfirsati+%23hemenincele+%23eticaret%0A%0Ahttps%3A%2F%2Fwww.trendyol.com%2Fkozmetik%2Fcilt-bakim%2Fcilt-bakim-seti&access_token=
2026-08-31 14:51:31,385 - TRMWatchdog - INFO - [trm_worker.py] 2026-08-31 14:51:31,357 [INFO] social_media_automation: 🔒 Maskelenmiş parmak izi: {'platform': 'Linux x86_64', 'screen_resolution': '2560x1440', 'accept_language': 'tr-TR,tr;q=0.9,en-US;q=0.8', 'webgl_vendor': 'Google Inc. (NVIDIA)', 'canvas_hash': '0x2472485'}
2026-08-31 14:51:31,385 - TRMWatchdog - INFO - [trm_worker.py] 2026-08-31 14:51:31,357 [INFO] social_media_automation: 🔒 Maskelenmiş parmak izi: {'platform': 'Linux x86_64', 'screen_resolution': '2560x1440', 'accept_language': 'tr-TR,tr;q=0.9,en-US;q=0.8', 'webgl_vendor': 'Google Inc. (NVIDIA)', 'canvas_hash': '0x2472485'}
2026-08-31 14:51:37,013 - TRMWatchdog - INFO - [trm_worker.py] 2026-08-31 14:51:36,938 [INFO] social_media_automation: ⏱️ Chaos jitter bekleme süresi: 5.58s
2026-08-31 14:51:37,014 - TRMWatchdog - INFO - [trm_worker.py] 2026-08-31 14:51:36,938 [ERROR] social_media_automation: CALISMA MODU: LIVE | Facebook token eksik — guvenli dur
2026-08-31 14:51:37,014 - TRMWatchdog - INFO - [trm_worker.py] 2026-08-31 14:51:36,938 [INFO] social_media_automation: ⏱️ Chaos jitter bekleme süresi: 5.58s
2026-08-31 14:51:37,014 - TRMWatchdog - INFO - [trm_worker.py] 2026-08-31 14:51:36,938 [INFO] social_media_automation: ⏱️ Chaos jitter bekleme süresi: 5.58s
2026-08-31 14:51:37,014 - TRMWatchdog - INFO - [trm_worker.py] 2026-08-31 14:51:36,938 [ERROR] social_media_automation: CALISMA MODU: LIVE | Facebook token eksik — guvenli dur
2026-08-31 14:51:37,014 - TRMWatchdog - INFO - [trm_worker.py] 2026-08-31 14:51:36,938 [ERROR] social_media_automation: CALISMA MODU: LIVE | Facebook token eksik — guvenli dur
2026-08-31 14:51:37,115 - TRMWatchdog - INFO - [trm_worker.py] [CoreNexus] SentinelAgent_01 senkronize ediliyor...
2026-08-31 14:51:37,115 - TRMWatchdog - INFO - [trm_worker.py] [CoreNexus] SentinelAgent_02 senkronize ediliyor...
2026-08-31 14:51:37,115 - TRMWatchdog - INFO - [trm_worker.py] [CoreNexus] SentinelAgent_01 senkronize ediliyor...
2026-08-31 14:51:37,116 - TRMWatchdog - INFO - [trm_worker.py] [CoreNexus] SentinelAgent_01 senkronize ediliyor...
2026-08-31 14:51:37,116 - TRMWatchdog - INFO - [trm_worker.py] [CoreNexus] SentinelAgent_03 senkronize ediliyor...
2026-08-31 14:51:37,116 - TRMWatchdog - INFO - [trm_worker.py] [CoreNexus] SentinelAgent_02 senkronize ediliyor...
2026-08-31 14:51:37,116 - TRMWatchdog - INFO - [trm_worker.py] [CoreNexus] SentinelAgent_02 senkronize ediliyor...
2026-08-31 14:51:37,116 - TRMWatchdog - INFO - [trm_worker.py] [CoreNexus] SentinelAgent_04 senkronize ediliyor...
2026-08-31 14:51:37,116 - TRMWatchdog - INFO - [trm_worker.py] [CoreNexus] SentinelAgent_03 senkronize ediliyor...
2026-08-31 14:51:37,116 - TRMWatchdog - INFO - [trm_worker.py] [CoreNexus] SentinelAgent_03 senkronize ediliyor...
2026-08-31 14:51:37,116 - TRMWatchdog - INFO - [trm_worker.py] [CoreNexus] SentinelAgent_05 senkronize ediliyor...
2026-08-31 14:51:37,116 - TRMWatchdog - INFO - [trm_worker.py] [CoreNexus] SentinelAgent_04 senkronize ediliyor...
2026-08-31 14:51:37,116 - TRMWatchdog - INFO - [trm_worker.py] [CoreNexus] SentinelAgent_04 senkronize ediliyor...
2026-08-31 14:51:37,116 - TRMWatchdog - INFO - [trm_worker.py] [CoreNexus] SentinelAgent_06 senkronize ediliyor...
2026-08-31 14:51:37,116 - TRMWatchdog - INFO - [trm_worker.py] [CoreNexus] SentinelAgent_05 senkronize ediliyor...
2026-08-31 14:51:37,116 - TRMWatchdog - INFO - [trm_worker.py] [CoreNexus] SentinelAgent_05 senkronize ediliyor...
2026-08-31 14:51:37,116 - TRMWatchdog - INFO - [trm_worker.py] [CoreNexus] SentinelAgent_07 senkronize ediliyor...
2026-08-31 14:51:37,116 - TRMWatchdog - INFO - [trm_worker.py] [CoreNexus] SentinelAgent_06 senkronize ediliyor...
2026-08-31 14:51:37,119 - TRMWatchdog - INFO - [trm_worker.py] [CoreNexus] SentinelAgent_06 senkronize ediliyor...
2026-08-31 14:51:37,119 - TRMWatchdog - INFO - [trm_worker.py] [CoreNexus] SentinelAgent_08 senkronize ediliyor...
2026-08-31 14:51:37,119 - TRMWatchdog - INFO - [trm_worker.py] [CoreNexus] SentinelAgent_07 senkronize ediliyor...
2026-08-31 14:51:37,119 - TRMWatchdog - INFO - [trm_worker.py] [CoreNexus] SentinelAgent_07 senkronize ediliyor...
2026-08-31 14:51:37,119 - TRMWatchdog - INFO - [trm_worker.py] [CoreNexus] SentinelAgent_09 senkronize ediliyor...
2026-08-31 14:51:37,119 - TRMWatchdog - INFO - [trm_worker.py] [CoreNexus] SentinelAgent_08 senkronize ediliyor...
2026-08-31 14:51:37,119 - TRMWatchdog - INFO - [trm_worker.py] [CoreNexus] SentinelAgent_08 senkronize ediliyor...
2026-08-31 14:51:37,121 - TRMWatchdog - INFO - [trm_worker.py] [CoreNexus] SentinelAgent_10 senkronize ediliyor...
2026-08-31 14:51:37,121 - TRMWatchdog - INFO - [trm_worker.py] [CoreNexus] SentinelAgent_09 senkronize ediliyor...
2026-08-31 14:51:37,121 - TRMWatchdog - INFO - [trm_worker.py] [CoreNexus] SentinelAgent_09 senkronize ediliyor...
2026-08-31 14:51:37,121 - TRMWatchdog - INFO - [trm_worker.py] [CoreNexus] HealthCheckAgent senkronize ediliyor...
2026-08-31 14:51:37,121 - TRMWatchdog - INFO - [trm_worker.py] [CoreNexus] SentinelAgent_10 senkronize ediliyor...
2026-08-31 14:51:37,121 - TRMWatchdog - INFO - [trm_worker.py] [CoreNexus] SentinelAgent_10 senkronize ediliyor...
2026-08-31 14:51:37,121 - TRMWatchdog - INFO - [trm_worker.py] 2026-08-31 14:51:37,094 [INFO] TRMWorker: Nabiz atisi kaydedildi: {'worker_state': 'alive', 'cycle_started_at': '2026-08-31 14:51:11', 'last_cycle_at': '2026-08-31 14:51:37', 'last_mode': 'full_cycle', 'queue_summary': {'queued': 3, 'posted': 0, 'pending_retry': 0}, 'active_agents': ['CamouflageAgent', 'AccountManagerAgent', 'MarketIntelAgent_01', 'MarketIntelAgent_02', 'MarketIntelAgent_03', 'MarketIntelAgent_04', 'MarketIntelAgent_05', 'MarketIntelAgent_06', 'MarketIntelAgent_07', 'MarketIntelAgent_08', 'MarketIntelAgent_09', 'MarketIntelAgent_10', 'BridgeAgent_01', 'BridgeAgent_02', 'BridgeAgent_03', 'BridgeAgent_04', 'BridgeAgent_05', 'BridgeAgent_06', 'BridgeAgent_07', 'BridgeAgent_08', 'BridgeAgent_09', 'BridgeAgent_10', 'BridgeAgent_11', 'BridgeAgent_12', 'BridgeAgent_13', 'BridgeAgent_14', 'BridgeAgent_15', 'Content_Generator_Agent', 'QueueAgent', 'PosterAgent', 'SentinelAgent_01', 'SentinelAgent_02', 'SentinelAgent_03', 'SentinelAgent_04', 'SentinelAgent_05', 'SentinelAgent_06', 'SentinelAgent_07', 'SentinelAgent_08', 'SentinelAgent_09', 'SentinelAgent_10', 'HealthCheckAgent'], 'security_status': {'zero_trust_enabled': True, 'stealth_mode_enabled': True, 'registered_agents': ['CamouflageAgent', 'AccountManagerAgent', 'MarketIntelAgent_01', 'MarketIntelAgent_02', 'MarketIntelAgent_03', 'MarketIntelAgent_04', 'MarketIntelAgent_05', 'MarketIntelAgent_06', 'MarketIntelAgent_07', 'MarketIntelAgent_08', 'MarketIntelAgent_09', 'MarketIntelAgent_10', 'BridgeAgent_01', 'BridgeAgent_02', 'BridgeAgent_03', 'BridgeAgent_04', 'BridgeAgent_05', 'BridgeAgent_06', 'BridgeAgent_07', 'BridgeAgent_08', 'BridgeAgent_09', 'BridgeAgent_10', 'BridgeAgent_11', 'BridgeAgent_12', 'BridgeAgent_13', 'BridgeAgent_14', 'BridgeAgent_15', 'Content_Generator_Agent', 'QueueAgent', 'PosterAgent', 'SentinelAgent_01', 'SentinelAgent_02', 'SentinelAgent_03', 'SentinelAgent_04', 'SentinelAgent_05', 'SentinelAgent_06', 'SentinelAgent_07', 'SentinelAgent_08', 'SentinelAgent_09', 'SentinelAgent_10', 'HealthCheckAgent'], 'encrypted_snapshots': 7, 'protection_backend': 'windows-dpapi', 'domain': 'trm-operations.net', 'connected_agents': 41}, 'agent_capacity_snapshot': {'baseline_agents': 165, 'market_intel_agents': 10, 'bridge_agents': 15, 'sentinel_agents': 10, 'expansion_total': 35, 'total_capacity': 200}, 'heartbeat_capacity_total': 200, 'performance_metrics': {'heartbeat_speed_per_sec': 0.68, 'earnings_efficiency': 58.27, 'autonomous_success_rate': 0.0, 'active_agent_count': 41}}
2026-08-31 14:51:37,123 - TRMWatchdog - INFO - [trm_worker.py] [CoreNexus] HealthCheckAgent senkronize ediliyor...
2026-08-31 14:51:37,123 - TRMWatchdog - INFO - [trm_worker.py] [CoreNexus] HealthCheckAgent senkronize ediliyor...
2026-08-31 14:51:37,123 - TRMWatchdog - INFO - [trm_worker.py] 2026-08-31 14:51:37,094 [INFO] TRMWorker: Dongu tamamlandi | mod=full_cycle | kuyruk={'queued': 3, 'posted': 0, 'pending_retry': 0}
2026-08-31 14:51:37,123 - TRMWatchdog - INFO - [trm_worker.py] 2026-08-31 14:51:37,094 [INFO] TRMWorker: Nabiz atisi kaydedildi: {'worker_state': 'alive', 'cycle_started_at': '2026-08-31 14:51:11', 'last_cycle_at': '2026-08-31 14:51:37', 'last_mode': 'full_cycle', 'queue_summary': {'queued': 3, 'posted': 0, 'pending_retry': 0}, 'active_agents': ['CamouflageAgent', 'AccountManagerAgent', 'MarketIntelAgent_01', 'MarketIntelAgent_02', 'MarketIntelAgent_03', 'MarketIntelAgent_04', 'MarketIntelAgent_05', 'MarketIntelAgent_06', 'MarketIntelAgent_07', 'MarketIntelAgent_08', 'MarketIntelAgent_09', 'MarketIntelAgent_10', 'BridgeAgent_01', 'BridgeAgent_02', 'BridgeAgent_03', 'BridgeAgent_04', 'BridgeAgent_05', 'BridgeAgent_06', 'BridgeAgent_07', 'BridgeAgent_08', 'BridgeAgent_09', 'BridgeAgent_10', 'BridgeAgent_11', 'BridgeAgent_12', 'BridgeAgent_13', 'BridgeAgent_14', 'BridgeAgent_15', 'Content_Generator_Agent', 'QueueAgent', 'PosterAgent', 'SentinelAgent_01', 'SentinelAgent_02', 'SentinelAgent_03', 'SentinelAgent_04', 'SentinelAgent_05', 'SentinelAgent_06', 'SentinelAgent_07', 'SentinelAgent_08', 'SentinelAgent_09', 'SentinelAgent_10', 'HealthCheckAgent'], 'security_status': {'zero_trust_enabled': True, 'stealth_mode_enabled': True, 'registered_agents': ['CamouflageAgent', 'AccountManagerAgent', 'MarketIntelAgent_01', 'MarketIntelAgent_02', 'MarketIntelAgent_03', 'MarketIntelAgent_04', 'MarketIntelAgent_05', 'MarketIntelAgent_06', 'MarketIntelAgent_07', 'MarketIntelAgent_08', 'MarketIntelAgent_09', 'MarketIntelAgent_10', 'BridgeAgent_01', 'BridgeAgent_02', 'BridgeAgent_03', 'BridgeAgent_04', 'BridgeAgent_05', 'BridgeAgent_06', 'BridgeAgent_07', 'BridgeAgent_08', 'BridgeAgent_09', 'BridgeAgent_10', 'BridgeAgent_11', 'BridgeAgent_12', 'BridgeAgent_13', 'BridgeAgent_14', 'BridgeAgent_15', 'Content_Generator_Agent', 'QueueAgent', 'PosterAgent', 'SentinelAgent_01', 'SentinelAgent_02', 'SentinelAgent_03', 'SentinelAgent_04', 'SentinelAgent_05', 'SentinelAgent_06', 'SentinelAgent_07', 'SentinelAgent_08', 'SentinelAgent_09', 'SentinelAgent_10', 'HealthCheckAgent'], 'encrypted_snapshots': 7, 'protection_backend': 'windows-dpapi', 'domain': 'trm-operations.net', 'connected_agents': 41}, 'agent_capacity_snapshot': {'baseline_agents': 165, 'market_intel_agents': 10, 'bridge_agents': 15, 'sentinel_agents': 10, 'expansion_total': 35, 'total_capacity': 200}, 'heartbeat_capacity_total': 200, 'performance_metrics': {'heartbeat_speed_per_sec': 0.68, 'earnings_efficiency': 58.27, 'autonomous_success_rate': 0.0, 'active_agent_count': 41}}
2026-08-31 14:51:37,123 - TRMWatchdog - INFO - [trm_worker.py] 2026-08-31 14:51:37,094 [INFO] TRMWorker: Nabiz atisi kaydedildi: {'worker_state': 'alive', 'cycle_started_at': '2026-08-31 14:51:11', 'last_cycle_at': '2026-08-31 14:51:37', 'last_mode': 'full_cycle', 'queue_summary': {'queued': 3, 'posted': 0, 'pending_retry': 0}, 'active_agents': ['CamouflageAgent', 'AccountManagerAgent', 'MarketIntelAgent_01', 'MarketIntelAgent_02', 'MarketIntelAgent_03', 'MarketIntelAgent_04', 'MarketIntelAgent_05', 'MarketIntelAgent_06', 'MarketIntelAgent_07', 'MarketIntelAgent_08', 'MarketIntelAgent_09', 'MarketIntelAgent_10', 'BridgeAgent_01', 'BridgeAgent_02', 'BridgeAgent_03', 'BridgeAgent_04', 'BridgeAgent_05', 'BridgeAgent_06', 'BridgeAgent_07', 'BridgeAgent_08', 'BridgeAgent_09', 'BridgeAgent_10', 'BridgeAgent_11', 'BridgeAgent_12', 'BridgeAgent_13', 'BridgeAgent_14', 'BridgeAgent_15', 'Content_Generator_Agent', 'QueueAgent', 'PosterAgent', 'SentinelAgent_01', 'SentinelAgent_02', 'SentinelAgent_03', 'SentinelAgent_04', 'SentinelAgent_05', 'SentinelAgent_06', 'SentinelAgent_07', 'SentinelAgent_08', 'SentinelAgent_09', 'SentinelAgent_10', 'HealthCheckAgent'], 'security_status': {'zero_trust_enabled': True, 'stealth_mode_enabled': True, 'registered_agents': ['CamouflageAgent', 'AccountManagerAgent', 'MarketIntelAgent_01', 'MarketIntelAgent_02', 'MarketIntelAgent_03', 'MarketIntelAgent_04', 'MarketIntelAgent_05', 'MarketIntelAgent_06', 'MarketIntelAgent_07', 'MarketIntelAgent_08', 'MarketIntelAgent_09', 'MarketIntelAgent_10', 'BridgeAgent_01', 'BridgeAgent_02', 'BridgeAgent_03', 'BridgeAgent_04', 'BridgeAgent_05', 'BridgeAgent_06', 'BridgeAgent_07', 'BridgeAgent_08', 'BridgeAgent_09', 'BridgeAgent_10', 'BridgeAgent_11', 'BridgeAgent_12', 'BridgeAgent_13', 'BridgeAgent_14', 'BridgeAgent_15', 'Content_Generator_Agent', 'QueueAgent', 'PosterAgent', 'SentinelAgent_01', 'SentinelAgent_02', 'SentinelAgent_03', 'SentinelAgent_04', 'SentinelAgent_05', 'SentinelAgent_06', 'SentinelAgent_07', 'SentinelAgent_08', 'SentinelAgent_09', 'SentinelAgent_10', 'HealthCheckAgent'], 'encrypted_snapshots': 7, 'protection_backend': 'windows-dpapi', 'domain': 'trm-operations.net', 'connected_agents': 41}, 'agent_capacity_snapshot': {'baseline_agents': 165, 'market_intel_agents': 10, 'bridge_agents': 15, 'sentinel_agents': 10, 'expansion_total': 35, 'total_capacity': 200}, 'heartbeat_capacity_total': 200, 'performance_metrics': {'heartbeat_speed_per_sec': 0.68, 'earnings_efficiency': 58.27, 'autonomous_success_rate': 0.0, 'active_agent_count': 41}}
2026-08-31 14:51:37,124 - TRMWatchdog - INFO - [trm_worker.py] 2026-08-31 14:51:37,094 [INFO] TRMWorker: Dongu tamamlandi | mod=full_cycle | kuyruk={'queued': 3, 'posted': 0, 'pending_retry': 0}
2026-08-31 14:51:37,124 - TRMWatchdog - INFO - [trm_worker.py] 2026-08-31 14:51:37,094 [INFO] TRMWorker: Dongu tamamlandi | mod=full_cycle | kuyruk={'queued': 3, 'posted': 0, 'pending_retry': 0}
2026-08-31 14:51:59,961 - TRMWatchdog - INFO - === Gözcü Kontrol Döngüsü Başladı ===
2026-08-31 14:52:00,962 - TRMWatchdog - INFO - Sistem CPU: 52.3%, RAM: 86.3%, Disk: 93.1%
2026-08-31 14:52:00,962 - TRMWatchdog - WARNING - Disk kullanımı yüksek: 93.1%
2026-08-31 14:52:00,985 - TRMWatchdog - WARNING - Kritik süreç durdu: python trm_worker.py run - yeniden başlatılıyor...
2026-08-31 14:52:00,987 - TRMWatchdog - ERROR - Process python maksimum yeniden başlatma sayısına ulaştı
2026-08-31 14:52:01,175 - TRMWatchdog - WARNING - Kritik süreç durdu: python orchestrator_api.py - yeniden başlatılıyor...
2026-08-31 14:52:01,175 - TRMWatchdog - ERROR - Process python maksimum yeniden başlatma sayısına ulaştı
2026-08-31 14:52:01,231 - TRMWatchdog - INFO - python trm_worker.py run: DURDU - PID: None - TRM Worker Servisi
2026-08-31 14:52:01,231 - TRMWatchdog - INFO - python orchestrator_api.py: DURDU - PID: None - Orchestrator API Servisi
2026-08-31 14:52:01,231 - TRMWatchdog - INFO - streamlit run app.py: DURDU - PID: None - Streamlit Dashboard
2026-08-31 14:52:12,147 - TRMWatchdog - INFO - [trm_worker.py] 2026-08-31 14:52:12,112 [WARNING] social_media_automation: ⚠️ Twitter API anahtarlari eksik → mock mod
2026-08-31 14:52:12,147 - TRMWatchdog - INFO - [trm_worker.py] 2026-08-31 14:52:12,112 [WARNING] social_media_automation: ⚠️ Twitter API anahtarlari eksik → mock mod
2026-08-31 14:52:12,191 - TRMWatchdog - INFO - [trm_worker.py] 2026-08-31 14:52:12,112 [WARNING] social_media_automation: ⚠️ Twitter API anahtarlari eksik → mock mod
2026-08-31 14:52:12,191 - TRMWatchdog - INFO - [trm_worker.py] 2026-08-31 14:52:12,112 [WARNING] social_media_automation: ⚠️ Twitter API anahtarlari eksik → mock mod
2026-08-31 14:52:12,202 - TRMWatchdog - INFO - [trm_worker.py] 2026-08-31 14:52:12,112 [WARNING] social_media_automation: ⚠️ Twitter API anahtarlari eksik → mock mod
2026-08-31 14:52:12,202 - TRMWatchdog - INFO - [trm_worker.py] 2026-08-31 14:52:12,112 [WARNING] social_media_automation: ⚠️ Twitter API anahtarlari eksik → mock mod
2026-08-31 14:52:12,348 - TRMWatchdog - INFO - [trm_worker.py] [CoreNexus] MarketIntelAgent_01 başarıyla sisteme bağlandı ve denetim altına alındı.
2026-08-31 14:52:12,348 - TRMWatchdog - INFO - [trm_worker.py] [CoreNexus] MarketIntelAgent_02 başarıyla sisteme bağlandı ve denetim altına alındı.
2026-08-31 14:52:12,348 - TRMWatchdog - INFO - [trm_worker.py] [CoreNexus] MarketIntelAgent_03 başarıyla sisteme bağlandı ve denetim altına alındı.
2026-08-31 14:52:12,348 - TRMWatchdog - INFO - [trm_worker.py] [CoreNexus] MarketIntelAgent_04 başarıyla sisteme bağlandı ve denetim altına alındı.
2026-08-31 14:52:12,348 - TRMWatchdog - INFO - [trm_worker.py] [CoreNexus] MarketIntelAgent_05 başarıyla sisteme bağlandı ve denetim altına alındı.
2026-08-31 14:52:12,348 - TRMWatchdog - INFO - [trm_worker.py] [CoreNexus] MarketIntelAgent_06 başarıyla sisteme bağlandı ve denetim altına alındı.
2026-08-31 14:52:12,348 - TRMWatchdog - INFO - [trm_worker.py] [CoreNexus] MarketIntelAgent_07 başarıyla sisteme bağlandı ve denetim altına alındı.
2026-08-31 14:52:12,348 - TRMWatchdog - INFO - [trm_worker.py] [CoreNexus] MarketIntelAgent_08 başarıyla sisteme bağlandı ve denetim altına alındı.
2026-08-31 14:52:12,348 - TRMWatchdog - INFO - [trm_worker.py] [CoreNexus] MarketIntelAgent_09 başarıyla sisteme bağlandı ve denetim altına alındı.
2026-08-31 14:52:12,348 - TRMWatchdog - INFO - [trm_worker.py] [CoreNexus] MarketIntelAgent_10 başarıyla sisteme bağlandı ve denetim altına alındı.
2026-08-31 14:52:12,348 - TRMWatchdog - INFO - [trm_worker.py] [CoreNexus] BridgeAgent_01 başarıyla sisteme bağlandı ve denetim altına alındı.
2026-08-31 14:52:12,348 - TRMWatchdog - INFO - [trm_worker.py] [CoreNexus] BridgeAgent_02 başarıyla sisteme bağlandı ve denetim altına alındı.
2026-08-31 14:52:12,348 - TRMWatchdog - INFO - [trm_worker.py] [CoreNexus] BridgeAgent_03 başarıyla sisteme bağlandı ve denetim altına alındı.
2026-08-31 14:52:12,348 - TRMWatchdog - INFO - [trm_worker.py] [CoreNexus] BridgeAgent_04 başarıyla sisteme bağlandı ve denetim altına alındı.
2026-08-31 14:52:12,348 - TRMWatchdog - INFO - [trm_worker.py] [CoreNexus] BridgeAgent_05 başarıyla sisteme bağlandı ve denetim altına alındı.
2026-08-31 14:52:12,348 - TRMWatchdog - INFO - [trm_worker.py] [CoreNexus] BridgeAgent_06 başarıyla sisteme bağlandı ve denetim altına alındı.
2026-08-31 14:52:12,348 - TRMWatchdog - INFO - [trm_worker.py] [CoreNexus] BridgeAgent_07 başarıyla sisteme bağlandı ve denetim altına alındı.
2026-08-31 14:52:12,348 - TRMWatchdog - INFO - [trm_worker.py] [CoreNexus] BridgeAgent_08 başarıyla sisteme bağlandı ve denetim altına alındı.
2026-08-31 14:52:12,348 - TRMWatchdog - INFO - [trm_worker.py] [CoreNexus] BridgeAgent_09 başarıyla sisteme bağlandı ve denetim altına alındı.
2026-08-31 14:52:12,348 - TRMWatchdog - INFO - [trm_worker.py] [CoreNexus] BridgeAgent_10 başarıyla sisteme bağlandı ve denetim altına alındı.
2026-08-31 14:52:12,348 - TRMWatchdog - INFO - [trm_worker.py] [CoreNexus] BridgeAgent_11 başarıyla sisteme bağlandı ve denetim altına alındı.
2026-08-31 14:52:12,348 - TRMWatchdog - INFO - [trm_worker.py] [CoreNexus] BridgeAgent_12 başarıyla sisteme bağlandı ve denetim altına alındı.
2026-08-31 14:52:12,348 - TRMWatchdog - INFO - [trm_worker.py] [CoreNexus] BridgeAgent_13 başarıyla sisteme bağlandı ve denetim altına alındı.
2026-08-31 14:52:12,348 - TRMWatchdog - INFO - [trm_worker.py] [CoreNexus] BridgeAgent_14 başarıyla sisteme bağlandı ve denetim altına alındı.
2026-08-31 14:52:12,348 - TRMWatchdog - INFO - [trm_worker.py] [CoreNexus] BridgeAgent_15 başarıyla sisteme bağlandı ve denetim altına alındı.
2026-08-31 14:52:12,348 - TRMWatchdog - INFO - [trm_worker.py] [CoreNexus] SentinelAgent_01 başarıyla sisteme bağlandı ve denetim altına alındı.
2026-08-31 14:52:12,348 - TRMWatchdog - INFO - [trm_worker.py] [CoreNexus] SentinelAgent_02 başarıyla sisteme bağlandı ve denetim altına alındı.
2026-08-31 14:52:12,348 - TRMWatchdog - INFO - [trm_worker.py] [CoreNexus] SentinelAgent_03 başarıyla sisteme bağlandı ve denetim altına alındı.
2026-08-31 14:52:12,348 - TRMWatchdog - INFO - [trm_worker.py] [CoreNexus] SentinelAgent_04 başarıyla sisteme bağlandı ve denetim altına alındı.
2026-08-31 14:52:12,348 - TRMWatchdog - INFO - [trm_worker.py] [CoreNexus] SentinelAgent_05 başarıyla sisteme bağlandı ve denetim altına alındı.
2026-08-31 14:52:12,348 - TRMWatchdog - INFO - [trm_worker.py] [CoreNexus] SentinelAgent_06 başarıyla sisteme bağlandı ve denetim altına alındı.
2026-08-31 14:52:12,348 - TRMWatchdog - INFO - [trm_worker.py] [CoreNexus] SentinelAgent_07 başarıyla sisteme bağlandı ve denetim altına alındı.
2026-08-31 14:52:12,348 - TRMWatchdog - INFO - [trm_worker.py] [CoreNexus] SentinelAgent_08 başarıyla sisteme bağlandı ve denetim altına alındı.
2026-08-31 14:52:12,348 - TRMWatchdog - INFO - [trm_worker.py] [CoreNexus] SentinelAgent_09 başarıyla sisteme bağlandı ve denetim altına alındı.
2026-08-31 14:52:12,348 - TRMWatchdog - INFO - [trm_worker.py] [CoreNexus] SentinelAgent_10 başarıyla sisteme bağlandı ve denetim altına alındı.
2026-08-31 14:52:12,348 - TRMWatchdog - INFO - [trm_worker.py] [CoreNexus] PosterAgent başarıyla sisteme bağlandı ve denetim altına alındı.
2026-08-31 14:52:12,348 - TRMWatchdog - INFO - [trm_worker.py] [CoreNexus] HealthCheckAgent başarıyla sisteme bağlandı ve denetim altına alındı.
2026-08-31 14:52:12,355 - TRMWatchdog - INFO - [trm_worker.py] [CoreNexus] MarketIntelAgent_01 senkronize ediliyor...
2026-08-31 14:52:12,355 - TRMWatchdog - INFO - [trm_worker.py] [CoreNexus] MarketIntelAgent_02 senkronize ediliyor...
2026-08-31 14:52:12,355 - TRMWatchdog - INFO - [trm_worker.py] [CoreNexus] MarketIntelAgent_03 senkronize ediliyor...
2026-08-31 14:52:12,356 - TRMWatchdog - INFO - [trm_worker.py] [CoreNexus] MarketIntelAgent_04 senkronize ediliyor...
2026-08-31 14:52:12,356 - TRMWatchdog - INFO - [trm_worker.py] [CoreNexus] MarketIntelAgent_05 senkronize ediliyor...
2026-08-31 14:52:12,356 - TRMWatchdog - INFO - [trm_worker.py] [CoreNexus] MarketIntelAgent_06 senkronize ediliyor...
2026-08-31 14:52:12,356 - TRMWatchdog - INFO - [trm_worker.py] [CoreNexus] MarketIntelAgent_07 senkronize ediliyor...
2026-08-31 14:52:12,357 - TRMWatchdog - INFO - [trm_worker.py] [CoreNexus] MarketIntelAgent_08 senkronize ediliyor...
2026-08-31 14:52:12,357 - TRMWatchdog - INFO - [trm_worker.py] [CoreNexus] MarketIntelAgent_09 senkronize ediliyor...
2026-08-31 14:52:12,357 - TRMWatchdog - INFO - [trm_worker.py] [CoreNexus] MarketIntelAgent_10 senkronize ediliyor...
2026-08-31 14:52:12,357 - TRMWatchdog - INFO - [trm_worker.py] [CoreNexus] BridgeAgent_01 senkronize ediliyor...
2026-08-31 14:52:12,357 - TRMWatchdog - INFO - [trm_worker.py] [CoreNexus] BridgeAgent_02 senkronize ediliyor...
2026-08-31 14:52:12,358 - TRMWatchdog - INFO - [trm_worker.py] [CoreNexus] BridgeAgent_03 senkronize ediliyor...
2026-08-31 14:52:12,358 - TRMWatchdog - INFO - [trm_worker.py] [CoreNexus] BridgeAgent_04 senkronize ediliyor...
2026-08-31 14:52:12,358 - TRMWatchdog - INFO - [trm_worker.py] [CoreNexus] BridgeAgent_05 senkronize ediliyor...
2026-08-31 14:52:12,358 - TRMWatchdog - INFO - [trm_worker.py] [CoreNexus] BridgeAgent_06 senkronize ediliyor...
2026-08-31 14:52:12,358 - TRMWatchdog - INFO - [trm_worker.py] [CoreNexus] BridgeAgent_07 senkronize ediliyor...
2026-08-31 14:52:12,359 - TRMWatchdog - INFO - [trm_worker.py] [CoreNexus] BridgeAgent_08 senkronize ediliyor...
2026-08-31 14:52:12,359 - TRMWatchdog - INFO - [trm_worker.py] [CoreNexus] BridgeAgent_09 senkronize ediliyor...
2026-08-31 14:52:12,359 - TRMWatchdog - INFO - [trm_worker.py] [CoreNexus] BridgeAgent_10 senkronize ediliyor...
2026-08-31 14:52:12,359 - TRMWatchdog - INFO - [trm_worker.py] [CoreNexus] BridgeAgent_11 senkronize ediliyor...
2026-08-31 14:52:12,359 - TRMWatchdog - INFO - [trm_worker.py] [CoreNexus] BridgeAgent_12 senkronize ediliyor...
2026-08-31 14:52:12,360 - TRMWatchdog - INFO - [trm_worker.py] [CoreNexus] BridgeAgent_13 senkronize ediliyor...
2026-08-31 14:52:12,360 - TRMWatchdog - INFO - [trm_worker.py] [CoreNexus] BridgeAgent_14 senkronize ediliyor...
2026-08-31 14:52:12,360 - TRMWatchdog - INFO - [trm_worker.py] [CoreNexus] BridgeAgent_15 senkronize ediliyor...
2026-08-31 14:52:12,360 - TRMWatchdog - INFO - [trm_worker.py] [CoreNexus] SentinelAgent_01 senkronize ediliyor...
2026-08-31 14:52:12,361 - TRMWatchdog - INFO - [trm_worker.py] [CoreNexus] SentinelAgent_02 senkronize ediliyor...
2026-08-31 14:52:12,361 - TRMWatchdog - INFO - [trm_worker.py] [CoreNexus] SentinelAgent_03 senkronize ediliyor...
2026-08-31 14:52:12,361 - TRMWatchdog - INFO - [trm_worker.py] [CoreNexus] SentinelAgent_04 senkronize ediliyor...
2026-08-31 14:52:12,361 - TRMWatchdog - INFO - [trm_worker.py] [CoreNexus] SentinelAgent_05 senkronize ediliyor...
2026-08-31 14:52:12,361 - TRMWatchdog - INFO - [trm_worker.py] [CoreNexus] SentinelAgent_06 senkronize ediliyor...
2026-08-31 14:52:12,361 - TRMWatchdog - INFO - [trm_worker.py] [CoreNexus] SentinelAgent_07 senkronize ediliyor...
2026-08-31 14:52:12,362 - TRMWatchdog - INFO - [trm_worker.py] [CoreNexus] SentinelAgent_08 senkronize ediliyor...
2026-08-31 14:52:12,362 - TRMWatchdog - INFO - [trm_worker.py] [CoreNexus] SentinelAgent_09 senkronize ediliyor...
2026-08-31 14:52:12,362 - TRMWatchdog - INFO - [trm_worker.py] [CoreNexus] SentinelAgent_10 senkronize ediliyor...
2026-08-31 14:52:12,362 - TRMWatchdog - INFO - [trm_worker.py] [CoreNexus] PosterAgent senkronize ediliyor...
2026-08-31 14:52:12,362 - TRMWatchdog - INFO - [trm_worker.py] [CoreNexus] HealthCheckAgent senkronize ediliyor...
2026-08-31 14:52:12,362 - TRMWatchdog - INFO - [trm_worker.py] 2026-08-31 14:52:12,333 [INFO] TRMWorker: Nabiz atisi kaydedildi: {'worker_state': 'alive', 'cycle_started_at': '2026-08-31 14:52:12', 'last_cycle_at': '2026-08-31 14:52:12', 'last_mode': 'heartbeat_cycle', 'queue_summary': {'queued': 2, 'posted': 0, 'pending_retry': 1}, 'active_agents': ['MarketIntelAgent_01', 'MarketIntelAgent_02', 'MarketIntelAgent_03', 'MarketIntelAgent_04', 'MarketIntelAgent_05', 'MarketIntelAgent_06', 'MarketIntelAgent_07', 'MarketIntelAgent_08', 'MarketIntelAgent_09', 'MarketIntelAgent_10', 'BridgeAgent_01', 'BridgeAgent_02', 'BridgeAgent_03', 'BridgeAgent_04', 'BridgeAgent_05', 'BridgeAgent_06', 'BridgeAgent_07', 'BridgeAgent_08', 'BridgeAgent_09', 'BridgeAgent_10', 'BridgeAgent_11', 'BridgeAgent_12', 'BridgeAgent_13', 'BridgeAgent_14', 'BridgeAgent_15', 'SentinelAgent_01', 'SentinelAgent_02', 'SentinelAgent_03', 'SentinelAgent_04', 'SentinelAgent_05', 'SentinelAgent_06', 'SentinelAgent_07', 'SentinelAgent_08', 'SentinelAgent_09', 'SentinelAgent_10', 'PosterAgent', 'HealthCheckAgent'], 'security_status': {'zero_trust_enabled': True, 'stealth_mode_enabled': True, 'registered_agents': ['MarketIntelAgent_01', 'MarketIntelAgent_02', 'MarketIntelAgent_03', 'MarketIntelAgent_04', 'MarketIntelAgent_05', 'MarketIntelAgent_06', 'MarketIntelAgent_07', 'MarketIntelAgent_08', 'MarketIntelAgent_09', 'MarketIntelAgent_10', 'BridgeAgent_01', 'BridgeAgent_02', 'BridgeAgent_03', 'BridgeAgent_04', 'BridgeAgent_05', 'BridgeAgent_06', 'BridgeAgent_07', 'BridgeAgent_08', 'BridgeAgent_09', 'BridgeAgent_10', 'BridgeAgent_11', 'BridgeAgent_12', 'BridgeAgent_13', 'BridgeAgent_14', 'BridgeAgent_15', 'SentinelAgent_01', 'SentinelAgent_02', 'SentinelAgent_03', 'SentinelAgent_04', 'SentinelAgent_05', 'SentinelAgent_06', 'SentinelAgent_07', 'SentinelAgent_08', 'SentinelAgent_09', 'SentinelAgent_10', 'PosterAgent', 'HealthCheckAgent'], 'encrypted_snapshots': 1, 'protection_backend': 'windows-dpapi', 'domain': 'trm-operations.net', 'connected_agents': 37}, 'agent_capacity_snapshot': {'baseline_agents': 165, 'market_intel_agents': 10, 'bridge_agents': 15, 'sentinel_agents': 10, 'expansion_total': 35, 'total_capacity': 200}, 'heartbeat_capacity_total': 200, 'performance_metrics': {'heartbeat_speed_per_sec': 0.62, 'earnings_efficiency': 0.0, 'autonomous_success_rate': 0.0, 'active_agent_count': 37}}
2026-08-31 14:52:12,362 - TRMWatchdog - INFO - [trm_worker.py] 2026-08-31 14:52:12,333 [INFO] TRMWorker: Dongu tamamlandi | mod=heartbeat_cycle | kuyruk={'queued': 2, 'posted': 0, 'pending_retry': 1}
2026-08-31 14:52:12,393 - TRMWatchdog - INFO - [trm_worker.py] [CoreNexus] MarketIntelAgent_01 başarıyla sisteme bağlandı ve denetim altına alındı.
2026-08-31 14:52:12,393 - TRMWatchdog - INFO - [trm_worker.py] [CoreNexus] MarketIntelAgent_02 başarıyla sisteme bağlandı ve denetim altına alındı.
2026-08-31 14:52:12,393 - TRMWatchdog - INFO - [trm_worker.py] [CoreNexus] MarketIntelAgent_03 başarıyla sisteme bağlandı ve denetim altına alındı.
2026-08-31 14:52:12,394 - TRMWatchdog - INFO - [trm_worker.py] [CoreNexus] MarketIntelAgent_04 başarıyla sisteme bağlandı ve denetim altına alındı.
2026-08-31 14:52:12,394 - TRMWatchdog - INFO - [trm_worker.py] [CoreNexus] MarketIntelAgent_05 başarıyla sisteme bağlandı ve denetim altına alındı.
2026-08-31 14:52:12,394 - TRMWatchdog - INFO - [trm_worker.py] [CoreNexus] MarketIntelAgent_06 başarıyla sisteme bağlandı ve denetim altına alındı.
2026-08-31 14:52:12,394 - TRMWatchdog - INFO - [trm_worker.py] [CoreNexus] MarketIntelAgent_07 başarıyla sisteme bağlandı ve denetim altına alındı.
2026-08-31 14:52:12,394 - TRMWatchdog - INFO - [trm_worker.py] [CoreNexus] MarketIntelAgent_08 başarıyla sisteme bağlandı ve denetim altına alındı.
2026-08-31 14:52:12,394 - TRMWatchdog - INFO - [trm_worker.py] [CoreNexus] MarketIntelAgent_09 başarıyla sisteme bağlandı ve denetim altına alındı.
2026-08-31 14:52:12,394 - TRMWatchdog - INFO - [trm_worker.py] [CoreNexus] MarketIntelAgent_10 başarıyla sisteme bağlandı ve denetim altına alındı.
2026-08-31 14:52:12,394 - TRMWatchdog - INFO - [trm_worker.py] [CoreNexus] BridgeAgent_01 başarıyla sisteme bağlandı ve denetim altına alındı.
2026-08-31 14:52:12,394 - TRMWatchdog - INFO - [trm_worker.py] [CoreNexus] BridgeAgent_02 başarıyla sisteme bağlandı ve denetim altına alındı.
2026-08-31 14:52:12,394 - TRMWatchdog - INFO - [trm_worker.py] [CoreNexus] BridgeAgent_03 başarıyla sisteme bağlandı ve denetim altına alındı.
2026-08-31 14:52:12,394 - TRMWatchdog - INFO - [trm_worker.py] [CoreNexus] BridgeAgent_04 başarıyla sisteme bağlandı ve denetim altına alındı.
2026-08-31 14:52:12,394 - TRMWatchdog - INFO - [trm_worker.py] [CoreNexus] BridgeAgent_05 başarıyla sisteme bağlandı ve denetim altına alındı.
2026-08-31 14:52:12,394 - TRMWatchdog - INFO - [trm_worker.py] [CoreNexus] BridgeAgent_06 başarıyla sisteme bağlandı ve denetim altına alındı.
2026-08-31 14:52:12,394 - TRMWatchdog - INFO - [trm_worker.py] [CoreNexus] BridgeAgent_07 başarıyla sisteme bağlandı ve denetim altına alındı.
2026-08-31 14:52:12,394 - TRMWatchdog - INFO - [trm_worker.py] [CoreNexus] BridgeAgent_08 başarıyla sisteme bağlandı ve denetim altına alındı.
2026-08-31 14:52:12,394 - TRMWatchdog - INFO - [trm_worker.py] [CoreNexus] BridgeAgent_09 başarıyla sisteme bağlandı ve denetim altına alındı.
2026-08-31 14:52:12,394 - TRMWatchdog - INFO - [trm_worker.py] [CoreNexus] BridgeAgent_10 başarıyla sisteme bağlandı ve denetim altına alındı.
2026-08-31 14:52:12,394 - TRMWatchdog - INFO - [trm_worker.py] [CoreNexus] BridgeAgent_11 başarıyla sisteme bağlandı ve denetim altına alındı.
2026-08-31 14:52:12,394 - TRMWatchdog - INFO - [trm_worker.py] [CoreNexus] BridgeAgent_12 başarıyla sisteme bağlandı ve denetim altına alındı.
2026-08-31 14:52:12,394 - TRMWatchdog - INFO - [trm_worker.py] [CoreNexus] BridgeAgent_13 başarıyla sisteme bağlandı ve denetim altına alındı.
2026-08-31 14:52:12,394 - TRMWatchdog - INFO - [trm_worker.py] [CoreNexus] BridgeAgent_14 başarıyla sisteme bağlandı ve denetim altına alındı.
2026-08-31 14:52:12,394 - TRMWatchdog - INFO - [trm_worker.py] [CoreNexus] BridgeAgent_15 başarıyla sisteme bağlandı ve denetim altına alındı.
2026-08-31 14:52:12,394 - TRMWatchdog - INFO - [trm_worker.py] [CoreNexus] SentinelAgent_01 başarıyla sisteme bağlandı ve denetim altına alındı.
2026-08-31 14:52:12,394 - TRMWatchdog - INFO - [trm_worker.py] [CoreNexus] SentinelAgent_02 başarıyla sisteme bağlandı ve denetim altına alındı.
2026-08-31 14:52:12,394 - TRMWatchdog - INFO - [trm_worker.py] [CoreNexus] SentinelAgent_03 başarıyla sisteme bağlandı ve denetim altına alındı.
2026-08-31 14:52:12,394 - TRMWatchdog - INFO - [trm_worker.py] [CoreNexus] SentinelAgent_04 başarıyla sisteme bağlandı ve denetim altına alındı.
2026-08-31 14:52:12,394 - TRMWatchdog - INFO - [trm_worker.py] [CoreNexus] SentinelAgent_05 başarıyla sisteme bağlandı ve denetim altına alındı.
2026-08-31 14:52:12,394 - TRMWatchdog - INFO - [trm_worker.py] [CoreNexus] SentinelAgent_06 başarıyla sisteme bağlandı ve denetim altına alındı.
2026-08-31 14:52:12,394 - TRMWatchdog - INFO - [trm_worker.py] [CoreNexus] SentinelAgent_07 başarıyla sisteme bağlandı ve denetim altına alındı.
2026-08-31 14:52:12,394 - TRMWatchdog - INFO - [trm_worker.py] [CoreNexus] SentinelAgent_08 başarıyla sisteme bağlandı ve denetim altına alındı.
2026-08-31 14:52:12,394 - TRMWatchdog - INFO - [trm_worker.py] [CoreNexus] SentinelAgent_09 başarıyla sisteme bağlandı ve denetim altına alındı.
2026-08-31 14:52:12,394 - TRMWatchdog - INFO - [trm_worker.py] [CoreNexus] SentinelAgent_10 başarıyla sisteme bağlandı ve denetim altına alındı.
2026-08-31 14:52:12,394 - TRMWatchdog - INFO - [trm_worker.py] [CoreNexus] PosterAgent başarıyla sisteme bağlandı ve denetim altına alındı.
2026-08-31 14:52:12,394 - TRMWatchdog - INFO - [trm_worker.py] [CoreNexus] HealthCheckAgent başarıyla sisteme bağlandı ve denetim altına alındı.
2026-08-31 14:52:12,394 - TRMWatchdog - INFO - [trm_worker.py] [CoreNexus] MarketIntelAgent_01 senkronize ediliyor...
2026-08-31 14:52:12,400 - TRMWatchdog - INFO - [trm_worker.py] [CoreNexus] MarketIntelAgent_02 senkronize ediliyor...
2026-08-31 14:52:12,400 - TRMWatchdog - INFO - [trm_worker.py] [CoreNexus] MarketIntelAgent_03 senkronize ediliyor...
2026-08-31 14:52:12,400 - TRMWatchdog - INFO - [trm_worker.py] [CoreNexus] MarketIntelAgent_04 senkronize ediliyor...
2026-08-31 14:52:12,400 - TRMWatchdog - INFO - [trm_worker.py] [CoreNexus] MarketIntelAgent_05 senkronize ediliyor...
2026-08-31 14:52:12,400 - TRMWatchdog - INFO - [trm_worker.py] [CoreNexus] MarketIntelAgent_06 senkronize ediliyor...
2026-08-31 14:52:12,400 - TRMWatchdog - INFO - [trm_worker.py] [CoreNexus] MarketIntelAgent_07 senkronize ediliyor...
2026-08-31 14:52:12,400 - TRMWatchdog - INFO - [trm_worker.py] [CoreNexus] MarketIntelAgent_08 senkronize ediliyor...
2026-08-31 14:52:12,400 - TRMWatchdog - INFO - [trm_worker.py] [CoreNexus] MarketIntelAgent_09 senkronize ediliyor...
2026-08-31 14:52:12,400 - TRMWatchdog - INFO - [trm_worker.py] [CoreNexus] MarketIntelAgent_10 senkronize ediliyor...
2026-08-31 14:52:12,400 - TRMWatchdog - INFO - [trm_worker.py] [CoreNexus] BridgeAgent_01 senkronize ediliyor...
2026-08-31 14:52:12,400 - TRMWatchdog - INFO - [trm_worker.py] [CoreNexus] BridgeAgent_02 senkronize ediliyor...
2026-08-31 14:52:12,400 - TRMWatchdog - INFO - [trm_worker.py] [CoreNexus] BridgeAgent_03 senkronize ediliyor...
2026-08-31 14:52:12,402 - TRMWatchdog - INFO - [trm_worker.py] [CoreNexus] BridgeAgent_04 senkronize ediliyor...
2026-08-31 14:52:12,402 - TRMWatchdog - INFO - [trm_worker.py] [CoreNexus] BridgeAgent_05 senkronize ediliyor...
2026-08-31 14:52:12,402 - TRMWatchdog - INFO - [trm_worker.py] [CoreNexus] BridgeAgent_06 senkronize ediliyor...
2026-08-31 14:52:12,402 - TRMWatchdog - INFO - [trm_worker.py] [CoreNexus] BridgeAgent_07 senkronize ediliyor...
2026-08-31 14:52:12,402 - TRMWatchdog - INFO - [trm_worker.py] [CoreNexus] BridgeAgent_08 senkronize ediliyor...
2026-08-31 14:52:12,402 - TRMWatchdog - INFO - [trm_worker.py] [CoreNexus] BridgeAgent_09 senkronize ediliyor...
2026-08-31 14:52:12,402 - TRMWatchdog - INFO - [trm_worker.py] [CoreNexus] BridgeAgent_10 senkronize ediliyor...
2026-08-31 14:52:12,402 - TRMWatchdog - INFO - [trm_worker.py] [CoreNexus] BridgeAgent_11 senkronize ediliyor...
2026-08-31 14:52:12,403 - TRMWatchdog - INFO - [trm_worker.py] [CoreNexus] MarketIntelAgent_01 başarıyla sisteme bağlandı ve denetim altına alındı.
2026-08-31 14:52:12,403 - TRMWatchdog - INFO - [trm_worker.py] [CoreNexus] BridgeAgent_12 senkronize ediliyor...
2026-08-31 14:52:12,403 - TRMWatchdog - INFO - [trm_worker.py] [CoreNexus] MarketIntelAgent_02 başarıyla sisteme bağlandı ve denetim altına alındı.
2026-08-31 14:52:12,403 - TRMWatchdog - INFO - [trm_worker.py] [CoreNexus] BridgeAgent_13 senkronize ediliyor...
2026-08-31 14:52:12,403 - TRMWatchdog - INFO - [trm_worker.py] [CoreNexus] MarketIntelAgent_03 başarıyla sisteme bağlandı ve denetim altına alındı.
2026-08-31 14:52:12,403 - TRMWatchdog - INFO - [trm_worker.py] [CoreNexus] BridgeAgent_14 senkronize ediliyor...
2026-08-31 14:52:12,403 - TRMWatchdog - INFO - [trm_worker.py] [CoreNexus] MarketIntelAgent_04 başarıyla sisteme bağlandı ve denetim altına alındı.
2026-08-31 14:52:12,403 - TRMWatchdog - INFO - [trm_worker.py] [CoreNexus] BridgeAgent_15 senkronize ediliyor...
2026-08-31 14:52:12,405 - TRMWatchdog - INFO - [trm_worker.py] [CoreNexus] MarketIntelAgent_05 başarıyla sisteme bağlandı ve denetim altına alındı.
2026-08-31 14:52:12,405 - TRMWatchdog - INFO - [trm_worker.py] [CoreNexus] SentinelAgent_01 senkronize ediliyor...
2026-08-31 14:52:12,405 - TRMWatchdog - INFO - [trm_worker.py] [CoreNexus] MarketIntelAgent_06 başarıyla sisteme bağlandı ve denetim altına alındı.
2026-08-31 14:52:12,405 - TRMWatchdog - INFO - [trm_worker.py] [CoreNexus] SentinelAgent_02 senkronize ediliyor...
2026-08-31 14:52:12,406 - TRMWatchdog - INFO - [trm_worker.py] [CoreNexus] MarketIntelAgent_07 başarıyla sisteme bağlandı ve denetim altına alındı.
2026-08-31 14:52:12,406 - TRMWatchdog - INFO - [trm_worker.py] [CoreNexus] SentinelAgent_03 senkronize ediliyor...
2026-08-31 14:52:12,407 - TRMWatchdog - INFO - [trm_worker.py] [CoreNexus] MarketIntelAgent_08 başarıyla sisteme bağlandı ve denetim altına alındı.
2026-08-31 14:52:12,407 - TRMWatchdog - INFO - [trm_worker.py] [CoreNexus] SentinelAgent_04 senkronize ediliyor...
2026-08-31 14:52:12,407 - TRMWatchdog - INFO - [trm_worker.py] [CoreNexus] MarketIntelAgent_09 başarıyla sisteme bağlandı ve denetim altına alındı.
2026-08-31 14:52:12,407 - TRMWatchdog - INFO - [trm_worker.py] [CoreNexus] SentinelAgent_05 senkronize ediliyor...
2026-08-31 14:52:12,408 - TRMWatchdog - INFO - [trm_worker.py] [CoreNexus] MarketIntelAgent_10 başarıyla sisteme bağlandı ve denetim altına alındı.
2026-08-31 14:52:12,408 - TRMWatchdog - INFO - [trm_worker.py] [CoreNexus] SentinelAgent_06 senkronize ediliyor...
2026-08-31 14:52:12,408 - TRMWatchdog - INFO - [trm_worker.py] [CoreNexus] BridgeAgent_01 başarıyla sisteme bağlandı ve denetim altına alındı.
2026-08-31 14:52:12,408 - TRMWatchdog - INFO - [trm_worker.py] [CoreNexus] SentinelAgent_07 senkronize ediliyor...
2026-08-31 14:52:12,408 - TRMWatchdog - INFO - [trm_worker.py] [CoreNexus] BridgeAgent_02 başarıyla sisteme bağlandı ve denetim altına alındı.
2026-08-31 14:52:12,408 - TRMWatchdog - INFO - [trm_worker.py] [CoreNexus] SentinelAgent_08 senkronize ediliyor...
2026-08-31 14:52:12,408 - TRMWatchdog - INFO - [trm_worker.py] [CoreNexus] BridgeAgent_03 başarıyla sisteme bağlandı ve denetim altına alındı.
2026-08-31 14:52:12,408 - TRMWatchdog - INFO - [trm_worker.py] [CoreNexus] SentinelAgent_09 senkronize ediliyor...
2026-08-31 14:52:12,408 - TRMWatchdog - INFO - [trm_worker.py] [CoreNexus] BridgeAgent_04 başarıyla sisteme bağlandı ve denetim altına alındı.
2026-08-31 14:52:12,408 - TRMWatchdog - INFO - [trm_worker.py] [CoreNexus] SentinelAgent_10 senkronize ediliyor...
2026-08-31 14:52:12,410 - TRMWatchdog - INFO - [trm_worker.py] [CoreNexus] BridgeAgent_05 başarıyla sisteme bağlandı ve denetim altına alındı.
2026-08-31 14:52:12,410 - TRMWatchdog - INFO - [trm_worker.py] [CoreNexus] PosterAgent senkronize ediliyor...
2026-08-31 14:52:12,410 - TRMWatchdog - INFO - [trm_worker.py] [CoreNexus] BridgeAgent_06 başarıyla sisteme bağlandı ve denetim altına alındı.
2026-08-31 14:52:12,410 - TRMWatchdog - INFO - [trm_worker.py] [CoreNexus] HealthCheckAgent senkronize ediliyor...
2026-08-31 14:52:12,411 - TRMWatchdog - INFO - [trm_worker.py] [CoreNexus] BridgeAgent_07 başarıyla sisteme bağlandı ve denetim altına alındı.
2026-08-31 14:52:12,411 - TRMWatchdog - INFO - [trm_worker.py] 2026-08-31 14:52:12,333 [INFO] TRMWorker: Nabiz atisi kaydedildi: {'worker_state': 'alive', 'cycle_started_at': '2026-08-31 14:52:12', 'last_cycle_at': '2026-08-31 14:52:12', 'last_mode': 'heartbeat_cycle', 'queue_summary': {'queued': 2, 'posted': 0, 'pending_retry': 1}, 'active_agents': ['MarketIntelAgent_01', 'MarketIntelAgent_02', 'MarketIntelAgent_03', 'MarketIntelAgent_04', 'MarketIntelAgent_05', 'MarketIntelAgent_06', 'MarketIntelAgent_07', 'MarketIntelAgent_08', 'MarketIntelAgent_09', 'MarketIntelAgent_10', 'BridgeAgent_01', 'BridgeAgent_02', 'BridgeAgent_03', 'BridgeAgent_04', 'BridgeAgent_05', 'BridgeAgent_06', 'BridgeAgent_07', 'BridgeAgent_08', 'BridgeAgent_09', 'BridgeAgent_10', 'BridgeAgent_11', 'BridgeAgent_12', 'BridgeAgent_13', 'BridgeAgent_14', 'BridgeAgent_15', 'SentinelAgent_01', 'SentinelAgent_02', 'SentinelAgent_03', 'SentinelAgent_04', 'SentinelAgent_05', 'SentinelAgent_06', 'SentinelAgent_07', 'SentinelAgent_08', 'SentinelAgent_09', 'SentinelAgent_10', 'PosterAgent', 'HealthCheckAgent'], 'security_status': {'zero_trust_enabled': True, 'stealth_mode_enabled': True, 'registered_agents': ['MarketIntelAgent_01', 'MarketIntelAgent_02', 'MarketIntelAgent_03', 'MarketIntelAgent_04', 'MarketIntelAgent_05', 'MarketIntelAgent_06', 'MarketIntelAgent_07', 'MarketIntelAgent_08', 'MarketIntelAgent_09', 'MarketIntelAgent_10', 'BridgeAgent_01', 'BridgeAgent_02', 'BridgeAgent_03', 'BridgeAgent_04', 'BridgeAgent_05', 'BridgeAgent_06', 'BridgeAgent_07', 'BridgeAgent_08', 'BridgeAgent_09', 'BridgeAgent_10', 'BridgeAgent_11', 'BridgeAgent_12', 'BridgeAgent_13', 'BridgeAgent_14', 'BridgeAgent_15', 'SentinelAgent_01', 'SentinelAgent_02', 'SentinelAgent_03', 'SentinelAgent_04', 'SentinelAgent_05', 'SentinelAgent_06', 'SentinelAgent_07', 'SentinelAgent_08', 'SentinelAgent_09', 'SentinelAgent_10', 'PosterAgent', 'HealthCheckAgent'], 'encrypted_snapshots': 1, 'protection_backend': 'windows-dpapi', 'domain': 'trm-operations.net', 'connected_agents': 37}, 'agent_capacity_snapshot': {'baseline_agents': 165, 'market_intel_agents': 10, 'bridge_agents': 15, 'sentinel_agents': 10, 'expansion_total': 35, 'total_capacity': 200}, 'heartbeat_capacity_total': 200, 'performance_metrics': {'heartbeat_speed_per_sec': 0.62, 'earnings_efficiency': 0.0, 'autonomous_success_rate': 0.0, 'active_agent_count': 37}}
2026-08-31 14:52:12,411 - TRMWatchdog - INFO - [trm_worker.py] [CoreNexus] BridgeAgent_08 başarıyla sisteme bağlandı ve denetim altına alındı.
2026-08-31 14:52:12,411 - TRMWatchdog - INFO - [trm_worker.py] 2026-08-31 14:52:12,333 [INFO] TRMWorker: Dongu tamamlandi | mod=heartbeat_cycle | kuyruk={'queued': 2, 'posted': 0, 'pending_retry': 1}
2026-08-31 14:52:12,412 - TRMWatchdog - INFO - [trm_worker.py] [CoreNexus] BridgeAgent_09 başarıyla sisteme bağlandı ve denetim altına alındı.
2026-08-31 14:52:12,412 - TRMWatchdog - INFO - [trm_worker.py] [CoreNexus] BridgeAgent_10 başarıyla sisteme bağlandı ve denetim altına alındı.
2026-08-31 14:52:12,412 - TRMWatchdog - INFO - [trm_worker.py] [CoreNexus] BridgeAgent_11 başarıyla sisteme bağlandı ve denetim altına alındı.
2026-08-31 14:52:12,412 - TRMWatchdog - INFO - [trm_worker.py] [CoreNexus] BridgeAgent_12 başarıyla sisteme bağlandı ve denetim altına alındı.
2026-08-31 14:52:12,412 - TRMWatchdog - INFO - [trm_worker.py] [CoreNexus] BridgeAgent_13 başarıyla sisteme bağlandı ve denetim altına alındı.
2026-08-31 14:52:12,412 - TRMWatchdog - INFO - [trm_worker.py] [CoreNexus] BridgeAgent_14 başarıyla sisteme bağlandı ve denetim altına alındı.
2026-08-31 14:52:12,412 - TRMWatchdog - INFO - [trm_worker.py] [CoreNexus] BridgeAgent_15 başarıyla sisteme bağlandı ve denetim altına alındı.
2026-08-31 14:52:12,412 - TRMWatchdog - INFO - [trm_worker.py] [CoreNexus] SentinelAgent_01 başarıyla sisteme bağlandı ve denetim altına alındı.
2026-08-31 14:52:12,412 - TRMWatchdog - INFO - [trm_worker.py] [CoreNexus] SentinelAgent_02 başarıyla sisteme bağlandı ve denetim altına alındı.
2026-08-31 14:52:12,412 - TRMWatchdog - INFO - [trm_worker.py] [CoreNexus] SentinelAgent_03 başarıyla sisteme bağlandı ve denetim altına alındı.
2026-08-31 14:52:12,412 - TRMWatchdog - INFO - [trm_worker.py] [CoreNexus] SentinelAgent_04 başarıyla sisteme bağlandı ve denetim altına alındı.
2026-08-31 14:52:12,412 - TRMWatchdog - INFO - [trm_worker.py] [CoreNexus] SentinelAgent_05 başarıyla sisteme bağlandı ve denetim altına alındı.
2026-08-31 14:52:12,412 - TRMWatchdog - INFO - [trm_worker.py] [CoreNexus] SentinelAgent_06 başarıyla sisteme bağlandı ve denetim altına alındı.
2026-08-31 14:52:12,412 - TRMWatchdog - INFO - [trm_worker.py] [CoreNexus] SentinelAgent_07 başarıyla sisteme bağlandı ve denetim altına alındı.
2026-08-31 14:52:12,412 - TRMWatchdog - INFO - [trm_worker.py] [CoreNexus] SentinelAgent_08 başarıyla sisteme bağlandı ve denetim altına alındı.
2026-08-31 14:52:12,412 - TRMWatchdog - INFO - [trm_worker.py] [CoreNexus] SentinelAgent_09 başarıyla sisteme bağlandı ve denetim altına alındı.
2026-08-31 14:52:12,412 - TRMWatchdog - INFO - [trm_worker.py] [CoreNexus] SentinelAgent_10 başarıyla sisteme bağlandı ve denetim altına alındı.
2026-08-31 14:52:12,412 - TRMWatchdog - INFO - [trm_worker.py] [CoreNexus] PosterAgent başarıyla sisteme bağlandı ve denetim altına alındı.
2026-08-31 14:52:12,412 - TRMWatchdog - INFO - [trm_worker.py] [CoreNexus] HealthCheckAgent başarıyla sisteme bağlandı ve denetim altına alındı.
2026-08-31 14:52:12,412 - TRMWatchdog - INFO - [trm_worker.py] [CoreNexus] MarketIntelAgent_01 senkronize ediliyor...
2026-08-31 14:52:12,412 - TRMWatchdog - INFO - [trm_worker.py] [CoreNexus] MarketIntelAgent_02 senkronize ediliyor...
2026-08-31 14:52:12,416 - TRMWatchdog - INFO - [trm_worker.py] [CoreNexus] MarketIntelAgent_03 senkronize ediliyor...
2026-08-31 14:52:12,416 - TRMWatchdog - INFO - [trm_worker.py] [CoreNexus] MarketIntelAgent_04 senkronize ediliyor...
2026-08-31 14:52:12,416 - TRMWatchdog - INFO - [trm_worker.py] [CoreNexus] MarketIntelAgent_05 senkronize ediliyor...
2026-08-31 14:52:12,416 - TRMWatchdog - INFO - [trm_worker.py] [CoreNexus] MarketIntelAgent_06 senkronize ediliyor...
2026-08-31 14:52:12,416 - TRMWatchdog - INFO - [trm_worker.py] [CoreNexus] MarketIntelAgent_07 senkronize ediliyor...
2026-08-31 14:52:12,416 - TRMWatchdog - INFO - [trm_worker.py] [CoreNexus] MarketIntelAgent_08 senkronize ediliyor...
2026-08-31 14:52:12,416 - TRMWatchdog - INFO - [trm_worker.py] [CoreNexus] MarketIntelAgent_09 senkronize ediliyor...
2026-08-31 14:52:12,416 - TRMWatchdog - INFO - [trm_worker.py] [CoreNexus] MarketIntelAgent_10 senkronize ediliyor...
2026-08-31 14:52:12,416 - TRMWatchdog - INFO - [trm_worker.py] [CoreNexus] BridgeAgent_01 senkronize ediliyor...
2026-08-31 14:52:12,416 - TRMWatchdog - INFO - [trm_worker.py] [CoreNexus] BridgeAgent_02 senkronize ediliyor...
2026-08-31 14:52:12,416 - TRMWatchdog - INFO - [trm_worker.py] [CoreNexus] BridgeAgent_03 senkronize ediliyor...
2026-08-31 14:52:12,416 - TRMWatchdog - INFO - [trm_worker.py] [CoreNexus] BridgeAgent_04 senkronize ediliyor...
2026-08-31 14:52:12,416 - TRMWatchdog - INFO - [trm_worker.py] [CoreNexus] BridgeAgent_05 senkronize ediliyor...
2026-08-31 14:52:12,416 - TRMWatchdog - INFO - [trm_worker.py] [CoreNexus] BridgeAgent_06 senkronize ediliyor...
2026-08-31 14:52:12,419 - TRMWatchdog - INFO - [trm_worker.py] [CoreNexus] BridgeAgent_07 senkronize ediliyor...
2026-08-31 14:52:12,419 - TRMWatchdog - INFO - [trm_worker.py] [CoreNexus] BridgeAgent_08 senkronize ediliyor...
2026-08-31 14:52:12,419 - TRMWatchdog - INFO - [trm_worker.py] [CoreNexus] BridgeAgent_09 senkronize ediliyor...
2026-08-31 14:52:12,419 - TRMWatchdog - INFO - [trm_worker.py] [CoreNexus] BridgeAgent_10 senkronize ediliyor...
2026-08-31 14:52:12,419 - TRMWatchdog - INFO - [trm_worker.py] [CoreNexus] BridgeAgent_11 senkronize ediliyor...
2026-08-31 14:52:12,419 - TRMWatchdog - INFO - [trm_worker.py] [CoreNexus] BridgeAgent_12 senkronize ediliyor...
2026-08-31 14:52:12,419 - TRMWatchdog - INFO - [trm_worker.py] [CoreNexus] BridgeAgent_13 senkronize ediliyor...
2026-08-31 14:52:12,419 - TRMWatchdog - INFO - [trm_worker.py] [CoreNexus] BridgeAgent_14 senkronize ediliyor...
2026-08-31 14:52:12,419 - TRMWatchdog - INFO - [trm_worker.py] [CoreNexus] BridgeAgent_15 senkronize ediliyor...
2026-08-31 14:52:12,421 - TRMWatchdog - INFO - [trm_worker.py] [CoreNexus] SentinelAgent_01 senkronize ediliyor...
2026-08-31 14:52:12,421 - TRMWatchdog - INFO - [trm_worker.py] [CoreNexus] SentinelAgent_02 senkronize ediliyor...
2026-08-31 14:52:12,421 - TRMWatchdog - INFO - [trm_worker.py] [CoreNexus] SentinelAgent_03 senkronize ediliyor...
2026-08-31 14:52:12,421 - TRMWatchdog - INFO - [trm_worker.py] [CoreNexus] SentinelAgent_04 senkronize ediliyor...
2026-08-31 14:52:12,421 - TRMWatchdog - INFO - [trm_worker.py] [CoreNexus] SentinelAgent_05 senkronize ediliyor...
2026-08-31 14:52:12,421 - TRMWatchdog - INFO - [trm_worker.py] [CoreNexus] SentinelAgent_06 senkronize ediliyor...
2026-08-31 14:52:12,421 - TRMWatchdog - INFO - [trm_worker.py] [CoreNexus] SentinelAgent_07 senkronize ediliyor...
2026-08-31 14:52:12,421 - TRMWatchdog - INFO - [trm_worker.py] [CoreNexus] SentinelAgent_08 senkronize ediliyor...
2026-08-31 14:52:12,423 - TRMWatchdog - INFO - [trm_worker.py] [CoreNexus] SentinelAgent_09 senkronize ediliyor...
2026-08-31 14:52:12,423 - TRMWatchdog - INFO - [trm_worker.py] [CoreNexus] SentinelAgent_10 senkronize ediliyor...
2026-08-31 14:52:12,423 - TRMWatchdog - INFO - [trm_worker.py] [CoreNexus] PosterAgent senkronize ediliyor...
2026-08-31 14:52:12,423 - TRMWatchdog - INFO - [trm_worker.py] [CoreNexus] HealthCheckAgent senkronize ediliyor...
2026-08-31 14:52:12,423 - TRMWatchdog - INFO - [trm_worker.py] 2026-08-31 14:52:12,333 [INFO] TRMWorker: Nabiz atisi kaydedildi: {'worker_state': 'alive', 'cycle_started_at': '2026-08-31 14:52:12', 'last_cycle_at': '2026-08-31 14:52:12', 'last_mode': 'heartbeat_cycle', 'queue_summary': {'queued': 2, 'posted': 0, 'pending_retry': 1}, 'active_agents': ['MarketIntelAgent_01', 'MarketIntelAgent_02', 'MarketIntelAgent_03', 'MarketIntelAgent_04', 'MarketIntelAgent_05', 'MarketIntelAgent_06', 'MarketIntelAgent_07', 'MarketIntelAgent_08', 'MarketIntelAgent_09', 'MarketIntelAgent_10', 'BridgeAgent_01', 'BridgeAgent_02', 'BridgeAgent_03', 'BridgeAgent_04', 'BridgeAgent_05', 'BridgeAgent_06', 'BridgeAgent_07', 'BridgeAgent_08', 'BridgeAgent_09', 'BridgeAgent_10', 'BridgeAgent_11', 'BridgeAgent_12', 'BridgeAgent_13', 'BridgeAgent_14', 'BridgeAgent_15', 'SentinelAgent_01', 'SentinelAgent_02', 'SentinelAgent_03', 'SentinelAgent_04', 'SentinelAgent_05', 'SentinelAgent_06', 'SentinelAgent_07', 'SentinelAgent_08', 'SentinelAgent_09', 'SentinelAgent_10', 'PosterAgent', 'HealthCheckAgent'], 'security_status': {'zero_trust_enabled': True, 'stealth_mode_enabled': True, 'registered_agents': ['MarketIntelAgent_01', 'MarketIntelAgent_02', 'MarketIntelAgent_03', 'MarketIntelAgent_04', 'MarketIntelAgent_05', 'MarketIntelAgent_06', 'MarketIntelAgent_07', 'MarketIntelAgent_08', 'MarketIntelAgent_09', 'MarketIntelAgent_10', 'BridgeAgent_01', 'BridgeAgent_02', 'BridgeAgent_03', 'BridgeAgent_04', 'BridgeAgent_05', 'BridgeAgent_06', 'BridgeAgent_07', 'BridgeAgent_08', 'BridgeAgent_09', 'BridgeAgent_10', 'BridgeAgent_11', 'BridgeAgent_12', 'BridgeAgent_13', 'BridgeAgent_14', 'BridgeAgent_15', 'SentinelAgent_01', 'SentinelAgent_02', 'SentinelAgent_03', 'SentinelAgent_04', 'SentinelAgent_05', 'SentinelAgent_06', 'SentinelAgent_07', 'SentinelAgent_08', 'SentinelAgent_09', 'SentinelAgent_10', 'PosterAgent', 'HealthCheckAgent'], 'encrypted_snapshots': 1, 'protection_backend': 'windows-dpapi', 'domain': 'trm-operations.net', 'connected_agents': 37}, 'agent_capacity_snapshot': {'baseline_agents': 165, 'market_intel_agents': 10, 'bridge_agents': 15, 'sentinel_agents': 10, 'expansion_total': 35, 'total_capacity': 200}, 'heartbeat_capacity_total': 200, 'performance_metrics': {'heartbeat_speed_per_sec': 0.62, 'earnings_efficiency': 0.0, 'autonomous_success_rate': 0.0, 'active_agent_count': 37}}
2026-08-31 14:52:12,424 - TRMWatchdog - INFO - [trm_worker.py] 2026-08-31 14:52:12,333 [INFO] TRMWorker: Dongu tamamlandi | mod=heartbeat_cycle | kuyruk={'queued': 2, 'posted': 0, 'pending_retry': 1}
